#  3D Slicer output. SPACE=LPS

mtllib fem_cond_r.mtl

v -0.021821 -0.017043 0.027982
v -0.020933 -0.017859 0.028368
v -0.020607 -0.017120 0.027967
v -0.018368 -0.019690 0.029085
v -0.018203 -0.018562 0.028364
v -0.019585 -0.018274 0.028540
v -0.021014 -0.020135 0.028796
v -0.020769 -0.020588 0.028876
v -0.020501 -0.020257 0.028916
v -0.021819 -0.019711 0.028542
v -0.022154 -0.019478 0.028414
v -0.022289 -0.020117 0.028398
v -0.020043 -0.018115 0.028552
v -0.020200 -0.017819 0.028403
v -0.020156 -0.021107 0.029055
v -0.019220 -0.021507 0.029345
v -0.019832 -0.020848 0.029133
v -0.020433 -0.018688 0.028665
v -0.021389 -0.018624 0.028484
v -0.019189 -0.020391 0.029222
v -0.021561 -0.019481 0.028576
v -0.019529 -0.018876 0.028824
v -0.013283 -0.024100 0.031067
v -0.012646 -0.024067 0.031039
v -0.014989 -0.023194 0.030530
v -0.017407 -0.021579 0.029788
v -0.016966 -0.022485 0.030044
v -0.018134 -0.021631 0.029656
v -0.018309 -0.020946 0.029482
v -0.018607 -0.021136 0.029472
v -0.013460 -0.024670 0.031116
v -0.016618 -0.021314 0.029801
v -0.023390 -0.015570 0.027324
v -0.022028 -0.014931 0.026807
v -0.024186 -0.014325 0.026768
v -0.024600 -0.015620 0.027268
v -0.024641 -0.016695 0.027448
v -0.024068 -0.016145 0.027492
v -0.020463 -0.019793 0.028877
v -0.027723 0.005313 0.017470
v -0.027852 0.006115 0.017667
v -0.027836 0.005146 0.018237
v -0.012636 -0.024460 0.031280
v -0.012282 -0.024984 0.031481
v -0.011384 -0.025431 0.031690
v -0.012175 -0.024748 0.031428
v -0.011336 -0.025147 0.031462
v -0.010778 -0.025619 0.031718
v -0.011074 -0.025341 0.030431
v -0.021739 -0.017644 0.028212
v -0.022018 -0.016193 0.027582
v -0.011763 -0.025578 0.031644
v -0.011478 -0.025828 0.031719
v -0.021281 -0.020131 0.028731
v -0.021617 -0.020108 0.028630
v -0.021555 -0.020462 0.028632
v -0.010795 -0.025968 0.031895
v -0.011169 -0.026284 0.031810
v -0.010770 -0.026449 0.031843
v -0.018705 -0.021885 0.029517
v -0.019283 -0.022251 0.029288
v -0.019583 -0.021776 0.029208
v -0.013656 -0.023194 0.030596
v -0.013196 -0.023258 0.030208
v -0.029109 0.021567 -0.018549
v -0.029108 0.020954 -0.019568
v -0.029107 0.021301 -0.019407
v -0.010732 -0.025747 0.031908
v -0.010495 -0.025855 0.031985
v -0.010485 -0.025962 0.031975
v -0.010243 -0.026185 0.031840
v -0.010358 -0.025939 0.032032
v -0.010385 -0.025975 0.031999
v -0.010267 -0.026028 0.032032
v -0.021164 -0.021405 0.028703
v -0.020175 -0.021841 0.029012
v -0.020767 -0.022754 0.028761
v -0.014893 -0.023986 0.030679
v -0.012107 -0.026888 0.031532
v -0.010227 -0.027473 0.032072
v -0.010379 -0.025928 0.031970
v -0.010575 -0.025872 0.031977
v -0.029174 0.020885 -0.019986
v -0.029143 0.020584 -0.019938
v -0.029334 0.020482 -0.020249
v -0.011815 -0.025198 0.031608
v -0.011248 -0.025939 0.031784
v -0.015722 -0.023604 0.030433
v -0.017027 -0.022974 0.030045
v -0.017762 -0.022517 0.029810
v -0.017059 -0.024491 0.030016
v -0.017474 -0.022091 0.029887
v -0.018653 -0.021576 0.029514
v -0.021205 -0.020539 0.028742
v -0.016733 -0.020670 0.029540
v -0.012860 -0.025702 0.031321
v -0.014762 -0.025441 0.030711
v -0.012535 -0.025154 0.031422
v -0.026443 -0.008999 -0.030466
v -0.026338 -0.009725 -0.030449
v -0.026541 -0.009161 -0.030887
v -0.026540 -0.008247 -0.029943
v -0.026674 -0.008355 -0.030584
v -0.027075 -0.007085 -0.030237
v -0.028060 0.008715 0.014884
v -0.028140 0.009230 0.014539
v -0.028582 0.008927 0.015998
v -0.028750 0.013386 0.012442
v -0.028310 0.012697 0.011090
v -0.028493 0.014307 0.009067
v -0.028164 0.011098 0.011717
v -0.028285 0.012006 0.012140
v -0.028133 0.011155 0.012237
v -0.028205 0.011587 0.010657
v -0.028169 0.011393 0.011465
v -0.028177 0.011187 0.011231
v -0.028147 0.011143 0.011458
v -0.028166 0.011060 0.011441
v -0.028163 0.011038 0.013092
v -0.028629 0.011919 0.013684
v -0.028324 0.011096 0.013942
v -0.028159 0.010881 0.012100
v -0.028104 0.010906 0.012303
v -0.028825 0.011032 0.014754
v -0.028128 0.010707 0.013668
v -0.028299 0.013620 0.006933
v -0.028294 0.012695 0.005066
v -0.028454 0.015793 0.004277
v -0.028585 0.016496 0.008659
v -0.028774 0.017499 0.008950
v -0.028703 0.016626 0.009663
v -0.028282 0.013060 0.008144
v -0.028245 0.012085 0.007367
v -0.028405 0.014721 0.001490
v -0.028426 0.013794 -0.001395
v -0.028840 0.018395 -0.000252
v -0.028325 0.013982 0.003098
v -0.028301 0.012802 0.001858
v -0.028493 0.013789 -0.023173
v -0.028415 0.013072 -0.023488
v -0.028802 0.013902 -0.024337
v -0.028357 0.012551 -0.023693
v -0.028329 0.012747 -0.023304
v -0.028426 0.012028 -0.023415
v -0.028691 0.017656 0.006196
v -0.028586 0.016663 0.007266
v -0.028674 0.017738 0.003483
v -0.029027 0.018840 0.005667
v -0.028645 0.017565 0.004854
v -0.028382 0.014874 0.007307
v -0.028255 0.012740 0.009862
v -0.028695 0.016887 -0.002811
v -0.028585 0.015405 -0.005231
v -0.029125 0.019959 -0.004138
v -0.028269 0.012317 0.003573
v -0.028254 0.012751 0.003445
v -0.028781 0.018375 0.004491
v -0.029062 0.019263 0.003130
v -0.028709 0.017333 -0.007792
v -0.028890 0.019429 -0.010367
v -0.029112 0.020510 -0.007650
v -0.028519 0.015236 -0.007139
v -0.028519 0.015009 -0.008912
v -0.028750 0.018055 -0.015587
v -0.029034 0.020896 -0.016370
v -0.029005 0.020545 -0.013709
v -0.028700 0.017684 -0.013272
v -0.028574 0.015345 -0.015347
v -0.028706 0.017790 -0.014409
v -0.028561 0.015053 -0.013451
v -0.028586 0.016336 -0.012198
v -0.028569 0.016234 -0.011135
v -0.028504 0.014879 -0.011715
v -0.028603 0.016455 -0.014243
v -0.028693 0.017546 -0.018219
v -0.028557 0.015913 -0.018891
v -0.028827 0.018720 -0.019373
v -0.028420 0.014241 -0.022224
v -0.028494 0.014418 -0.022582
v -0.028445 0.014570 -0.021956
v -0.028474 0.014934 -0.021825
v -0.028577 0.015896 -0.021422
v -0.028646 0.017250 -0.021259
v -0.028541 0.016011 -0.020608
v -0.028563 0.016176 -0.019394
v -0.028561 0.016020 -0.019838
v -0.028458 0.014688 -0.021696
v -0.028516 0.014810 -0.021421
v -0.028490 0.014581 -0.021615
v -0.028706 0.017902 -0.020819
v -0.028951 0.020374 -0.018602
v -0.029233 0.021916 -0.017256
v -0.029109 0.021760 -0.017869
v -0.029175 0.021942 -0.017929
v -0.029047 0.021367 -0.017514
v -0.026379 -0.009105 -0.029751
v -0.026462 -0.008709 -0.030196
v -0.028403 0.014032 -0.022419
v -0.028390 0.013919 -0.022372
v -0.028553 0.013910 -0.022363
v -0.028413 0.014281 -0.022057
v -0.028447 0.014582 -0.021710
v -0.028532 0.014825 -0.021249
v -0.028523 0.014932 -0.021129
v -0.028525 0.015086 -0.020935
v -0.028522 0.014954 -0.020980
v -0.028511 0.015161 -0.020818
v -0.029186 0.021289 -0.019565
v -0.028545 0.015392 -0.020186
v -0.028532 0.015343 -0.020550
v -0.028533 0.015229 -0.020211
v -0.028556 0.015133 -0.020300
v -0.028530 0.015438 -0.019325
v -0.028505 0.015271 -0.019164
v -0.027377 0.001008 -0.027782
v -0.027303 0.000544 -0.028410
v -0.028147 0.001073 -0.028487
v -0.027593 0.001865 -0.027345
v -0.027832 0.002959 -0.028039
v -0.027405 0.002085 -0.026879
v -0.027512 0.002403 -0.027180
v -0.027592 0.003947 -0.027444
v -0.027610 0.003499 -0.027423
v -0.027875 0.004155 -0.027785
v -0.027552 0.002890 -0.026683
v -0.027525 0.003655 -0.027176
v -0.028036 0.005187 -0.026956
v -0.028622 0.004872 -0.027759
v -0.028344 0.006284 -0.027294
v -0.027971 0.006605 -0.026430
v -0.028386 0.007450 -0.026876
v -0.029163 0.022007 -0.018106
v -0.029122 0.021929 -0.018154
v -0.029150 0.021932 -0.018290
v -0.027993 0.007699 -0.026033
v -0.028359 0.008645 -0.026413
v -0.027882 0.007809 -0.025237
v -0.027975 0.008232 -0.025855
v -0.028030 0.008706 -0.025053
v -0.028198 0.009259 -0.025544
v -0.028273 0.010037 -0.025225
v -0.028574 0.009787 -0.026062
v -0.028587 0.010881 -0.025589
v -0.028233 0.010882 -0.024528
v -0.028565 0.012148 -0.024740
v -0.028135 0.010829 -0.024075
v -0.028200 0.011240 -0.024205
v -0.028388 0.011992 -0.023851
v -0.026506 -0.008140 -0.029240
v -0.026396 -0.009027 -0.029319
v -0.026445 -0.008646 -0.029085
v -0.026442 -0.009067 -0.029044
v -0.026793 -0.006670 -0.029433
v -0.026921 -0.005704 -0.029826
v -0.026640 -0.006614 -0.028755
v -0.026686 -0.006305 -0.029066
v -0.026840 -0.005320 -0.028838
v -0.026891 -0.004093 -0.029416
v -0.026887 -0.005380 -0.028394
v -0.026831 -0.004891 -0.028704
v -0.026692 -0.006138 -0.028872
v -0.026858 -0.003464 -0.028459
v -0.027015 -0.002617 -0.029140
v -0.026878 -0.003291 -0.028076
v -0.026867 -0.003076 -0.028387
v -0.027054 -0.002136 -0.028457
v -0.027395 -0.001415 -0.028952
v -0.027186 -0.001290 -0.027932
v -0.027178 -0.000794 -0.027509
v -0.027212 -0.000426 -0.027779
v -0.027176 0.000072 -0.027635
v -0.027198 -0.000084 -0.027306
v -0.028185 0.008086 0.015913
v -0.027966 0.008241 0.015118
v -0.027926 0.007412 0.015457
v -0.028489 0.007768 0.016782
v -0.027957 0.007247 0.016271
v -0.027752 0.006456 0.016302
v -0.027933 0.007017 0.017061
v -0.027705 0.005843 0.016364
v -0.027723 0.005888 0.016789
v -0.027739 0.005418 0.016655
v -0.027650 0.004462 0.017821
v -0.027664 0.003963 0.018758
v -0.027662 0.003999 0.017212
v -0.027573 0.003908 0.017742
v -0.027478 0.003492 0.017940
v -0.027475 0.003378 0.017579
v -0.027497 0.003035 0.017871
v -0.027609 0.002777 0.018768
v -0.027462 0.002178 0.018388
v -0.027945 0.002376 0.019730
v -0.027463 0.001962 0.019180
v -0.027310 0.001118 0.019472
v -0.027456 0.001667 0.019917
v -0.027354 0.000579 0.020322
v -0.027245 -0.000153 0.019925
v -0.027465 -0.001452 0.021240
v -0.028246 0.011646 -0.024047
v -0.028178 0.011440 -0.023763
v -0.027190 -0.000594 0.019284
v -0.027165 -0.000929 0.019928
v -0.027117 -0.001468 0.020160
v -0.027060 -0.001391 0.019697
v -0.027078 -0.002690 0.020968
v -0.027093 -0.004274 0.022277
v -0.026985 -0.003357 0.020433
v -0.026921 -0.003719 0.021048
v -0.026845 -0.004382 0.021273
v -0.026814 -0.004325 0.020849
v -0.026906 -0.005627 0.022193
v -0.027054 -0.006568 0.023413
v -0.026487 -0.008683 0.023652
v -0.026659 -0.007542 0.022870
v -0.028274 0.010441 -0.024773
v -0.026472 -0.008480 0.022931
v -0.026578 -0.008203 0.022311
v -0.027170 0.000269 -0.027440
v -0.027070 -0.001988 -0.027718
v -0.027126 -0.001706 -0.028346
v -0.026895 -0.002910 -0.028197
v -0.026798 -0.004454 -0.028573
v -0.026809 -0.004800 -0.028477
v -0.028720 0.016007 -0.022592
v -0.028766 0.015342 -0.023096
v -0.028997 0.016170 -0.023383
v -0.028670 0.014260 -0.023544
v -0.028813 0.012895 -0.024523
v -0.028523 0.010950 -0.023736
v -0.028141 0.011100 -0.023890
v -0.026415 -0.008956 0.022707
v -0.026364 -0.009340 0.022925
v -0.026532 -0.009187 0.022642
v -0.028217 0.009600 -0.025421
v -0.028093 0.009344 -0.024705
v -0.027980 0.008388 -0.025648
v -0.027866 0.006744 -0.025500
v -0.027981 0.007189 -0.026212
v -0.027699 0.005420 -0.026119
v -0.027895 0.005920 -0.026709
v -0.028026 0.004646 -0.027130
v -0.027628 0.004314 -0.026461
v -0.027328 0.001315 -0.027056
v -0.027622 0.001285 -0.027734
v -0.029162 0.022013 -0.016439
v -0.029249 0.022224 -0.016693
v -0.029179 0.021996 -0.016912
v -0.029271 0.022228 -0.016947
v -0.029146 0.021671 -0.019084
v -0.029145 0.021619 -0.019012
v -0.029142 0.021603 -0.019211
v -0.029169 0.021477 -0.019346
v -0.028970 0.020016 -0.020236
v -0.028998 0.020145 -0.020638
v -0.029376 0.020084 -0.020890
v -0.029038 0.019685 -0.021255
v -0.029234 0.022246 -0.016298
v -0.029248 0.022348 -0.016463
v -0.028873 0.018743 -0.021486
v -0.029030 0.019507 -0.021613
v -0.029034 0.019381 -0.021743
v -0.028984 0.019015 -0.022070
v -0.028868 0.018722 -0.022188
v -0.028762 0.017877 -0.022078
v -0.028985 0.018329 -0.022401
v -0.029090 0.020030 -0.005578
v -0.029098 0.021242 -0.011555
v -0.029362 0.021918 -0.012777
v -0.028841 0.017551 0.009373
v -0.028905 0.018170 0.008290
v -0.028983 0.018589 0.007188
v -0.029475 0.018646 0.007893
v -0.027307 0.000517 0.018975
v -0.027418 0.001401 0.018669
v -0.027716 0.004677 0.017070
v -0.027864 0.006651 0.015811
v -0.028771 0.010031 0.015388
v -0.028201 0.010335 0.014117
v -0.028937 0.014484 0.011918
v -0.028996 0.015405 0.011209
v -0.028958 0.016326 0.010430
v -0.026669 -0.008826 0.024464
v -0.026794 -0.006803 0.021902
v -0.026413 -0.009804 0.022845
v -0.026306 -0.009915 0.023119
v -0.028135 0.010757 0.012406
v -0.028217 0.010727 0.012231
v -0.028129 0.010442 0.012903
v -0.028072 0.010280 0.013347
v -0.028137 0.010210 0.013187
v -0.028056 0.010059 0.013567
v -0.028554 0.015396 -0.018626
v -0.028618 0.016082 -0.017438
v -0.028686 0.015229 -0.018380
v -0.028611 0.015169 -0.017149
v -0.028580 0.015185 -0.016599
v -0.028557 0.014882 -0.015155
v -0.028546 0.014864 -0.014704
v -0.028698 0.014491 -0.013018
v -0.028532 0.014570 -0.012658
v -0.028502 0.014233 -0.011075
v -0.028510 0.014277 -0.010207
v -0.028565 0.014072 -0.010635
v -0.028525 0.014008 -0.009852
v -0.028523 0.014049 -0.009302
v 0.004383 -0.017247 -0.024820
v 0.004387 -0.017247 -0.024820
v 0.004340 -0.017224 -0.024828
v -0.028405 0.013640 -0.003597
v -0.028419 0.013867 -0.004452
v -0.028480 0.013029 -0.002247
v -0.028409 0.013073 -0.001896
v -0.028564 0.012889 -0.001536
v -0.028427 0.012860 -0.000953
v -0.028482 0.012796 -0.000311
v -0.028357 0.012654 0.000619
v -0.028314 0.012255 0.002721
v -0.028338 0.012327 0.002133
v -0.028305 0.012101 0.004216
v -0.028338 0.011879 0.005902
v -0.028322 0.011824 0.006571
v -0.028259 0.011615 0.007607
v -0.028289 0.011546 0.008224
v -0.028266 0.011407 0.009450
v -0.028237 0.012038 0.009223
v -0.028238 0.011353 0.009977
v -0.026307 -0.009926 -0.029451
v -0.026458 -0.009379 -0.029174
v -0.026535 -0.008459 -0.028900
v -0.027948 0.008607 0.014593
v -0.028007 0.008822 0.014296
v -0.028138 0.009591 0.013814
v -0.028092 0.009950 0.013552
v -0.028161 0.010901 0.011874
v -0.028351 0.012058 0.004788
v -0.028308 0.012532 0.001364
v -0.028387 0.013596 -0.022857
v -0.028383 0.013764 -0.022647
v -0.028361 0.013264 -0.022925
v -0.029160 0.019109 0.006705
v -0.029059 0.019415 0.004961
v -0.029398 0.019953 0.000449
v -0.028507 0.014281 -0.006806
v -0.028508 0.014046 -0.007750
v -0.028526 0.013888 -0.005874
v -0.029130 0.017286 -0.022788
v -0.028458 0.014487 -0.021744
v -0.028538 0.015134 -0.020600
v -0.028557 0.015343 -0.019902
v -0.028540 0.015179 -0.020153
v -0.027213 0.000543 -0.027223
v -0.028547 0.015319 -0.019579
v -0.029233 0.022019 -0.015330
v -0.029198 0.022075 -0.015833
v -0.029304 0.022107 -0.017651
v -0.026560 -0.009569 -0.030949
v -0.028404 0.014033 -0.022309
v -0.026620 -0.007233 -0.028960
v -0.029370 0.014799 -0.024030
v 0.005195 -0.018041 -0.018497
v 0.004958 -0.017174 -0.018464
v 0.004399 -0.017674 -0.018372
v 0.005034 -0.016601 -0.018592
v 0.004462 -0.016871 -0.018447
v 0.004686 -0.016229 -0.018706
v 0.005354 -0.016818 -0.018635
v 0.005646 -0.017267 -0.018716
v 0.005292 -0.016263 -0.018841
v 0.005624 -0.016659 -0.018820
v 0.004428 -0.015842 -0.018895
v 0.005396 -0.015900 -0.019126
v 0.006015 -0.016356 -0.019224
v 0.006157 -0.017060 -0.019074
v 0.006209 -0.017695 -0.019030
v 0.004470 -0.015433 -0.019209
v 0.004911 -0.015494 -0.019270
v 0.005555 -0.015269 -0.019830
v 0.006110 -0.015899 -0.019575
v 0.006674 -0.016964 -0.019595
v 0.006652 -0.017626 -0.019453
v 0.004813 -0.015150 -0.019604
v 0.005876 -0.015679 -0.019588
v 0.006455 -0.016188 -0.019698
v 0.006755 -0.016416 -0.019950
v 0.006172 -0.015628 -0.019897
v 0.004631 -0.014908 -0.019901
v 0.005103 -0.014836 -0.020227
v 0.006620 -0.015970 -0.020121
v 0.007092 -0.017038 -0.020204
v 0.007053 -0.017653 -0.020020
v 0.006032 -0.015156 -0.020549
v 0.006153 -0.015337 -0.020318
v 0.006473 -0.015610 -0.020341
v 0.007150 -0.016633 -0.020567
v 0.005776 -0.014866 -0.020874
v 0.006535 -0.015495 -0.020744
v 0.006914 -0.016029 -0.020678
v 0.007318 -0.017372 -0.020641
v 0.004310 -0.014498 -0.020761
v 0.004906 -0.014484 -0.021161
v 0.004444 -0.014404 -0.021251
v 0.004745 -0.014594 -0.020587
v 0.005299 -0.014622 -0.020983
v 0.006396 -0.015225 -0.021303
v 0.007225 -0.016415 -0.021120
v 0.007387 -0.016990 -0.021081
v 0.007475 -0.017914 -0.021225
v 0.005331 -0.014578 -0.021676
v 0.005836 -0.014807 -0.021300
v 0.006943 -0.015878 -0.021251
v 0.007411 -0.016957 -0.021414
v 0.004754 -0.014434 -0.021835
v 0.005911 -0.014856 -0.021795
v 0.006939 -0.015852 -0.021784
v 0.007311 -0.016579 -0.021596
v 0.006481 -0.015325 -0.022082
v 0.007241 -0.016557 -0.022141
v 0.007440 -0.017665 -0.022012
v 0.004668 -0.014552 -0.022536
v 0.005290 -0.014659 -0.022304
v 0.005917 -0.014973 -0.022354
v 0.006473 -0.015436 -0.022498
v 0.006675 -0.015570 -0.022328
v 0.006910 -0.015895 -0.022280
v 0.005186 -0.014820 -0.022902
v 0.005621 -0.014984 -0.022843
v 0.006767 -0.015907 -0.022741
v 0.007053 -0.016383 -0.022643
v 0.004605 -0.014788 -0.023114
v 0.006193 -0.015457 -0.022997
v 0.006522 -0.015670 -0.022855
v 0.007240 -0.017249 -0.022682
v 0.005039 -0.015061 -0.023404
v 0.005430 -0.015241 -0.023444
v 0.005894 -0.015427 -0.023306
v 0.006586 -0.016095 -0.023234
v 0.006855 -0.016377 -0.023084
v 0.007010 -0.016845 -0.023094
v 0.007154 -0.017725 -0.023037
v 0.004575 -0.015156 -0.023637
v 0.006207 -0.015934 -0.023527
v 0.006781 -0.016743 -0.023410
v 0.006913 -0.017282 -0.023397
v 0.005177 -0.015525 -0.023877
v 0.005792 -0.015761 -0.023745
v 0.006365 -0.016527 -0.023762
v 0.004852 -0.015742 -0.024157
v 0.004447 -0.015587 -0.024111
v 0.005950 -0.016297 -0.024004
v 0.006526 -0.017210 -0.023824
v 0.005239 -0.015999 -0.024220
v 0.005582 -0.016098 -0.024123
v 0.006060 -0.016998 -0.024175
v 0.004386 -0.016326 -0.024546
v 0.005569 -0.016520 -0.024342
v 0.006252 -0.017762 -0.024118
v 0.004965 -0.016409 -0.024495
v 0.005576 -0.017111 -0.024501
v 0.005750 -0.017513 -0.024446
v 0.005154 -0.016921 -0.024623
v 0.005282 -0.017392 -0.024643
v 0.004515 -0.017359 -0.024772
v 0.005369 -0.018156 -0.024632
v 0.005906 -0.018294 -0.024387
v 0.007302 -0.018911 -0.022786
v 0.005977 -0.018844 -0.018837
v 0.004674 -0.018906 -0.018361
v 0.004014 -0.016468 -0.018575
v 0.003994 -0.015580 -0.019075
v 0.004091 -0.015126 -0.019563
v 0.004102 -0.014746 -0.020170
v 0.004106 -0.014379 -0.021566
v 0.004089 -0.014420 -0.022103
v 0.004099 -0.014575 -0.022678
v 0.003949 -0.014798 -0.023132
v 0.003785 -0.015034 -0.023470
v 0.004097 -0.015347 -0.023902
v 0.003985 -0.015722 -0.024211
v 0.003687 -0.016077 -0.024368
v 0.003909 -0.016870 -0.024686
v 0.007435 -0.018452 -0.022282
v 0.006813 -0.018196 -0.023586
v 0.003221 -0.017815 -0.018520
v 0.003924 -0.017227 -0.018410
v 0.003419 -0.016907 -0.018543
v 0.003365 -0.016365 -0.018710
v 0.002537 -0.017553 -0.018872
v 0.002828 -0.016718 -0.018832
v 0.003841 -0.015976 -0.018803
v 0.002304 -0.016544 -0.019230
v 0.002994 -0.016113 -0.018998
v 0.003514 -0.015941 -0.018881
v 0.002168 -0.017069 -0.019180
v 0.001794 -0.017812 -0.019519
v 0.002602 -0.016199 -0.019172
v 0.003445 -0.015562 -0.019218
v 0.001926 -0.016884 -0.019453
v 0.001771 -0.016890 -0.019655
v 0.002638 -0.015804 -0.019467
v 0.001815 -0.016338 -0.019879
v 0.002154 -0.016161 -0.019587
v 0.003407 -0.015185 -0.019671
v 0.002128 -0.015715 -0.020053
v 0.002482 -0.015441 -0.019953
v 0.002800 -0.015151 -0.020111
v 0.001471 -0.016694 -0.020278
v 0.003390 -0.014879 -0.020134
v 0.001827 -0.015777 -0.020541
v 0.002335 -0.015323 -0.020341
v 0.003297 -0.014731 -0.020508
v 0.003717 -0.014638 -0.020462
v 0.002175 -0.015281 -0.020758
v 0.002644 -0.014940 -0.020788
v 0.003012 -0.014779 -0.020720
v 0.001272 -0.017662 -0.020436
v 0.001171 -0.016885 -0.021107
v 0.001059 -0.017691 -0.021276
v 0.001300 -0.016430 -0.021018
v 0.001524 -0.015947 -0.021169
v 0.001840 -0.015506 -0.021161
v 0.003044 -0.014645 -0.021407
v 0.003690 -0.014483 -0.021084
v 0.001246 -0.016396 -0.021671
v 0.002143 -0.015172 -0.021296
v 0.002541 -0.014904 -0.021243
v 0.001109 -0.016992 -0.021876
v 0.001452 -0.015992 -0.021848
v 0.001789 -0.015527 -0.021812
v 0.002082 -0.015201 -0.021602
v 0.002549 -0.014887 -0.021783
v 0.003618 -0.014447 -0.021659
v 0.002124 -0.015193 -0.021911
v 0.003065 -0.014660 -0.022081
v 0.003565 -0.014507 -0.022135
v 0.001212 -0.017071 -0.022516
v 0.001312 -0.016452 -0.022279
v 0.001467 -0.016063 -0.022204
v 0.001746 -0.015741 -0.022374
v 0.002293 -0.015202 -0.022416
v 0.002955 -0.014772 -0.022381
v 0.001553 -0.016509 -0.022969
v 0.001652 -0.016130 -0.022782
v 0.002765 -0.015022 -0.022788
v 0.003503 -0.014637 -0.022594
v 0.001433 -0.017036 -0.023063
v 0.002162 -0.015611 -0.022974
v 0.002568 -0.015276 -0.023005
v 0.003298 -0.014856 -0.022959
v 0.001769 -0.016719 -0.023453
v 0.001989 -0.016244 -0.023436
v 0.002157 -0.015867 -0.023291
v 0.003041 -0.015194 -0.023324
v 0.001599 -0.017319 -0.023395
v 0.002737 -0.015562 -0.023534
v 0.001936 -0.017136 -0.023767
v 0.002143 -0.016749 -0.023875
v 0.002258 -0.016419 -0.023848
v 0.002239 -0.016177 -0.023687
v 0.002526 -0.015998 -0.023793
v 0.003464 -0.015487 -0.023890
v 0.003117 -0.015783 -0.023993
v 0.002131 -0.017744 -0.024018
v 0.002487 -0.017104 -0.024214
v 0.002627 -0.016538 -0.024176
v 0.002801 -0.016226 -0.024140
v 0.003071 -0.016026 -0.024157
v 0.002596 -0.018269 -0.024371
v 0.003201 -0.017229 -0.024599
v 0.003196 -0.016576 -0.024456
v 0.003292 -0.018122 -0.024699
v 0.003568 -0.017446 -0.024745
v 0.004018 -0.017456 -0.024804
v 0.001071 -0.017691 -0.022091
v 0.001307 -0.017732 -0.022910
v 0.003943 -0.018796 -0.024839
v 0.003925 -0.018334 -0.018358
v 0.002979 -0.018421 -0.018584
v 0.002417 -0.018698 -0.018892
v 0.001669 -0.017835 -0.023534
v 0.003179 -0.019233 -0.024681
v 0.003416 -0.021757 -0.024792
v 0.002813 -0.020778 -0.024556
v 0.002690 -0.024865 -0.024574
v 0.002533 -0.022615 -0.024444
v 0.003804 -0.024406 -0.024918
v 0.003687 -0.026536 -0.024933
v 0.003011 -0.026428 -0.024747
v 0.001797 -0.022015 -0.023910
v 0.002499 -0.026444 -0.024500
v 0.002271 -0.019554 -0.024200
v 0.002492 -0.027535 -0.024533
v 0.001956 -0.018562 -0.023894
v 0.001678 -0.020298 -0.023688
v 0.002020 -0.024230 -0.024115
v 0.001777 -0.026224 -0.023909
v 0.001912 -0.027601 -0.024118
v 0.001442 -0.019574 -0.023282
v 0.001286 -0.022288 -0.023086
v 0.001550 -0.023625 -0.023597
v 0.001591 -0.025106 -0.023694
v 0.001179 -0.020177 -0.022773
v 0.001253 -0.024871 -0.023148
v 0.001229 -0.026375 -0.023129
v 0.001392 -0.027421 -0.023490
v 0.001142 -0.018511 -0.022545
v 0.000970 -0.024490 -0.022408
v 0.001047 -0.027208 -0.022743
v 0.001150 -0.027822 -0.023134
v 0.000941 -0.026290 -0.022256
v 0.001037 -0.019551 -0.022298
v 0.001003 -0.021756 -0.022244
v 0.000998 -0.018601 -0.021745
v 0.000913 -0.023263 -0.021943
v 0.000899 -0.027531 -0.022094
v 0.000868 -0.025159 -0.021779
v 0.000963 -0.019659 -0.021657
v 0.000941 -0.021068 -0.021366
v 0.000923 -0.023621 -0.021167
v 0.000858 -0.024515 -0.021511
v 0.000861 -0.026743 -0.021527
v 0.000875 -0.025946 -0.021184
v 0.001062 -0.019478 -0.020877
v 0.001002 -0.021715 -0.020826
v 0.000904 -0.027393 -0.020931
v 0.001185 -0.018580 -0.020525
v 0.001141 -0.021090 -0.020433
v 0.001114 -0.022829 -0.020437
v 0.001097 -0.024593 -0.020450
v 0.001042 -0.026296 -0.020534
v 0.001342 -0.026505 -0.019873
v 0.001239 -0.020199 -0.020257
v 0.001437 -0.019050 -0.019948
v 0.001412 -0.022499 -0.019836
v 0.001380 -0.024851 -0.019816
v 0.001659 -0.020831 -0.019535
v 0.001756 -0.024418 -0.019300
v 0.001922 -0.022634 -0.019184
v 0.001950 -0.019507 -0.019258
v 0.002094 -0.021074 -0.019064
v 0.001743 -0.025891 -0.019304
v 0.001502 -0.027748 -0.019601
v 0.001844 -0.027501 -0.019206
v 0.001876 -0.026751 -0.019160
v 0.002601 -0.020481 -0.018719
v 0.002515 -0.022619 -0.018721
v 0.002398 -0.024367 -0.018760
v 0.002219 -0.025886 -0.018861
v 0.002374 -0.027077 -0.018751
v 0.003052 -0.027239 -0.018390
v 0.002525 -0.027909 -0.018590
v 0.003013 -0.020154 -0.018525
v 0.003109 -0.022391 -0.018441
v 0.003025 -0.024290 -0.018437
v 0.002844 -0.025944 -0.018490
v 0.003587 -0.026045 -0.018242
v 0.003577 -0.019231 -0.018383
v 0.003644 -0.021508 -0.018314
v 0.003709 -0.024084 -0.018264
v 0.003809 -0.026952 -0.018188
v 0.004185 -0.027416 -0.018160
v 0.003657 -0.027786 -0.018196
v 0.002091 -0.027836 -0.018955
v 0.000876 -0.027521 -0.021507
v 0.001014 -0.027716 -0.022697
v 0.002901 -0.027710 -0.024756
v 0.003249 -0.027594 -0.024868
v 0.003604 -0.027756 -0.024958
v 0.003903 -0.027670 -0.024993
v 0.004449 -0.027388 -0.025003
v 0.004241 -0.019703 -0.018313
v 0.004398 -0.021991 -0.018269
v 0.004833 -0.027169 -0.018224
v 0.004400 -0.026157 -0.018188
v 0.004471 -0.025354 -0.024969
v 0.004212 -0.022828 -0.024931
v 0.004505 -0.020956 -0.024881
v 0.004396 -0.018425 -0.024843
v 0.001038 -0.027668 -0.020305
v 0.004997 -0.020936 -0.018380
v 0.005594 -0.019580 -0.018600
v 0.005909 -0.023219 -0.018671
v 0.005893 -0.020542 -0.018724
v 0.005010 -0.022911 -0.018333
v 0.005239 -0.025137 -0.018366
v 0.004729 -0.024273 -0.018250
v 0.005385 -0.027677 -0.018364
v 0.005539 -0.026910 -0.018448
v 0.005023 -0.027740 -0.018244
v 0.005936 -0.025728 -0.018643
v 0.006137 -0.026756 -0.018753
v 0.006316 -0.021125 -0.018989
v 0.006738 -0.020422 -0.019429
v 0.006433 -0.025164 -0.019000
v 0.006549 -0.018404 -0.019295
v 0.006566 -0.022920 -0.019177
v 0.006767 -0.025902 -0.019322
v 0.006988 -0.018644 -0.019835
v 0.007020 -0.023628 -0.019680
v 0.007259 -0.020630 -0.020210
v 0.007343 -0.022811 -0.020272
v 0.007381 -0.025133 -0.020253
v 0.007120 -0.026377 -0.019743
v 0.007381 -0.019086 -0.020666
v 0.007427 -0.021077 -0.020596
v 0.007359 -0.026856 -0.020112
v 0.007551 -0.022766 -0.020967
v 0.007515 -0.024257 -0.020662
v 0.007500 -0.027168 -0.020494
v 0.007541 -0.020853 -0.021145
v 0.007586 -0.025196 -0.021016
v 0.007627 -0.027487 -0.021108
v 0.007526 -0.019290 -0.021673
v 0.007578 -0.021808 -0.021660
v 0.007610 -0.024172 -0.021604
v 0.007494 -0.020422 -0.022272
v 0.007613 -0.026371 -0.021723
v 0.007502 -0.023955 -0.022417
v 0.007511 -0.026929 -0.022544
v 0.007351 -0.021113 -0.022782
v 0.007265 -0.022806 -0.023046
v 0.007363 -0.025044 -0.022885
v 0.007203 -0.026703 -0.023261
v 0.006993 -0.020401 -0.023431
v 0.007048 -0.024869 -0.023490
v 0.006951 -0.022635 -0.023578
v 0.006519 -0.019132 -0.023945
v 0.006626 -0.021135 -0.023904
v 0.006768 -0.025998 -0.023850
v 0.006658 -0.023616 -0.023929
v 0.006697 -0.027498 -0.023943
v 0.006209 -0.020676 -0.024257
v 0.006056 -0.021849 -0.024382
v 0.006060 -0.024198 -0.024448
v 0.006345 -0.025687 -0.024262
v 0.006136 -0.027146 -0.024413
v 0.005670 -0.019410 -0.024525
v 0.005780 -0.025738 -0.024632
v 0.005622 -0.027669 -0.024738
v 0.005490 -0.026845 -0.024778
v 0.005271 -0.021083 -0.024732
v 0.005542 -0.023559 -0.024707
v 0.005071 -0.027667 -0.024928
v 0.004850 -0.019120 -0.024791
v 0.004788 -0.022326 -0.024889
v 0.005092 -0.025771 -0.024890
v 0.004922 -0.026803 -0.024949
v 0.006404 -0.027591 -0.018926
v 0.005901 -0.027683 -0.018584
v 0.004810 -0.027973 -0.018140
v 0.007035 -0.027821 -0.023647
v 0.005270 -0.028119 -0.018190
v 0.005622 -0.028124 -0.018312
v 0.005981 -0.028163 -0.018426
v 0.006315 -0.028126 -0.018668
v 0.006585 -0.028099 -0.018946
v 0.006735 -0.027824 -0.019174
v 0.007054 -0.027797 -0.019542
v 0.007326 -0.027739 -0.019972
v 0.007522 -0.028075 -0.020260
v 0.007614 -0.027992 -0.020643
v 0.007699 -0.028081 -0.020935
v 0.007713 -0.027909 -0.021898
v 0.007681 -0.028063 -0.022450
v 0.007544 -0.028059 -0.022974
v 0.007294 -0.027888 -0.023360
v 0.006792 -0.028100 -0.024013
v 0.006394 -0.028012 -0.024313
v 0.005957 -0.028072 -0.024664
v 0.005641 -0.028142 -0.024844
v 0.005325 -0.028141 -0.024961
v 0.004976 -0.028152 -0.025044
v 0.004629 -0.028043 -0.025060
v 0.006929 -0.028174 -0.019251
v 0.007239 -0.028251 -0.019617
v 0.007373 -0.028161 -0.019891
v 0.007909 -0.028334 -0.020765
v 0.007830 -0.028208 -0.021371
v 0.007862 -0.028308 -0.022244
v 0.008226 -0.028434 -0.022578
v 0.007726 -0.028293 -0.022867
v 0.007291 -0.028302 -0.023900
v 0.006773 -0.028282 -0.024197
v 0.006382 -0.028317 -0.024618
v 0.004604 -0.028252 -0.017951
v 0.005033 -0.028315 -0.017850
v 0.005509 -0.028309 -0.017985
v 0.005859 -0.028359 -0.018049
v 0.006495 -0.028404 -0.018158
v 0.006908 -0.028374 -0.018773
v 0.007619 -0.028389 -0.019946
v 0.007882 -0.028370 -0.023329
v 0.005768 -0.028353 -0.025114
v 0.005102 -0.028386 -0.025302
v 0.004719 -0.028368 -0.025340
v 0.004583 -0.028399 -0.017675
v 0.007369 -0.028433 -0.019340
v 0.008056 -0.028460 -0.020151
v 0.008031 -0.028383 -0.021937
v 0.005257 -0.028455 -0.016646
v 0.007032 -0.028442 -0.018259
v 0.007882 -0.028488 -0.018999
v 0.008288 -0.028470 -0.020418
v 0.008320 -0.028455 -0.020668
v 0.008205 -0.028448 -0.021492
v 0.008310 -0.028479 -0.024479
v -0.029169 0.012788 -0.024955
v 0.007031 -0.028431 -0.024387
v 0.006776 -0.028434 -0.024618
v 0.006191 -0.028426 -0.025164
v 0.004876 -0.028440 -0.017313
v 0.007681 -0.028491 -0.018200
v 0.007935 -0.028480 -0.019734
v 0.008487 -0.028482 -0.020973
v 0.008562 -0.028494 -0.022079
v 0.010022 -0.028507 -0.023221
v 0.007621 -0.028483 -0.025279
v 0.006637 -0.028461 -0.025133
v 0.006474 -0.028478 -0.026612
v 0.004244 -0.027987 -0.018099
v 0.008437 -0.028463 -0.016826
v 0.009845 -0.028495 -0.019967
v 0.004825 -0.028458 -0.026022
v 0.004243 -0.028341 -0.017809
v 0.003829 -0.028451 -0.016980
v 0.004297 -0.028291 -0.025274
v 0.004137 -0.028089 -0.025094
v 0.008906 -0.028496 -0.021596
v 0.003640 -0.028100 -0.025051
v 0.003239 -0.028094 -0.024986
v 0.002842 -0.028075 -0.024852
v 0.002533 -0.028039 -0.024689
v 0.002130 -0.028045 -0.024432
v 0.001703 -0.028169 -0.024137
v 0.001538 -0.028064 -0.023854
v 0.001590 -0.027675 -0.023787
v 0.001196 -0.028086 -0.023422
v 0.000960 -0.028097 -0.022886
v 0.000901 -0.028052 -0.022511
v 0.000834 -0.028074 -0.022251
v 0.000764 -0.028131 -0.021976
v 0.000762 -0.028093 -0.021620
v 0.000790 -0.028026 -0.021112
v 0.000724 -0.028116 -0.020488
v 0.001231 -0.027902 -0.019898
v 0.001350 -0.028106 -0.019641
v 0.001638 -0.028160 -0.019269
v 0.001785 -0.027979 -0.019231
v 0.001982 -0.028160 -0.018908
v 0.003137 -0.028071 -0.018265
v 0.003622 -0.028139 -0.018123
v 0.003889 -0.028279 -0.025225
v 0.001984 -0.028330 -0.024780
v 0.001862 -0.028266 -0.024415
v 0.000588 -0.028291 -0.022361
v 0.000510 -0.028325 -0.021132
v 0.000611 -0.028271 -0.020870
v 0.000933 -0.028258 -0.019739
v 0.001290 -0.028324 -0.019311
v 0.002114 -0.028301 -0.018502
v 0.002670 -0.028307 -0.018206
v 0.003278 -0.028279 -0.018094
v 0.003268 -0.028381 -0.025393
v 0.002686 -0.028347 -0.025132
v 0.001225 -0.028362 -0.023926
v 0.000687 -0.028372 -0.023158
v 0.000413 -0.028361 -0.021662
v 0.001538 -0.028393 -0.018787
v 0.003786 -0.028352 -0.017842
v 0.003779 -0.028421 -0.025644
v 0.001324 -0.028418 -0.024414
v 0.000997 -0.028362 -0.023606
v 0.000034 -0.028440 -0.020530
v -0.000010 -0.028466 -0.019477
v 0.002830 -0.028474 -0.026212
v 0.000260 -0.028411 -0.022789
v 0.000127 -0.028408 -0.022054
v 0.001756 -0.028410 -0.018463
v 0.002327 -0.028408 -0.018043
v 0.003279 -0.028412 -0.017745
v 0.003409 -0.028480 -0.026721
v -0.000255 -0.028477 -0.025480
v 0.000576 -0.028447 -0.023949
v -0.000001 -0.028431 -0.022478
v -0.000397 -0.028459 -0.021445
v -0.002194 -0.028513 -0.019473
v 0.000784 -0.028442 -0.018717
v 0.001465 -0.028447 -0.017454
v 0.002690 -0.028444 -0.017442
v 0.004347 -0.028464 -0.028162
v 0.002035 -0.028447 -0.025850
v 0.000184 -0.028456 -0.023348
v -0.001509 -0.028479 -0.022759
v -0.001679 -0.028476 -0.015715
v 0.004375 -0.017301 0.018374
v 0.004378 -0.017301 0.018374
v 0.004344 -0.017314 0.018377
v 0.004661 -0.017526 0.024775
v 0.004271 -0.016742 0.024691
v 0.004275 -0.017444 0.024814
v 0.005051 -0.016768 0.024578
v 0.004675 -0.016022 0.024347
v 0.005341 -0.016276 0.024312
v 0.005553 -0.017365 0.024496
v 0.005195 -0.018453 0.024682
v 0.005675 -0.016683 0.024317
v 0.005423 -0.015847 0.024031
v 0.006170 -0.017259 0.024140
v 0.004501 -0.015442 0.023962
v 0.004948 -0.015535 0.023966
v 0.006047 -0.016274 0.023909
v 0.006389 -0.016775 0.023860
v 0.005220 -0.015428 0.023782
v 0.006612 -0.017264 0.023753
v 0.005219 -0.015208 0.023504
v 0.005591 -0.015415 0.023539
v 0.006076 -0.015764 0.023501
v 0.006470 -0.016190 0.023477
v 0.006599 -0.016464 0.023508
v 0.004686 -0.015044 0.023490
v 0.006875 -0.016916 0.023338
v 0.004639 -0.014861 0.023237
v 0.005137 -0.014840 0.022955
v 0.005905 -0.015275 0.023035
v 0.006413 -0.015675 0.022998
v 0.006657 -0.015964 0.022999
v 0.006902 -0.016391 0.022992
v 0.006072 -0.015160 0.022557
v 0.006459 -0.015529 0.022683
v 0.007123 -0.016913 0.022860
v 0.007017 -0.017900 0.023255
v 0.005784 -0.014877 0.022281
v 0.006931 -0.016013 0.022434
v 0.007232 -0.016740 0.022487
v 0.007374 -0.017716 0.022419
v 0.004345 -0.014483 0.022416
v 0.004904 -0.014475 0.022018
v 0.004456 -0.014390 0.021921
v 0.004773 -0.014578 0.022586
v 0.005294 -0.014621 0.022195
v 0.006413 -0.015243 0.021724
v 0.006574 -0.015471 0.022226
v 0.007165 -0.016231 0.021979
v 0.007352 -0.016713 0.021923
v 0.007388 -0.017039 0.022189
v 0.005304 -0.014570 0.021500
v 0.005823 -0.014815 0.021859
v 0.006946 -0.015855 0.021874
v 0.007473 -0.017497 0.021798
v 0.004747 -0.014426 0.021346
v 0.005876 -0.014856 0.021343
v 0.006955 -0.015858 0.021377
v 0.007262 -0.016447 0.021378
v 0.006358 -0.015304 0.020848
v 0.006651 -0.015489 0.021194
v 0.007216 -0.016437 0.021048
v 0.007429 -0.017202 0.021331
v 0.004666 -0.014549 0.020649
v 0.005270 -0.014648 0.020880
v 0.005836 -0.014928 0.020823
v 0.006697 -0.015607 0.020893
v 0.006930 -0.015916 0.020914
v 0.007300 -0.017158 0.020729
v 0.005193 -0.014825 0.020278
v 0.005608 -0.014970 0.020345
v 0.006756 -0.015936 0.020430
v 0.007056 -0.016369 0.020557
v 0.004606 -0.014786 0.020076
v 0.006144 -0.015408 0.020220
v 0.006504 -0.015786 0.020203
v 0.005066 -0.015095 0.019747
v 0.005459 -0.015261 0.019731
v 0.005921 -0.015439 0.019892
v 0.006678 -0.016354 0.019869
v 0.006885 -0.016446 0.020102
v 0.007028 -0.016831 0.020139
v 0.007044 -0.017613 0.019988
v 0.004541 -0.015118 0.019588
v 0.006266 -0.015973 0.019688
v 0.006845 -0.016880 0.019803
v 0.005017 -0.015458 0.019308
v 0.005452 -0.015589 0.019372
v 0.005825 -0.015837 0.019409
v 0.006416 -0.016578 0.019427
v 0.006624 -0.016947 0.019494
v 0.006675 -0.017535 0.019466
v 0.004522 -0.015569 0.019110
v 0.006091 -0.016411 0.019238
v 0.004926 -0.015861 0.018954
v 0.005292 -0.015976 0.019002
v 0.005585 -0.016090 0.019072
v 0.005591 -0.016576 0.018867
v 0.006193 -0.017181 0.019080
v 0.004599 -0.016113 0.018755
v 0.005099 -0.016353 0.018745
v 0.005709 -0.017464 0.018739
v 0.006168 -0.018162 0.018972
v 0.004686 -0.016722 0.018510
v 0.005105 -0.016909 0.018564
v 0.005140 -0.017476 0.018506
v 0.004252 -0.016536 0.018554
v 0.004376 -0.017085 0.018401
v 0.003966 -0.017123 0.018427
v 0.004468 -0.017256 0.018379
v 0.004680 -0.017261 0.018410
v -0.026817 -0.004628 -0.028259
v 0.004349 -0.017669 0.018368
v 0.005498 -0.018251 0.018594
v 0.007205 -0.018526 0.020234
v 0.007431 -0.018121 0.020998
v 0.006570 -0.017799 0.023828
v 0.005969 -0.018359 0.024329
v 0.004013 -0.016023 0.024383
v 0.004035 -0.015495 0.024025
v 0.004014 -0.015015 0.023482
v 0.004264 -0.014705 0.022983
v 0.004117 -0.014365 0.021605
v 0.004091 -0.014411 0.021076
v 0.004100 -0.014569 0.020508
v 0.003942 -0.014788 0.020064
v 0.003771 -0.015023 0.019729
v 0.004070 -0.015362 0.019284
v 0.003852 -0.015850 0.018926
v -0.026723 -0.005955 -0.028619
v 0.003699 -0.017239 0.024749
v 0.003700 -0.016562 0.024605
v 0.003251 -0.017655 0.024666
v 0.003131 -0.016859 0.024532
v 0.003326 -0.016567 0.024521
v 0.002710 -0.017773 0.024433
v 0.002821 -0.016855 0.024371
v 0.003389 -0.016122 0.024331
v -0.026983 -0.002709 -0.027912
v 0.002369 -0.016864 0.024081
v 0.002958 -0.016226 0.024205
v 0.002235 -0.017952 0.024108
v 0.002537 -0.016197 0.023945
v 0.003183 -0.015677 0.023940
v 0.003614 -0.015550 0.023985
v 0.001893 -0.016836 0.023611
v 0.001833 -0.017668 0.023714
v 0.002052 -0.016517 0.023701
v 0.002226 -0.016199 0.023700
v 0.002678 -0.015687 0.023651
v 0.002410 -0.015879 0.023640
v 0.003295 -0.015130 0.023387
v 0.001600 -0.017542 0.023362
v 0.001927 -0.016093 0.023250
v 0.002328 -0.015618 0.023298
v 0.001557 -0.016430 0.022846
v 0.002744 -0.015130 0.022988
v 0.001266 -0.017343 0.022690
v 0.001840 -0.015705 0.022607
v 0.002021 -0.015596 0.022839
v 0.002305 -0.015302 0.022801
v 0.003190 -0.014768 0.022615
v 0.003746 -0.014683 0.022797
v 0.001318 -0.016475 0.022282
v 0.001560 -0.015986 0.022366
v 0.002175 -0.015249 0.022408
v 0.002641 -0.014927 0.022383
v 0.001181 -0.016785 0.022065
v 0.001044 -0.017485 0.021786
v 0.001898 -0.015415 0.021890
v 0.003059 -0.014634 0.021764
v 0.003740 -0.014463 0.022069
v 0.001232 -0.016512 0.021584
v 0.001503 -0.015929 0.021910
v 0.002519 -0.014916 0.021919
v 0.001104 -0.017002 0.021289
v 0.001537 -0.015884 0.021427
v 0.002551 -0.014905 0.021366
v 0.003633 -0.014430 0.021509
v 0.001974 -0.015374 0.021217
v 0.003069 -0.014654 0.021085
v 0.003571 -0.014496 0.021040
v 0.001199 -0.016778 0.020883
v 0.001200 -0.017081 0.020722
v 0.001332 -0.016405 0.020926
v 0.001664 -0.015862 0.020873
v 0.002312 -0.015209 0.020717
v 0.002957 -0.014772 0.020782
v 0.001435 -0.016493 0.020465
v 0.001653 -0.016117 0.020417
v 0.002764 -0.015021 0.020379
v 0.003503 -0.014630 0.020586
v 0.001319 -0.017913 0.020228
v 0.001437 -0.017096 0.020145
v 0.001555 -0.016619 0.020117
v 0.002158 -0.015610 0.020211
v 0.002566 -0.015272 0.020169
v 0.003293 -0.014850 0.020225
v 0.001948 -0.016214 0.019805
v 0.002145 -0.015849 0.019907
v 0.003035 -0.015186 0.019863
v 0.001636 -0.017751 0.019730
v 0.001806 -0.016769 0.019687
v 0.001824 -0.016470 0.019771
v 0.002734 -0.015549 0.019658
v 0.002262 -0.016337 0.019395
v 0.002212 -0.016150 0.019529
v 0.002523 -0.015980 0.019409
v 0.003489 -0.015431 0.019352
v 0.002146 -0.017031 0.019269
v 0.003150 -0.015768 0.019201
v 0.002583 -0.017145 0.018886
v 0.002363 -0.017492 0.018994
v 0.002916 -0.016588 0.018851
v 0.002793 -0.016231 0.019063
v 0.003190 -0.016142 0.018927
v 0.003844 -0.015561 0.019124
v 0.002798 -0.017944 0.018711
v 0.003059 -0.017257 0.018638
v 0.003581 -0.018041 0.018436
v 0.003463 -0.017058 0.018531
v 0.003627 -0.016586 0.018615
v 0.001038 -0.017580 0.021267
v 0.000998 -0.018139 0.021396
v 0.001089 -0.018171 0.020823
v 0.001978 -0.017821 0.019306
v 0.002263 -0.018340 0.019029
v 0.001134 -0.018062 0.022477
v 0.004309 -0.019173 0.018329
v 0.003520 -0.019522 0.018406
v 0.003688 -0.021156 0.018321
v 0.003240 -0.023525 0.018385
v 0.003747 -0.023517 0.018243
v 0.003578 -0.024581 0.018271
v 0.004288 -0.024843 0.018193
v 0.003780 -0.027605 0.018193
v 0.003166 -0.027326 0.018347
v 0.003800 -0.026498 0.018210
v 0.003030 -0.021037 0.018514
v 0.003169 -0.025879 0.018377
v 0.002807 -0.019186 0.018669
v 0.002569 -0.026911 0.018640
v 0.002428 -0.020927 0.018830
v 0.002543 -0.022623 0.018716
v 0.002305 -0.024888 0.018834
v 0.002175 -0.019356 0.019064
v 0.001904 -0.020830 0.019264
v 0.002005 -0.022705 0.019121
v 0.002060 -0.027757 0.018961
v 0.001822 -0.026440 0.019230
v 0.001778 -0.019050 0.019464
v 0.001349 -0.019984 0.020045
v 0.001456 -0.022693 0.019768
v 0.001606 -0.024883 0.019516
v 0.001294 -0.027073 0.019945
v 0.001729 -0.027385 0.019305
v 0.001173 -0.024989 0.020231
v 0.001147 -0.019264 0.020526
v 0.001103 -0.022628 0.020443
v 0.001052 -0.020889 0.020699
v 0.001045 -0.027058 0.020508
v 0.000987 -0.019415 0.021207
v 0.000940 -0.021084 0.021284
v 0.000927 -0.022681 0.021101
v 0.000942 -0.024610 0.020866
v 0.000905 -0.026186 0.021263
v 0.000976 -0.020745 0.022083
v 0.000911 -0.022676 0.021786
v 0.000891 -0.024437 0.021627
v 0.001006 -0.018914 0.021998
v 0.000951 -0.026272 0.022277
v 0.000818 -0.027503 0.021819
v 0.001000 -0.023129 0.022429
v 0.000997 -0.024360 0.022358
v 0.001114 -0.019168 0.022540
v 0.001180 -0.021265 0.022809
v 0.001197 -0.020221 0.022833
v 0.000963 -0.027523 0.022596
v 0.000868 -0.027444 0.022227
v 0.001194 -0.025981 0.022966
v 0.001432 -0.023919 0.023359
v 0.001208 -0.027328 0.023064
v 0.001403 -0.018663 0.023129
v 0.001559 -0.020727 0.023473
v 0.001780 -0.026424 0.023880
v 0.001956 -0.019016 0.023889
v 0.001935 -0.022705 0.023989
v 0.001903 -0.024588 0.023990
v 0.002081 -0.021045 0.024092
v 0.002741 -0.019190 0.024495
v 0.002588 -0.020852 0.024456
v 0.002467 -0.022421 0.024432
v 0.002559 -0.023993 0.024516
v 0.002623 -0.025752 0.024566
v 0.002119 -0.027635 0.024251
v 0.002499 -0.027119 0.024512
v 0.003208 -0.020872 0.024749
v 0.003019 -0.022527 0.024719
v 0.002802 -0.027662 0.024703
v 0.003212 -0.027041 0.024857
v 0.003311 -0.018439 0.024708
v 0.003272 -0.024267 0.024838
v 0.003348 -0.027696 0.024907
v 0.003550 -0.019339 0.024797
v 0.004069 -0.018754 0.024844
v 0.003650 -0.022221 0.024901
v 0.003915 -0.020879 0.024897
v 0.003522 -0.025868 0.024931
v 0.003911 -0.024362 0.024977
v 0.003774 -0.027230 0.024996
v 0.004238 -0.026266 0.025026
v 0.002406 -0.027814 0.024480
v 0.001808 -0.027732 0.023976
v 0.001606 -0.027578 0.023726
v 0.001111 -0.027928 0.023025
v 0.000895 -0.027594 0.021110
v 0.004191 -0.027574 0.018162
v 0.004298 -0.027624 0.025041
v 0.004656 -0.026917 0.018196
v 0.004255 -0.022631 0.018228
v 0.004573 -0.020947 0.018292
v 0.004237 -0.022646 0.024958
v 0.004757 -0.020738 0.024851
v 0.005426 -0.023449 0.024743
v 0.004813 -0.024143 0.024933
v 0.005611 -0.019527 0.024566
v 0.005540 -0.021253 0.024649
v 0.004869 -0.027618 0.024964
v 0.005500 -0.027322 0.024765
v 0.004707 -0.026691 0.024985
v 0.005348 -0.025888 0.024810
v 0.006065 -0.021000 0.024369
v 0.005992 -0.022743 0.024458
v 0.005985 -0.025154 0.024488
v 0.005902 -0.026770 0.024552
v 0.006193 -0.019386 0.024232
v 0.006552 -0.020873 0.023968
v 0.006458 -0.022505 0.024107
v 0.006445 -0.024483 0.024160
v 0.006361 -0.027515 0.024247
v 0.006575 -0.025622 0.024021
v 0.006672 -0.019093 0.023775
v 0.007044 -0.020018 0.023331
v 0.006903 -0.023501 0.023621
v 0.007071 -0.026630 0.023425
v 0.006706 -0.027334 0.023926
v 0.007351 -0.020437 0.022797
v 0.007219 -0.022439 0.023139
v 0.007271 -0.024805 0.023096
v 0.007311 -0.018725 0.022744
v 0.007433 -0.022619 0.022680
v 0.007378 -0.026961 0.022898
v 0.007476 -0.019404 0.022295
v 0.007477 -0.021037 0.022458
v 0.007501 -0.026027 0.022527
v 0.007504 -0.027083 0.022551
v 0.007517 -0.018895 0.021595
v 0.007561 -0.020905 0.021923
v 0.007576 -0.022662 0.022077
v 0.007555 -0.024725 0.022333
v 0.007615 -0.026274 0.021872
v 0.007557 -0.020859 0.021356
v 0.007592 -0.022703 0.021421
v 0.007615 -0.024459 0.021583
v 0.007466 -0.019415 0.020906
v 0.007576 -0.026199 0.020996
v 0.007663 -0.027407 0.021407
v 0.007500 -0.023388 0.020744
v 0.007542 -0.024460 0.020934
v 0.007348 -0.021091 0.020417
v 0.007469 -0.027381 0.020417
v 0.007628 -0.027463 0.020977
v 0.007283 -0.026010 0.020112
v 0.007307 -0.020119 0.020325
v 0.007100 -0.023817 0.019818
v 0.006985 -0.020636 0.019746
v 0.007293 -0.027327 0.020039
v 0.006775 -0.018834 0.019539
v 0.006640 -0.022773 0.019238
v 0.006816 -0.024520 0.019364
v 0.006690 -0.026097 0.019241
v 0.006965 -0.027353 0.019534
v 0.006447 -0.020947 0.019109
v 0.006253 -0.019332 0.018994
v 0.005779 -0.019387 0.018683
v 0.005890 -0.020969 0.018705
v 0.006039 -0.022762 0.018755
v 0.006256 -0.024862 0.018861
v 0.006482 -0.027428 0.019009
v 0.005965 -0.026784 0.018662
v 0.005682 -0.024908 0.018514
v 0.005279 -0.020934 0.018437
v 0.005432 -0.022697 0.018448
v 0.005339 -0.027595 0.018340
v 0.005359 -0.026694 0.018360
v 0.005109 -0.024253 0.018309
v 0.004936 -0.019297 0.018396
v 0.004767 -0.018330 0.018385
v 0.004810 -0.022277 0.018284
v 0.004961 -0.025696 0.018254
v 0.004580 -0.027657 0.018172
v 0.004846 -0.027819 0.018205
v 0.005932 -0.027773 0.018586
v 0.007635 -0.027605 0.022042
v 0.005906 -0.027721 0.024563
v 0.005091 -0.028092 0.024982
v 0.004628 -0.028057 0.025066
v 0.005226 -0.027935 0.024895
v 0.005572 -0.028129 0.024852
v 0.005919 -0.028098 0.024669
v 0.006321 -0.028065 0.024387
v 0.006698 -0.028024 0.024063
v 0.006945 -0.027903 0.023779
v 0.007229 -0.028020 0.023504
v 0.007300 -0.027855 0.023194
v 0.007533 -0.028056 0.022913
v 0.007596 -0.027919 0.022514
v 0.007800 -0.028146 0.022069
v 0.007812 -0.028072 0.021590
v 0.007747 -0.027990 0.021199
v 0.007722 -0.028028 0.020797
v 0.007578 -0.028055 0.020322
v 0.007302 -0.027973 0.019910
v 0.007085 -0.028048 0.019567
v 0.006850 -0.028010 0.019301
v 0.006581 -0.028154 0.018921
v 0.006357 -0.028074 0.018778
v 0.006079 -0.028175 0.018410
v 0.005586 -0.028139 0.018252
v 0.005234 -0.028131 0.018192
v 0.004903 -0.028124 0.018125
v 0.004534 -0.028046 0.018114
v 0.004922 -0.028313 0.025230
v 0.004524 -0.028257 0.025169
v 0.005372 -0.028292 0.025095
v 0.006462 -0.028333 0.024662
v 0.006737 -0.028253 0.024296
v 0.007221 -0.028273 0.023936
v 0.007423 -0.028142 0.023225
v 0.007960 -0.028323 0.022398
v 0.008085 -0.028329 0.021128
v 0.007978 -0.028343 0.020280
v 0.007488 -0.028242 0.019904
v 0.007252 -0.028251 0.019561
v 0.006913 -0.028221 0.019197
v 0.006456 -0.028311 0.018550
v 0.005876 -0.028362 0.025047
v 0.006084 -0.028346 0.024883
v 0.007796 -0.028323 0.023284
v 0.008226 -0.028397 0.021693
v 0.006346 -0.028389 0.017987
v 0.005830 -0.028400 0.017755
v 0.005179 -0.028321 0.017912
v 0.004440 -0.028359 0.017795
v 0.004540 -0.028382 0.025407
v 0.007468 -0.028414 0.024844
v 0.007611 -0.028385 0.019653
v 0.007267 -0.028396 0.019032
v 0.006824 -0.028364 0.018795
v 0.005433 -0.028398 0.025430
v 0.005853 -0.028403 0.025311
v 0.007971 -0.028445 0.024233
v 0.008360 -0.028472 0.022969
v 0.008198 -0.028437 0.022093
v 0.008012 -0.028434 0.019495
v -0.028183 0.010252 -0.024354
v 0.004776 -0.028410 0.017502
v 0.004915 -0.028430 0.025828
v 0.006702 -0.028440 0.025300
v 0.009990 -0.028511 0.023363
v 0.008769 -0.028482 0.022362
v 0.008528 -0.028447 0.021258
v 0.008783 -0.028456 0.020766
v 0.010014 -0.028482 0.019925
v 0.007072 -0.028438 0.018300
v 0.005356 -0.028436 0.017304
v 0.004044 -0.028445 0.027491
v 0.006548 -0.028459 0.026709
v 0.010251 -0.028499 0.027163
v 0.009747 -0.028481 0.021669
v 0.008357 -0.028455 0.018058
v 0.007266 -0.028448 0.017390
v 0.007534 -0.028458 0.016084
v 0.004749 -0.028450 0.016141
v 0.004500 -0.028435 0.017323
v 0.003929 -0.028444 0.017153
v 0.004262 -0.028120 0.025114
v 0.004066 -0.028252 0.025176
v 0.004061 -0.028363 0.025376
v 0.004295 -0.028427 0.025849
v 0.004045 -0.028111 0.018074
v 0.003560 -0.027998 0.018183
v 0.003030 -0.028005 0.018300
v 0.002567 -0.027960 0.018536
v 0.002135 -0.028099 0.018800
v 0.001559 -0.027948 0.019421
v 0.001224 -0.028021 0.019818
v -0.026895 -0.005151 0.021200
v 0.000937 -0.027941 0.020663
v 0.000804 -0.028064 0.021048
v 0.000703 -0.028089 0.021517
v 0.000930 -0.028117 0.022965
v 0.000740 -0.028001 0.022482
v 0.001344 -0.028002 0.023472
v 0.001641 -0.028045 0.023875
v 0.001980 -0.028085 0.024230
v 0.002282 -0.028080 0.024469
v 0.002722 -0.028147 0.024795
v 0.002983 -0.028041 0.024822
v 0.003254 -0.028145 0.024990
v 0.003603 -0.028130 0.025043
v 0.003897 -0.027971 0.025051
v 0.003603 -0.028249 0.018009
v 0.002461 -0.028337 0.018131
v 0.002305 -0.028212 0.018529
v 0.001646 -0.028177 0.019178
v 0.001275 -0.028226 0.019560
v 0.001044 -0.027886 0.020256
v 0.000756 -0.028196 0.020641
v 0.000489 -0.028326 0.021012
v 0.000439 -0.028241 0.022051
v 0.001173 -0.028163 0.023348
v 0.001291 -0.028299 0.023844
v 0.001715 -0.028246 0.024118
v 0.003562 -0.028388 0.017664
v 0.003050 -0.028314 0.017982
v 0.001979 -0.028398 0.018290
v 0.001737 -0.028355 0.018753
v 0.000845 -0.028318 0.019900
v 0.000463 -0.028315 0.021570
v 0.000187 -0.028358 0.022727
v 0.000489 -0.028357 0.023230
v 0.000857 -0.028361 0.023458
v 0.002092 -0.028296 0.024614
v 0.003181 -0.028370 0.025435
v 0.003588 -0.028358 0.025312
v 0.003881 -0.028389 0.017728
v 0.001107 -0.028397 0.019217
v 0.000189 -0.028431 0.020354
v 0.001577 -0.028378 0.024369
v 0.002559 -0.028343 0.025097
v 0.003117 -0.028405 0.017629
v 0.002571 -0.028424 0.017532
v 0.001657 -0.028419 0.018402
v 0.001190 -0.028452 0.018638
v 0.000248 -0.028426 0.020772
v 0.000169 -0.028411 0.021509
v 0.000200 -0.028388 0.021855
v 0.000547 -0.028445 0.024439
v 0.001650 -0.028432 0.025040
v 0.002156 -0.028403 0.025298
v 0.000225 -0.028461 0.018663
v 0.000293 -0.028451 0.019546
v -0.000359 -0.028456 0.021065
v -0.001099 -0.028453 0.022119
v 0.001252 -0.028436 0.024847
v 0.002584 -0.028428 0.025793
v 0.003854 -0.028422 0.025822
v 0.003126 -0.028454 0.016229
v 0.001001 -0.028453 0.017171
v -0.002738 -0.028483 0.018931
v -0.001319 -0.028443 0.024479
v 0.000545 -0.028445 0.027179
v -0.009207 -0.027086 0.005843
v -0.008879 -0.027313 0.004991
v -0.009153 -0.027133 0.004913
v -0.008804 -0.027414 0.004018
v -0.009197 -0.027116 0.004067
v -0.008788 -0.027307 0.006690
v -0.008958 -0.027306 0.007438
v -0.008095 -0.027465 0.007107
v -0.008487 -0.027440 0.005585
v -0.008536 -0.027537 0.004483
v -0.008385 -0.027415 0.006510
v -0.008022 -0.027552 0.008367
v -0.007986 -0.027471 0.007797
v -0.008643 -0.027517 0.008059
v -0.007595 -0.027557 0.006050
v -0.007908 -0.027551 0.005387
v -0.008130 -0.027703 0.004922
v -0.009489 -0.027072 0.006972
v -0.008628 -0.027408 0.007836
v -0.008964 -0.027336 0.003524
v -0.009164 -0.027143 0.003337
v 0.004109 -0.035356 -0.015924
v 0.006132 -0.034900 -0.015273
v 0.003843 -0.034104 -0.014067
v 0.002878 -0.035213 -0.015685
v 0.001999 -0.034709 -0.014944
v 0.006844 -0.034035 -0.013944
v 0.002502 -0.033780 -0.013543
v 0.009288 -0.033966 -0.013843
v 0.006778 -0.032966 -0.012088
v 0.000727 -0.033856 -0.013682
v 0.010721 -0.032617 -0.011537
v 0.010965 -0.033486 -0.013122
v 0.011807 -0.032818 -0.011988
v 0.009098 -0.032866 -0.011920
v 0.004496 -0.033032 -0.012226
v 0.002890 -0.033073 -0.012333
v 0.001341 -0.033007 -0.012248
v 0.007656 -0.032386 -0.010956
v 0.011489 -0.032538 -0.011462
v 0.009287 -0.032075 -0.010356
v 0.005785 -0.031928 -0.010058
v 0.004571 -0.032236 -0.010716
v 0.002174 -0.032158 -0.010665
v 0.010371 -0.031949 -0.010165
v 0.007342 -0.031755 -0.009692
v 0.008571 -0.031497 -0.009295
v 0.000264 -0.031631 -0.009542
v -0.000164 -0.032304 -0.010955
v -0.000270 -0.033040 -0.012354
v 0.000595 -0.034796 -0.015071
v -0.000988 -0.034378 -0.014522
v -0.000115 -0.035019 -0.015422
v 0.003660 -0.031652 -0.009607
v 0.002305 -0.031406 -0.009274
v 0.001595 -0.031441 -0.009315
v 0.000835 -0.031315 -0.009200
v 0.010995 -0.034095 -0.014205
v 0.011409 -0.033848 -0.013808
v 0.004862 -0.035435 -0.016071
v 0.008963 -0.034633 -0.014952
v 0.007906 -0.034904 -0.015305
v 0.006306 -0.031616 -0.009392
v -0.026164 -0.010122 -0.030111
v -0.026096 -0.010399 -0.029591
v -0.026510 -0.009898 -0.030996
v -0.026376 -0.010144 -0.031000
v -0.026016 -0.010368 -0.030478
v -0.026119 -0.010338 -0.030867
v -0.025853 -0.010608 -0.030195
v -0.025198 -0.011435 -0.030161
v -0.025947 -0.010751 -0.029413
v -0.025754 -0.010796 -0.030672
v -0.025427 -0.011455 -0.030965
v -0.025974 -0.010897 -0.031081
v -0.026022 -0.010565 -0.031076
v -0.026262 -0.010606 -0.031097
v -0.025447 -0.011178 -0.029512
v -0.026295 -0.010173 -0.029309
v -0.026248 -0.010380 -0.029292
v -0.026136 -0.010520 -0.029326
v -0.026803 -0.009782 -0.031039
v -0.026062 -0.011143 -0.029345
v -0.025740 -0.011288 -0.029442
v -0.025640 -0.012365 -0.028042
v -0.025788 -0.012095 -0.028888
v -0.026259 -0.011691 -0.028450
v -0.026366 -0.011450 -0.028854
v -0.025908 -0.011734 -0.029228
v -0.026576 -0.010962 -0.029029
v -0.026012 -0.011404 -0.029333
v -0.026545 -0.011375 -0.027902
v -0.027146 -0.002327 0.020059
v -0.028388 0.011094 0.011071
v -0.028464 0.011160 0.010472
v -0.028513 0.011220 0.009924
v -0.028577 0.011333 0.009065
v -0.028549 0.011566 0.007333
v -0.028591 0.011902 0.005202
v -0.028371 0.012107 0.003522
v -0.028673 0.012159 0.002412
v -0.028589 0.012358 0.001480
v -0.028831 0.012519 -0.000686
v -0.028684 0.013135 -0.003285
v -0.028498 0.013582 -0.004293
v -0.028841 0.013409 -0.005292
v -0.028904 0.013461 -0.006464
v -0.028772 0.013739 -0.007395
v -0.028777 0.013919 -0.008330
v -0.028884 0.013899 -0.010090
v -0.028656 0.014327 -0.011964
v -0.028861 0.014750 -0.014964
v -0.028834 0.014994 -0.016872
v -0.028939 0.015078 -0.018103
v -0.028625 0.015179 -0.018926
v -0.028366 0.010991 0.011422
v -0.028334 0.010881 0.011813
v -0.028407 0.010798 0.011946
v -0.028467 0.010586 0.012393
v -0.028358 0.009783 0.013461
v 0.007521 -0.027750 0.032551
v 0.007767 -0.027546 0.033010
v 0.008352 -0.027591 0.032578
v 0.008506 -0.027507 0.032666
v 0.008798 -0.027646 0.032619
v 0.008931 -0.027485 0.032667
v 0.008992 -0.027531 0.032681
v 0.009115 -0.027780 0.032700
v 0.009297 -0.027517 0.033042
v 0.009460 -0.027685 0.032999
v 0.009509 -0.027525 0.033102
v 0.009689 -0.027782 0.033293
v 0.009740 -0.027550 0.033658
v 0.009589 -0.027541 0.033460
v 0.009504 -0.027525 0.033274
v 0.009436 -0.027514 0.033003
v 0.009150 -0.027509 0.032793
v 0.008834 -0.027493 0.032863
v 0.006959 -0.027539 0.032831
v 0.010003 -0.027806 0.033811
v 0.006656 -0.027531 0.032547
v 0.006742 -0.027852 0.032473
v -0.001549 -0.027577 0.032588
v -0.000811 -0.027836 0.032512
v -0.001667 -0.027792 0.032473
v -0.001819 -0.027541 0.033079
v -0.000568 -0.027543 0.032723
v 0.000653 -0.027553 0.032738
v 0.000485 -0.027881 0.032525
v 0.001594 -0.027637 0.032595
v 0.002190 -0.027539 0.032775
v 0.004102 -0.027528 0.032667
v 0.003656 -0.027735 0.032557
v 0.004905 -0.027550 0.032762
v 0.004508 -0.027683 0.032541
v 0.005950 -0.027798 0.032497
v 0.004811 -0.027937 0.032417
v 0.007710 -0.028372 0.031606
v 0.007670 -0.028458 0.029429
v 0.006712 -0.028415 0.031376
v -0.001223 -0.028273 0.032204
v -0.001148 -0.028384 0.031837
v -0.001787 -0.028316 0.032073
v -0.000327 -0.028224 0.032198
v -0.000614 -0.028401 0.031616
v 0.000188 -0.028365 0.031720
v 0.006908 -0.028310 0.031979
v 0.000888 -0.028306 0.031915
v 0.001686 -0.028336 0.031648
v 0.001926 -0.028103 0.032273
v 0.002570 -0.028337 0.031706
v 0.003328 -0.028359 0.031749
v 0.003527 -0.028230 0.032100
v 0.003962 -0.028360 0.031836
v 0.004875 -0.028413 0.031572
v 0.004976 -0.028256 0.032106
v 0.005754 -0.028415 0.031655
v 0.005967 -0.028285 0.032087
v 0.008055 -0.028265 0.032101
v -0.001486 -0.028068 0.032374
v 0.000803 -0.028122 0.032297
v 0.006236 -0.028111 0.032301
v 0.007321 -0.028067 0.032335
v 0.003406 -0.027915 0.032447
v 0.004283 -0.027799 0.032481
v 0.008089 -0.027898 0.032433
v 0.005504 -0.028454 0.030087
v 0.003654 -0.028451 0.030267
v 0.002441 -0.028442 0.029875
v 0.000930 -0.028428 0.030563
v -0.000037 -0.028441 0.030630
v -0.002115 -0.028121 0.032309
v -0.001439 -0.028442 0.030502
v -0.008334 -0.028064 0.030440
v -0.008007 -0.027675 0.030700
v -0.007932 -0.028049 0.030592
v -0.008521 -0.027658 0.030549
v -0.008834 -0.027976 0.030257
v -0.009146 -0.027705 0.030254
v -0.007909 -0.028217 0.030458
v -0.008557 -0.028253 0.030022
v -0.009263 -0.027920 0.030015
v -0.009057 -0.028098 0.029849
v -0.007967 -0.028339 0.030201
v -0.008887 -0.028242 0.029465
v -0.008157 -0.028394 0.029749
v -0.009428 -0.028012 0.028667
v -0.009488 -0.027921 0.029607
v -0.008451 -0.028365 0.029197
v -0.009221 -0.027468 0.030280
v -0.009133 -0.027303 0.030332
v -0.008787 -0.027495 0.030449
v -0.007472 -0.027558 0.030933
v -0.007518 -0.027846 0.030810
v -0.007533 -0.028098 0.030680
v -0.007025 -0.028215 0.030721
v -0.007428 -0.028371 0.030333
v -0.007446 -0.028432 0.029826
v -0.006684 -0.028377 0.030377
v -0.006510 -0.028475 0.028990
v -0.005595 -0.028376 0.030429
v -0.002928 -0.028425 0.031100
v -0.003530 -0.028388 0.031111
v -0.003261 -0.028292 0.031694
v -0.002423 -0.028398 0.031687
v -0.005543 -0.028183 0.031063
v -0.004880 -0.028359 0.030710
v -0.004231 -0.028314 0.031115
v -0.002436 -0.028236 0.032127
v -0.004033 -0.028089 0.031732
v -0.002876 -0.028044 0.032154
v -0.007075 -0.027988 0.030882
v -0.006394 -0.027969 0.031105
v -0.005145 -0.027823 0.031627
v -0.006497 -0.027705 0.031215
v -0.004098 -0.027894 0.031916
v -0.003499 -0.027892 0.032088
v -0.002301 -0.027885 0.032366
v -0.002804 -0.027671 0.032330
v -0.003709 -0.028442 0.028576
v -0.005992 -0.027611 0.031574
v -0.002113 -0.027665 0.032465
v -0.002120 -0.027472 0.032578
v -0.002361 -0.027546 0.032457
v -0.002586 -0.027505 0.032631
v -0.000339 -0.031016 0.008896
v -0.000622 -0.030936 0.008889
v -0.000331 -0.030331 0.008841
v -0.000217 -0.030943 0.008864
v 0.000026 -0.031083 0.008904
v 0.000180 -0.030732 0.008828
v -0.000895 -0.030959 0.008895
v -0.000697 -0.031267 0.009089
v -0.000383 -0.031279 0.009083
v -0.000154 -0.031273 0.009066
v 0.000283 -0.031257 0.009071
v -0.000931 -0.030185 0.008812
v -0.001612 -0.031507 0.009574
v 0.000180 -0.031621 0.009727
v 0.000990 -0.030101 0.008837
v 0.000348 -0.030989 0.008901
v 0.008188 -0.030701 0.008843
v 0.008708 -0.030999 0.008883
v 0.008159 -0.031122 0.008960
v 0.008945 -0.030401 0.008809
v 0.000861 -0.031112 0.009011
v 0.001628 -0.030775 0.008865
v 0.001765 -0.031166 0.009014
v 0.002590 -0.031071 0.008940
v 0.003327 -0.031128 0.008927
v 0.003358 -0.030842 0.008842
v 0.004012 -0.031136 0.008988
v 0.004152 -0.030691 0.008862
v 0.004977 -0.031116 0.009046
v 0.005038 -0.030732 0.008894
v 0.005857 -0.031036 0.009017
v 0.006218 -0.030133 0.008837
v 0.006754 -0.031054 0.009010
v 0.007527 -0.031118 0.008971
v 0.007343 -0.030634 0.008866
v 0.001583 -0.031395 0.009271
v 0.002569 -0.031460 0.009361
v 0.003326 -0.031294 0.009094
v 0.009018 -0.031052 0.008886
v 0.008847 -0.031357 0.009136
v 0.008470 -0.031515 0.009383
v 0.004679 -0.029278 0.008887
v 0.002757 -0.029884 0.008835
v 0.002385 -0.031947 0.010366
v 0.004263 -0.031714 0.009929
v 0.006431 -0.031699 0.009909
v 0.007753 -0.031411 0.009289
v 0.007095 -0.028668 0.008915
v 0.008626 -0.031836 0.010104
v 0.010047 -0.031812 0.010054
v 0.009091 -0.032518 0.011513
v 0.010960 -0.032372 0.011312
v 0.007026 -0.032487 0.011446
v 0.004993 -0.032398 0.011293
v 0.000435 -0.031993 0.010507
v 0.000848 -0.032599 0.011752
v 0.010469 -0.033167 0.012773
v 0.002652 -0.033099 0.012616
v 0.011967 -0.032997 0.012557
v 0.007874 -0.033467 0.013240
v 0.005342 -0.033367 0.013058
v 0.011932 -0.033517 0.013480
v 0.011457 -0.033899 0.014091
v 0.009380 -0.034066 0.014252
v -0.000124 -0.033440 0.013263
v 0.001109 -0.034369 0.014718
v 0.007449 -0.034251 0.014527
v 0.005824 -0.034244 0.014500
v 0.003764 -0.034447 0.014815
v 0.005202 -0.035155 0.015821
v 0.006463 -0.035043 0.015686
v 0.008274 -0.034849 0.015436
v 0.004386 -0.035346 0.016117
v 0.002087 -0.035252 0.015983
v 0.003416 -0.035328 0.016097
v -0.000375 -0.034592 0.015051
v -0.001269 -0.033980 0.014196
v 0.010871 -0.034329 0.014720
v 0.009781 -0.034649 0.015152
v 0.001032 -0.035361 0.016194
v 0.012490 -0.032480 0.011655
v -0.033293 -0.006869 0.008646
v -0.033677 -0.005024 0.008031
v -0.033109 -0.005853 0.007376
v -0.034074 -0.002453 0.007402
v -0.034292 -0.003349 0.008854
v -0.034521 -0.001905 0.008621
v -0.033993 -0.003778 0.007983
v -0.033919 -0.004964 0.008853
v -0.032469 -0.007568 0.007383
v -0.033247 -0.004355 0.006705
v -0.034059 -0.000892 0.006560
v -0.034447 -0.001152 0.007719
v -0.034186 -0.004359 0.009649
v -0.028692 -0.013509 0.024674
v -0.029394 -0.012102 0.023927
v -0.028990 -0.013531 0.024222
v -0.030802 -0.007900 0.022289
v -0.030066 -0.008639 0.023273
v -0.030671 -0.006735 0.022400
v -0.030359 -0.009182 0.022936
v -0.029547 -0.010147 0.023924
v -0.029907 -0.010560 0.023470
v -0.029037 -0.011634 0.024483
v -0.028339 -0.013443 0.025133
v -0.029889 -0.007664 0.023315
v -0.028324 -0.012642 0.025198
v -0.029015 -0.009482 0.024260
v -0.028447 -0.011699 0.025028
v -0.028922 -0.007466 0.023824
v -0.028185 -0.009118 0.024553
v -0.027846 -0.010657 0.025125
v -0.027528 -0.012455 0.025691
v -0.028289 -0.007238 0.023903
v -0.026876 -0.011807 0.025713
v -0.027784 -0.007910 0.024155
v -0.027895 -0.007146 0.023853
v -0.027426 -0.009212 0.024728
v -0.027186 -0.010288 0.025167
v -0.028848 -0.014557 0.023973
v -0.028423 -0.014844 0.024624
v -0.029522 -0.013490 0.023192
v -0.030367 -0.012142 0.022027
v -0.030562 -0.010721 0.022226
v -0.030595 -0.009879 0.022436
v -0.031102 -0.009239 0.021518
v -0.031599 -0.006757 0.020831
v -0.030394 -0.006072 0.022601
v -0.029788 -0.006099 0.023021
v -0.029045 -0.005796 0.023158
v -0.028137 -0.006450 0.023539
v -0.026221 -0.010702 0.025303
v -0.025617 -0.011882 0.025758
v -0.025087 -0.013156 0.026258
v -0.025841 -0.012995 0.026273
v -0.026547 -0.013323 0.026245
v -0.027311 -0.013609 0.025976
v -0.027927 -0.014774 0.025380
v 0.001447 -0.028977 0.034568
v 0.001065 -0.028351 0.034440
v 0.000900 -0.028957 0.034562
v 0.007521 -0.028924 0.034549
v 0.007477 -0.028325 0.034411
v 0.006890 -0.028550 0.034431
v 0.002397 -0.029046 0.034605
v 0.002323 -0.028756 0.034479
v 0.003188 -0.029017 0.034600
v 0.003935 -0.028720 0.034455
v 0.005319 -0.029074 0.034651
v 0.005696 -0.028441 0.034344
v 0.006119 -0.028841 0.034501
v 0.006528 -0.029069 0.034645
v 0.004202 -0.029185 0.034772
v 0.007550 -0.029259 0.034763
v 0.002469 -0.029320 0.034930
v 0.006007 -0.029202 0.034764
v 0.001259 -0.029422 0.035097
v 0.002489 -0.029473 0.035613
v 0.002857 -0.029429 0.035185
v 0.003723 -0.029377 0.035059
v 0.005801 -0.029359 0.035092
v 0.004888 -0.029417 0.035260
v 0.007156 -0.029417 0.035160
v 0.003800 -0.029451 0.035497
v 0.005702 -0.029465 0.035618
v 0.006644 -0.029499 0.036181
v 0.007913 -0.029473 0.035708
v 0.004231 -0.027783 0.034221
v 0.007700 -0.029424 0.035090
v 0.000558 -0.028818 0.034545
v 0.007873 -0.028597 0.034480
v 0.002618 -0.028143 0.034330
v 0.000980 -0.029225 0.034761
v 0.008109 -0.028930 0.034597
v 0.008402 -0.028887 0.034693
v 0.008209 -0.028509 0.034525
v 0.008596 -0.028605 0.034770
v 0.008638 -0.028935 0.034882
v 0.008733 -0.028914 0.035016
v 0.008900 -0.028463 0.035127
v 0.008950 -0.028799 0.035434
v 0.008346 -0.029177 0.034785
v 0.008038 -0.029147 0.034663
v 0.008592 -0.029172 0.034991
v 0.008793 -0.029148 0.035324
v 0.008893 -0.029106 0.035592
v 0.008087 -0.029308 0.034788
v 0.008358 -0.029386 0.035028
v 0.008037 -0.029432 0.035041
v 0.008595 -0.029362 0.035346
v 0.008747 -0.029300 0.035722
v 0.008435 -0.029440 0.035646
v 0.008279 -0.029462 0.035400
v 0.008942 -0.029088 0.035911
v 0.008985 -0.028927 0.035804
v 0.009032 -0.028544 0.035783
v 0.009086 -0.028198 0.035610
v 0.008575 -0.028258 0.034681
v 0.009089 -0.027799 0.035168
v 0.008826 -0.027890 0.034868
v 0.008094 -0.028129 0.034392
v 0.008500 -0.028060 0.034518
v 0.009405 -0.027605 0.035476
v 0.009132 -0.027643 0.035452
v 0.009011 -0.027619 0.034895
v 0.008847 -0.027669 0.034604
v 0.008701 -0.027571 0.034035
v 0.008088 -0.027662 0.034289
v 0.007062 -0.027802 0.034218
v 0.005997 -0.027618 0.033958
v 0.001637 -0.027641 0.033860
v 0.002799 -0.027647 0.034179
v -0.000425 -0.028243 0.035075
v -0.000358 -0.028468 0.034990
v -0.000185 -0.028225 0.034850
v -0.000001 -0.027783 0.034630
v -0.000396 -0.027729 0.034899
v 0.000078 -0.027566 0.033974
v -0.000263 -0.027539 0.034590
v -0.000768 -0.027566 0.034617
v 0.000189 -0.028473 0.034638
v -0.000444 -0.027974 0.035055
v -0.000613 -0.028293 0.035060
v -0.000581 -0.027750 0.035045
v -0.000606 -0.027572 0.034960
v -0.000226 -0.028751 0.034913
v -0.000536 -0.028912 0.035047
v -0.001159 -0.027857 0.034833
v -0.000194 -0.029073 0.035007
v -0.000123 -0.029588 0.035178
v -0.000030 -0.029344 0.035089
v 0.000307 -0.029555 0.035285
v 0.000153 -0.029466 0.035187
v 0.000058 -0.029249 0.034942
v 0.000592 -0.029478 0.035230
v 0.000757 -0.029551 0.035391
v 0.000185 -0.028827 0.034692
v 0.000229 -0.029151 0.034792
v 0.000450 -0.029047 0.034655
v 0.000475 -0.029339 0.034928
v 0.000318 -0.029393 0.035054
v 0.001209 -0.030210 0.035590
v 0.001681 -0.030735 0.035632
v 0.001911 -0.029919 0.035808
v 0.000662 -0.031064 0.035250
v 0.000584 -0.030437 0.035389
v 0.000017 -0.030556 0.035215
v -0.000833 -0.030842 0.034913
v -0.000512 -0.030394 0.035069
v 0.001715 -0.031393 0.035337
v 0.002419 -0.031014 0.035694
v -0.000151 -0.031482 0.034874
v 0.000823 -0.031749 0.034923
v 0.001799 -0.031908 0.034929
v 0.002970 -0.031562 0.035373
v -0.000052 -0.032067 0.034486
v 0.000738 -0.032277 0.034405
v 0.002800 -0.032230 0.034614
v 0.001575 -0.032685 0.033953
v 0.000206 -0.032767 0.033650
v -0.000966 -0.032298 0.034064
v -0.001331 -0.032924 0.033133
v -0.000997 -0.031743 0.034511
v -0.001609 -0.029283 0.034730
v 0.000634 -0.029761 0.035425
v 0.002354 -0.029803 0.035948
v 0.002535 -0.030378 0.035940
v 0.030038 -0.008419 0.034899
v 0.029204 -0.009347 0.036036
v 0.030083 -0.010566 0.035182
v 0.029409 -0.010366 0.035987
v 0.029476 -0.011150 0.035936
v 0.029850 -0.012925 0.035455
v 0.029279 -0.013636 0.036019
v 0.029346 -0.014852 0.035724
v 0.029654 -0.016325 0.035006
v 0.028675 -0.016618 0.035958
v 0.028722 -0.018330 0.035269
v 0.026872 -0.021925 0.035164
v 0.027255 -0.020831 0.035514
v 0.026479 -0.021342 0.035935
v 0.026011 -0.021872 0.035977
v 0.025843 -0.022941 0.035365
v 0.025350 -0.023823 0.035089
v 0.024929 -0.023358 0.035804
v 0.024398 -0.024136 0.035554
v 0.029685 -0.006586 0.034826
v 0.030403 -0.006959 0.034007
v 0.031043 -0.010550 0.033940
v 0.031077 -0.012458 0.033913
v 0.031162 -0.014450 0.033535
v 0.030644 -0.015172 0.034079
v 0.030479 -0.016889 0.033794
v 0.029958 -0.018168 0.033905
v 0.029410 -0.019494 0.033870
v 0.028520 -0.020656 0.034202
v 0.027693 -0.019677 0.035708
v 0.027866 -0.022013 0.034007
v 0.026942 -0.023217 0.034056
v 0.026041 -0.024264 0.034035
v 0.024535 -0.025475 0.034206
v 0.023209 -0.025079 0.035594
v 0.022802 -0.026128 0.034891
v 0.029823 -0.005385 0.034071
v 0.030889 -0.004977 0.032273
v 0.029375 -0.003625 0.033633
v 0.031110 -0.007813 0.033287
v 0.031337 -0.008757 0.033228
v 0.031397 -0.009658 0.033329
v 0.031714 -0.011717 0.033010
v 0.030917 -0.018457 0.032381
v 0.029532 -0.021208 0.032494
v 0.027865 -0.023768 0.032413
v 0.025762 -0.025406 0.033107
v 0.023362 -0.026704 0.033879
v 0.030271 -0.003556 0.032314
v 0.029054 -0.002401 0.033160
v 0.031355 -0.006727 0.032435
v 0.032013 -0.010649 0.032463
v 0.032136 -0.012811 0.032268
v 0.031946 -0.013746 0.032481
v 0.031689 -0.015803 0.032352
v 0.031369 -0.016921 0.032452
v 0.030304 -0.019817 0.032416
v 0.028795 -0.022396 0.032494
v 0.026855 -0.024819 0.032531
v 0.024738 -0.026855 0.032389
v 0.023700 -0.027059 0.033155
v 0.028745 -0.001198 0.032571
v 0.029998 -0.002151 0.031560
v 0.028998 -0.000795 0.031855
v 0.032002 -0.008309 0.031961
v 0.032068 -0.009593 0.032216
v 0.032556 -0.011759 0.031523
v 0.032256 -0.014830 0.031679
v 0.031637 -0.018014 0.031418
v 0.028738 -0.023572 0.031391
v 0.026285 -0.026149 0.031545
v 0.029311 -0.000626 0.031172
v 0.030557 -0.001543 0.029922
v 0.031364 -0.003955 0.030678
v 0.031981 -0.005375 0.030539
v 0.032211 -0.006408 0.030715
v 0.032509 -0.007567 0.030698
v 0.032802 -0.008696 0.030517
v 0.032829 -0.010229 0.030822
v 0.032978 -0.013040 0.030589
v 0.032588 -0.013892 0.031291
v 0.032538 -0.016003 0.030692
v 0.032191 -0.017064 0.030890
v 0.031595 -0.019290 0.030562
v 0.030970 -0.020026 0.031154
v 0.030340 -0.021559 0.030838
v 0.029551 -0.022819 0.030887
v 0.028353 -0.024707 0.030557
v 0.027485 -0.025448 0.030857
v 0.025186 -0.027266 0.031303
v 0.029481 0.000042 0.030068
v 0.031266 -0.002987 0.029990
v 0.033332 -0.011868 0.029826
v 0.033075 -0.014780 0.029974
v 0.032268 -0.018320 0.029879
v 0.031246 -0.020925 0.029736
v 0.029236 -0.024096 0.029839
v 0.026843 -0.026696 0.029885
v 0.025331 -0.027755 0.030295
v 0.030041 0.000185 0.028591
v 0.028980 0.001063 0.029506
v 0.028718 0.000751 0.030451
v 0.030652 -0.001080 0.029062
v 0.032116 -0.003969 0.029001
v 0.032549 -0.005154 0.029057
v 0.032894 -0.006297 0.029085
v 0.033093 -0.007303 0.029218
v 0.033366 -0.008402 0.029056
v 0.033536 -0.009622 0.029008
v 0.033636 -0.010838 0.028960
v 0.033636 -0.013025 0.028986
v 0.033539 -0.014066 0.029024
v 0.033175 -0.016181 0.029074
v 0.032854 -0.017274 0.029212
v 0.032146 -0.019664 0.028905
v 0.031650 -0.020416 0.029372
v 0.030749 -0.022332 0.029073
v 0.030087 -0.023293 0.029196
v 0.028770 -0.025218 0.028978
v 0.027934 -0.026083 0.029061
v 0.025870 -0.028037 0.028868
v 0.031515 -0.002441 0.028750
v 0.034016 -0.012450 0.027862
v 0.033676 -0.015302 0.028066
v 0.032730 -0.018898 0.028072
v 0.031576 -0.021646 0.027884
v 0.029369 -0.024990 0.027941
v 0.027114 -0.027133 0.028553
v 0.028860 0.001720 0.028509
v 0.029879 0.000969 0.027471
v 0.029248 0.002037 0.026903
v 0.030566 -0.000043 0.027549
v 0.031379 -0.001451 0.027595
v 0.032373 -0.003468 0.027611
v 0.032981 -0.005033 0.027653
v 0.033291 -0.006142 0.027796
v 0.033723 -0.007757 0.027583
v 0.033936 -0.009355 0.027708
v 0.034187 -0.010749 0.027182
v 0.033970 -0.014042 0.027685
v 0.033423 -0.017096 0.027618
v 0.032273 -0.020713 0.027080
v 0.030466 -0.023587 0.027709
v 0.028365 -0.026298 0.027633
v 0.027467 -0.027217 0.027589
v 0.026114 -0.028370 0.027562
v 0.030087 0.001253 0.026051
v 0.031066 -0.000219 0.026147
v 0.031978 -0.001795 0.026142
v 0.032697 -0.003303 0.026147
v 0.033331 -0.004983 0.026245
v 0.033766 -0.006552 0.026394
v 0.034320 -0.009525 0.026252
v 0.034435 -0.012499 0.026235
v 0.034310 -0.014012 0.026328
v 0.034144 -0.015259 0.026352
v 0.033913 -0.016521 0.026311
v 0.033649 -0.017761 0.026110
v 0.033100 -0.019270 0.026235
v 0.031618 -0.022398 0.026316
v 0.030747 -0.023822 0.026281
v 0.029732 -0.025222 0.026253
v 0.028627 -0.026485 0.026293
v 0.027665 -0.027470 0.026268
v 0.026873 -0.028053 0.026720
v 0.029264 0.002464 0.025454
v 0.028832 0.002773 0.026058
v 0.033793 -0.006072 0.025747
v 0.034313 -0.008294 0.025411
v 0.034521 -0.010741 0.025808
v 0.034546 -0.011789 0.025808
v 0.033446 -0.018746 0.025620
v 0.032562 -0.020783 0.025845
v 0.031906 -0.022245 0.025377
v 0.030155 -0.024896 0.025693
v 0.026182 -0.028837 0.025770
v 0.030108 0.001690 0.024180
v 0.030863 0.000479 0.024973
v 0.031574 -0.000521 0.024429
v 0.032113 -0.001586 0.024901
v 0.032672 -0.002714 0.024964
v 0.033149 -0.003786 0.024877
v 0.033514 -0.004814 0.024980
v 0.033891 -0.005967 0.024958
v 0.034162 -0.007072 0.024996
v 0.034580 -0.009595 0.024901
v 0.034663 -0.010644 0.024927
v 0.034699 -0.011789 0.024904
v 0.034660 -0.012895 0.024935
v 0.034556 -0.014056 0.024995
v 0.034394 -0.015258 0.025020
v 0.034173 -0.016449 0.025019
v 0.033905 -0.017592 0.025004
v 0.033612 -0.018598 0.024970
v 0.033237 -0.019757 0.024441
v 0.032675 -0.020901 0.024893
v 0.031031 -0.023812 0.025034
v 0.030299 -0.024902 0.024935
v 0.029580 -0.025813 0.024904
v 0.028782 -0.026678 0.024958
v 0.027864 -0.027589 0.024979
v 0.027067 -0.028296 0.025044
v 0.029146 0.002921 0.023584
v 0.029231 0.002719 0.024419
v 0.031021 0.000455 0.023967
v 0.032328 -0.001674 0.023415
v 0.032752 -0.002618 0.023977
v 0.033222 -0.003694 0.023937
v 0.033650 -0.004858 0.023948
v 0.033971 -0.005893 0.024044
v 0.034272 -0.007039 0.023968
v 0.034499 -0.008217 0.024014
v 0.034670 -0.009471 0.023996
v 0.034770 -0.010684 0.023936
v 0.034796 -0.011762 0.024007
v 0.034772 -0.012900 0.023936
v 0.034679 -0.014102 0.023966
v 0.034521 -0.015295 0.023982
v 0.034298 -0.016474 0.023981
v 0.034000 -0.017656 0.023986
v 0.033691 -0.018649 0.024110
v 0.032745 -0.021049 0.023876
v 0.031995 -0.022538 0.023501
v 0.031140 -0.023877 0.023985
v 0.030403 -0.024942 0.023989
v 0.029639 -0.025914 0.023949
v 0.028832 -0.026813 0.023939
v 0.027945 -0.027685 0.023962
v 0.026436 -0.028949 0.023899
v 0.030095 0.001869 0.022412
v 0.029172 0.003006 0.022817
v 0.030945 0.000674 0.023106
v 0.031706 -0.000495 0.022652
v 0.033172 -0.003375 0.022457
v 0.033705 -0.004835 0.022977
v 0.034221 -0.006575 0.022642
v 0.034559 -0.008189 0.023024
v 0.034734 -0.009425 0.023053
v 0.034828 -0.010651 0.023020
v 0.034848 -0.012477 0.022632
v 0.034739 -0.014115 0.023014
v 0.034585 -0.015321 0.023042
v 0.034365 -0.016494 0.023040
v 0.034063 -0.017685 0.023026
v 0.033503 -0.019387 0.022711
v 0.032851 -0.020933 0.023049
v 0.032363 -0.021943 0.023056
v 0.031115 -0.024050 0.023023
v 0.030447 -0.024995 0.023058
v 0.029686 -0.025951 0.023042
v 0.028870 -0.026863 0.023028
v 0.027994 -0.027732 0.023055
v 0.027224 -0.028413 0.023164
v 0.029520 0.002589 0.021522
v 0.029271 0.002904 0.022103
v 0.031073 0.000526 0.022116
v 0.032367 -0.001622 0.022138
v 0.032837 -0.002577 0.022127
v 0.033741 -0.004856 0.022060
v 0.034053 -0.005862 0.022065
v 0.034593 -0.008295 0.022051
v 0.034757 -0.009438 0.022084
v 0.034852 -0.010576 0.022104
v 0.034879 -0.011735 0.022080
v 0.034744 -0.014232 0.022071
v 0.034602 -0.015339 0.022088
v 0.034382 -0.016507 0.022076
v 0.034104 -0.017646 0.022088
v 0.033776 -0.018708 0.022093
v 0.032859 -0.020959 0.022178
v 0.032059 -0.022494 0.021770
v 0.031181 -0.023967 0.022110
v 0.030467 -0.025002 0.022100
v 0.029706 -0.025954 0.022079
v 0.028890 -0.026868 0.022080
v 0.028002 -0.027751 0.022114
v 0.026640 -0.028912 0.022507
v 0.030201 0.001554 0.019981
v 0.030981 0.000602 0.021109
v 0.031676 -0.000475 0.021142
v 0.032306 -0.001575 0.021176
v 0.032808 -0.002550 0.021238
v 0.033252 -0.003607 0.021179
v 0.033692 -0.004801 0.021180
v 0.034030 -0.005844 0.021223
v 0.034305 -0.006958 0.021169
v 0.034545 -0.008193 0.021131
v 0.034731 -0.009475 0.021089
v 0.034828 -0.010645 0.021128
v 0.034863 -0.011719 0.021225
v 0.034818 -0.012884 0.021158
v 0.034710 -0.014188 0.021140
v 0.034579 -0.015310 0.021190
v 0.034347 -0.016488 0.021071
v 0.034042 -0.017720 0.021076
v 0.033752 -0.018719 0.021207
v 0.033342 -0.019802 0.021201
v 0.032822 -0.020978 0.021252
v 0.031050 -0.024103 0.021059
v 0.030468 -0.024955 0.021188
v 0.029704 -0.025902 0.021078
v 0.028860 -0.026852 0.021088
v 0.028009 -0.027719 0.021169
v 0.027136 -0.028496 0.021253
v 0.029140 0.002889 0.020427
v 0.031313 -0.000157 0.019586
v 0.032212 -0.001624 0.019832
v 0.032963 -0.003215 0.019731
v 0.033625 -0.004821 0.020142
v 0.034089 -0.006466 0.019898
v 0.034443 -0.008155 0.019843
v 0.034626 -0.009522 0.019751
v 0.034761 -0.010710 0.020113
v 0.034748 -0.012370 0.019878
v 0.034604 -0.014215 0.019778
v 0.034335 -0.015948 0.019779
v 0.033897 -0.017765 0.019710
v 0.033381 -0.019409 0.019807
v 0.032774 -0.020944 0.020155
v 0.031941 -0.022473 0.019819
v 0.030982 -0.024017 0.019787
v 0.029971 -0.025407 0.019813
v 0.028700 -0.026833 0.019740
v 0.027886 -0.027732 0.020199
v 0.027080 -0.028475 0.020393
v 0.025682 -0.029566 0.020773
v 0.029512 0.002155 0.018587
v 0.028982 0.002652 0.018328
v 0.029116 0.002782 0.019539
v 0.033549 -0.004940 0.019181
v 0.033878 -0.005977 0.019210
v 0.034656 -0.010803 0.019165
v 0.034686 -0.011855 0.019208
v 0.034360 -0.015427 0.019155
v 0.033489 -0.018899 0.019182
v 0.032648 -0.020971 0.019206
v 0.032153 -0.021967 0.019205
v 0.030249 -0.024965 0.019231
v 0.027676 -0.027775 0.019279
v 0.026448 -0.028888 0.019630
v 0.030006 0.001272 0.017816
v 0.030821 0.000274 0.018388
v 0.031598 -0.001364 0.017522
v 0.032066 -0.001748 0.018539
v 0.032581 -0.002724 0.018627
v 0.032990 -0.003771 0.018393
v 0.033368 -0.004788 0.018418
v 0.033715 -0.006456 0.017736
v 0.034052 -0.007127 0.018507
v 0.034266 -0.008079 0.018646
v 0.034418 -0.009354 0.018474
v 0.034514 -0.010579 0.018390
v 0.034406 -0.012300 0.017784
v 0.034538 -0.012968 0.018523
v 0.034479 -0.013981 0.018650
v 0.034300 -0.015146 0.018490
v 0.033770 -0.016917 0.017772
v 0.033799 -0.017495 0.018589
v 0.033196 -0.018992 0.017929
v 0.033037 -0.019798 0.018489
v 0.032625 -0.020744 0.018476
v 0.031761 -0.022148 0.017825
v 0.031517 -0.022853 0.018462
v 0.030916 -0.023813 0.018492
v 0.030206 -0.024810 0.018422
v 0.029490 -0.025698 0.018421
v 0.028735 -0.026545 0.018537
v 0.027250 -0.027873 0.018144
v 0.026843 -0.028360 0.018568
v 0.029432 0.001872 0.017354
v 0.030752 -0.000203 0.016872
v 0.032572 -0.003303 0.017516
v 0.033196 -0.004973 0.017401
v 0.034120 -0.008725 0.017495
v 0.034196 -0.010686 0.017023
v 0.034179 -0.014573 0.017590
v 0.032406 -0.020727 0.017521
v 0.030728 -0.023707 0.017460
v 0.030116 -0.024635 0.017546
v 0.029343 -0.025554 0.017424
v 0.028471 -0.026521 0.017486
v 0.025521 -0.029259 0.018152
v 0.029648 0.001027 0.016111
v 0.031429 -0.001937 0.015932
v 0.032157 -0.003383 0.016030
v 0.032837 -0.005131 0.016011
v 0.033258 -0.006743 0.015816
v 0.033655 -0.008426 0.016025
v 0.033844 -0.009759 0.016042
v 0.033962 -0.012480 0.016117
v 0.033845 -0.014143 0.016165
v 0.033561 -0.015942 0.016155
v 0.033166 -0.017559 0.016083
v 0.032701 -0.019034 0.016159
v 0.032093 -0.020573 0.016224
v 0.031312 -0.022029 0.016117
v 0.030317 -0.023566 0.016002
v 0.029462 -0.024895 0.016228
v 0.028209 -0.026270 0.016109
v 0.027040 -0.027552 0.016531
v 0.025235 -0.029029 0.016690
v 0.030353 -0.000731 0.014880
v 0.033052 -0.006331 0.015468
v 0.033521 -0.011774 0.014810
v 0.033126 -0.015718 0.014775
v 0.032687 -0.018523 0.015518
v 0.031146 -0.021680 0.015131
v 0.029442 -0.024540 0.015493
v 0.027183 -0.027078 0.015637
v 0.029311 0.000637 0.014673
v 0.031107 -0.002329 0.014568
v 0.031780 -0.003663 0.014712
v 0.032366 -0.005055 0.014817
v 0.032647 -0.006736 0.014232
v 0.033043 -0.007267 0.014818
v 0.032968 -0.008661 0.014072
v 0.033288 -0.010232 0.014397
v 0.033386 -0.014007 0.014780
v 0.032608 -0.017787 0.014757
v 0.031793 -0.019772 0.014513
v 0.031680 -0.020447 0.014935
v 0.029939 -0.023022 0.014302
v 0.028862 -0.024443 0.014182
v 0.028327 -0.025522 0.014870
v 0.027091 -0.026739 0.014778
v 0.025634 -0.028063 0.014978
v 0.029989 -0.001183 0.013494
v 0.029400 -0.000228 0.013639
v 0.030614 -0.002415 0.013402
v 0.031166 -0.003891 0.013169
v 0.031917 -0.005500 0.013468
v 0.032815 -0.012313 0.013183
v 0.032837 -0.013930 0.013458
v 0.032587 -0.015483 0.013404
v 0.032187 -0.017184 0.013415
v 0.031610 -0.018750 0.013272
v 0.030521 -0.021429 0.013532
v 0.027107 -0.025982 0.013529
v 0.025746 -0.027379 0.013800
v 0.029972 -0.002208 0.012406
v 0.032051 -0.006980 0.012821
v 0.032301 -0.008505 0.012699
v 0.032436 -0.009599 0.012639
v 0.032490 -0.010823 0.012585
v 0.032186 -0.015236 0.012489
v 0.030563 -0.020460 0.012709
v 0.029244 -0.022705 0.012639
v 0.028401 -0.023753 0.012502
v 0.027475 -0.024901 0.012535
v 0.030421 -0.004119 0.011667
v 0.031196 -0.006057 0.011786
v 0.031701 -0.006677 0.012327
v 0.032011 -0.012592 0.011666
v 0.032051 -0.014286 0.011986
v 0.031536 -0.016826 0.011980
v 0.030986 -0.018273 0.011814
v 0.030391 -0.019691 0.011784
v 0.029353 -0.021700 0.011820
v 0.025774 -0.025991 0.011802
v 0.025024 -0.027145 0.012523
v 0.029804 -0.003340 0.011271
v 0.029638 -0.002655 0.011530
v 0.031534 -0.008049 0.011468
v 0.031595 -0.010168 0.011078
v 0.031568 -0.012331 0.010924
v 0.031121 -0.016107 0.010992
v 0.030536 -0.017835 0.010856
v 0.029214 -0.020683 0.010796
v 0.027848 -0.022878 0.010847
v 0.026732 -0.024401 0.011023
v 0.029899 -0.004378 0.010737
v 0.030420 -0.006224 0.010473
v 0.030818 -0.007780 0.010408
v 0.030967 -0.009431 0.010207
v 0.031015 -0.014397 0.010360
v 0.029640 -0.019198 0.010382
v 0.028254 -0.021984 0.010564
v 0.025048 -0.025571 0.010555
v 0.023406 -0.027428 0.011294
v 0.030652 -0.010440 0.009699
v 0.030824 -0.011430 0.009842
v 0.030618 -0.012324 0.009612
v 0.030579 -0.013363 0.009619
v 0.030292 -0.016133 0.009797
v 0.029940 -0.017181 0.009741
v 0.029581 -0.018112 0.009709
v 0.028807 -0.019807 0.009710
v 0.028363 -0.020568 0.009667
v 0.027816 -0.021381 0.009617
v 0.026978 -0.022443 0.009544
v 0.026158 -0.023706 0.009776
v 0.025500 -0.024456 0.009807
v 0.023697 -0.025866 0.009708
v 0.030407 -0.008993 0.009510
v 0.028680 -0.008266 0.036207
v 0.028860 -0.007505 0.035955
v 0.028911 -0.006725 0.035719
v 0.028919 -0.005822 0.035393
v 0.028579 -0.004971 0.035275
v 0.028536 -0.004047 0.034802
v 0.028689 0.002464 0.027436
v 0.029403 -0.001906 0.011955
v 0.029861 -0.005207 0.010200
v 0.029736 -0.006152 0.009668
v 0.029808 -0.006848 0.009474
v 0.030005 -0.007478 0.009466
v 0.030166 -0.008309 0.009382
v 0.030150 -0.009474 0.009207
v 0.030104 -0.014423 0.009237
v 0.029928 -0.015637 0.009270
v 0.028732 -0.018994 0.009265
v 0.024403 -0.024682 0.009236
v 0.022604 -0.026553 0.009591
v 0.023978 -0.028327 0.013216
v 0.023619 -0.029290 0.014544
v 0.024464 -0.029199 0.015618
v 0.024477 -0.030235 0.019406
v 0.024493 -0.030403 0.022122
v 0.024338 -0.030376 0.024233
v 0.024916 -0.029682 0.026010
v 0.024206 -0.029666 0.027688
v 0.024581 -0.028838 0.029222
v 0.024304 -0.028651 0.030028
v 0.023554 -0.028582 0.031040
v 0.023105 -0.028027 0.032377
v 0.021767 -0.025586 0.036033
v 0.022172 -0.024928 0.036307
v 0.023506 -0.024062 0.036212
v 0.024091 -0.023139 0.036371
v 0.025084 -0.022431 0.036261
v 0.027969 -0.017083 0.036361
v 0.028656 0.003181 0.024633
v 0.029259 -0.000961 0.012699
v 0.023376 -0.023634 0.036429
v 0.022633 -0.024366 0.036385
v 0.028892 -0.011628 0.036394
v 0.028932 -0.010771 0.036427
v 0.028552 -0.010743 0.036504
v 0.028734 -0.010134 0.036473
v 0.022745 -0.022783 0.036355
v 0.024806 -0.021969 0.036419
v 0.025393 -0.021655 0.036458
v 0.025570 -0.020692 0.036493
v 0.025880 -0.021141 0.036447
v 0.026333 -0.020502 0.036401
v 0.026165 -0.019363 0.036480
v 0.026802 -0.019858 0.036355
v 0.027058 -0.019232 0.036405
v 0.027382 -0.018546 0.036360
v 0.027739 -0.017789 0.036357
v 0.027286 -0.017582 0.036405
v 0.028432 -0.015406 0.036405
v 0.028354 -0.014365 0.036483
v 0.027816 -0.015095 0.036460
v 0.028728 -0.013838 0.036433
v 0.028430 -0.013064 0.036487
v 0.028849 -0.013083 0.036411
v 0.028468 -0.012334 0.036508
v 0.028917 -0.012433 0.036391
v 0.026767 -0.018355 0.036411
v 0.027348 -0.016976 0.036394
v 0.027420 -0.016366 0.036405
v 0.028096 -0.016086 0.036468
v 0.027485 -0.013563 0.036301
v 0.027782 -0.011669 0.036354
v 0.021584 -0.024750 0.036396
v 0.007279 -0.030287 0.036429
v 0.006790 -0.030237 0.036462
v 0.006494 -0.030648 0.036210
v 0.007449 -0.030822 0.035997
v 0.007858 -0.030258 0.036412
v 0.008081 -0.030589 0.036168
v 0.008453 -0.030181 0.036414
v 0.009696 -0.029909 0.036435
v 0.009097 -0.030063 0.036411
v 0.010132 -0.030367 0.036046
v 0.010248 -0.029759 0.036436
v 0.013073 -0.028896 0.036423
v 0.012429 -0.028997 0.036413
v 0.013340 -0.029332 0.036166
v 0.013815 -0.028569 0.036418
v 0.017822 -0.027239 0.036450
v 0.017198 -0.027632 0.036429
v 0.018048 -0.027598 0.036201
v 0.018362 -0.027060 0.036456
v 0.019657 -0.025802 0.036409
v 0.019898 -0.026247 0.036419
v 0.020741 -0.025969 0.036210
v 0.009393 -0.029179 0.036529
v 0.010557 -0.028877 0.036494
v 0.010793 -0.029618 0.036436
v 0.011665 -0.029319 0.036417
v 0.014286 -0.028956 0.036200
v 0.014567 -0.027832 0.036326
v 0.014840 -0.028611 0.036288
v 0.015332 -0.028413 0.036309
v 0.015784 -0.027692 0.036368
v 0.016072 -0.028258 0.036287
v 0.016619 -0.027831 0.036443
v 0.018554 -0.026748 0.036380
v 0.019004 -0.026974 0.036298
v 0.019293 -0.026436 0.036454
v 0.005449 -0.030049 0.036489
v 0.005896 -0.030533 0.036362
v 0.006405 -0.030061 0.036483
v 0.006820 -0.029696 0.036489
v 0.007136 -0.029873 0.036537
v 0.007531 -0.029845 0.036535
v 0.007987 -0.029742 0.036514
v 0.008484 -0.029713 0.036495
v 0.012848 -0.027855 0.036301
v 0.016543 -0.027553 0.036444
v 0.016964 -0.027489 0.036443
v 0.017272 -0.027333 0.036335
v 0.017784 -0.027075 0.036348
v 0.019949 -0.026859 0.035937
v 0.017268 -0.028204 0.035950
v 0.015706 -0.029202 0.035539
v 0.012411 -0.029556 0.036239
v 0.011996 -0.030154 0.035821
v 0.011009 -0.030162 0.036029
v 0.009450 -0.030741 0.035802
v 0.008728 -0.030682 0.035994
v 0.004068 -0.030493 0.036261
v 0.003434 -0.030181 0.036201
v 0.003262 -0.030747 0.035988
v 0.005550 -0.030431 0.036460
v 0.004826 -0.030366 0.036422
v 0.005356 -0.030658 0.036327
v 0.004690 -0.030850 0.036163
v 0.004041 -0.031039 0.035970
v 0.003421 -0.031214 0.035753
v 0.005274 -0.031194 0.035797
v 0.004350 -0.031135 0.035907
v 0.002844 -0.029707 0.036067
v 0.004224 -0.031476 0.035524
v 0.004296 -0.029975 0.036384
v 0.005599 -0.029694 0.036479
v 0.004885 -0.029655 0.036422
v 0.004405 -0.029679 0.036398
v 0.005457 -0.029562 0.036446
v 0.004118 -0.029618 0.036355
v 0.003680 -0.029665 0.036280
v 0.003625 -0.029542 0.036230
v 0.003257 -0.029624 0.036159
v 0.004442 -0.029525 0.036333
v 0.005652 -0.029528 0.036448
v 0.006148 -0.029722 0.036465
v 0.006029 -0.029533 0.036426
v 0.002670 -0.029514 0.035924
v 0.003020 -0.029508 0.036014
v 0.003445 -0.029473 0.036056
v 0.003933 -0.029494 0.036255
v 0.004742 -0.029539 0.036344
v 0.004724 -0.029467 0.036139
v 0.004944 -0.029533 0.036354
v 0.005240 -0.029491 0.036284
v 0.005547 -0.029486 0.036328
v 0.005855 -0.029501 0.036371
v 0.003797 -0.029467 0.036188
v 0.004139 -0.029486 0.036242
v 0.004083 -0.029463 0.036111
v 0.002510 -0.029560 0.035917
v 0.006179 -0.029488 0.036164
v 0.006262 -0.029546 0.036398
v 0.007575 -0.029635 0.036539
v 0.007752 -0.029513 0.036399
v 0.007326 -0.029575 0.036511
v 0.007259 -0.029506 0.036294
v 0.007116 -0.029579 0.036500
v 0.008015 -0.029545 0.036480
v 0.006470 -0.029671 0.036448
v 0.008219 -0.029508 0.036391
v 0.002362 -0.029573 0.035841
v 0.002125 -0.029573 0.035769
v 0.001091 -0.029509 0.035426
v 0.001601 -0.029491 0.035537
v 0.001670 -0.029614 0.035666
v 0.001159 -0.029653 0.035550
v -0.009454 -0.028740 0.032338
v -0.009222 -0.027463 0.032392
v -0.008719 -0.027653 0.032497
v -0.007867 -0.028136 0.032699
v -0.010974 -0.028605 0.031866
v -0.007369 -0.029615 0.032925
v -0.005942 -0.028452 0.033188
v -0.022141 -0.020889 0.028408
v -0.018474 -0.023900 0.029560
v -0.009446 -0.027036 0.032194
v -0.009331 -0.027223 0.032321
v -0.008954 -0.027344 0.032453
v -0.008848 -0.027425 0.032504
v -0.008351 -0.027597 0.032529
v -0.007552 -0.027881 0.032687
v -0.003828 -0.027729 0.033471
v -0.003756 -0.029327 0.033969
v -0.002224 -0.027860 0.034285
v -0.002112 -0.030468 0.034599
v -0.002752 -0.030253 0.034391
v -0.013974 -0.027319 0.030926
v -0.019787 -0.023277 0.029116
v -0.022711 -0.023560 0.027055
v -0.022884 -0.022876 0.027350
v -0.023673 -0.022888 0.026239
v -0.021865 -0.024075 0.027580
v -0.022345 -0.024298 0.026689
v -0.020570 -0.025237 0.027969
v -0.021438 -0.025311 0.026715
v -0.020169 -0.026023 0.027680
v -0.019282 -0.026645 0.028136
v -0.019413 -0.027013 0.027388
v -0.018413 -0.027282 0.028434
v -0.016109 -0.028694 0.029197
v -0.017435 -0.027969 0.028724
v -0.016831 -0.028685 0.028392
v -0.015843 -0.029335 0.028518
v -0.014179 -0.029720 0.029777
v -0.014399 -0.030200 0.028807
v -0.013334 -0.030505 0.029501
v -0.012520 -0.030481 0.030334
v -0.009837 -0.031334 0.031277
v -0.011311 -0.030913 0.030761
v -0.010506 -0.031556 0.030460
v -0.009598 -0.031795 0.030787
v -0.008295 -0.031750 0.031756
v -0.020876 -0.024459 0.028231
v -0.018780 -0.026561 0.028674
v -0.016983 -0.027762 0.029299
v -0.015129 -0.028788 0.029912
v -0.012446 -0.029972 0.030852
v -0.011506 -0.030525 0.031047
v -0.009916 -0.030713 0.031768
v -0.008350 -0.031235 0.032179
v -0.006681 -0.031723 0.032581
v -0.007180 -0.032036 0.032045
v -0.006160 -0.032135 0.032447
v -0.004476 -0.032187 0.033067
v -0.002896 -0.032361 0.033495
v -0.002118 -0.032032 0.034018
v -0.001928 -0.032406 0.033725
v -0.022728 -0.022323 0.027741
v -0.021538 -0.023394 0.028193
v -0.019800 -0.024892 0.028783
v -0.018646 -0.025853 0.029126
v -0.017243 -0.026877 0.029579
v -0.015885 -0.027789 0.029999
v -0.013371 -0.029080 0.030782
v -0.011308 -0.030177 0.031388
v -0.006756 -0.031141 0.032876
v -0.005078 -0.031379 0.033395
v -0.003497 -0.031725 0.033788
v -0.021845 -0.022314 0.028310
v -0.022512 -0.021460 0.028132
v -0.020395 -0.023895 0.028751
v -0.014359 -0.028167 0.030641
v -0.011745 -0.029543 0.031419
v -0.009985 -0.029995 0.032023
v -0.008114 -0.030525 0.032591
v -0.003455 -0.030865 0.034093
v -0.002073 -0.031336 0.034423
v -0.019454 -0.024275 0.029149
v -0.018358 -0.025116 0.029474
v -0.017022 -0.026022 0.029902
v -0.016058 -0.026777 0.030200
v -0.015083 -0.027264 0.030524
v -0.013222 -0.028249 0.031089
v -0.012261 -0.028707 0.031389
v -0.010431 -0.029420 0.031990
v -0.008493 -0.029847 0.032568
v -0.006501 -0.030390 0.033145
v -0.005229 -0.030570 0.033525
v -0.003066 -0.032882 0.032683
v -0.004447 -0.033104 0.031731
v -0.006247 -0.032725 0.031475
v -0.008167 -0.032317 0.030958
v -0.012034 -0.031336 0.029360
v -0.018308 -0.027896 0.027598
v -0.024879 -0.021464 0.025767
v -0.024003 -0.021768 0.026813
v -0.023602 -0.020946 0.027589
v -0.023143 -0.020369 0.027998
v -0.020988 -0.026183 0.025902
v -0.015107 -0.030314 0.027567
v -0.027457 -0.016379 0.025443
v -0.028200 -0.015937 0.024383
v -0.026768 -0.017312 0.026014
v -0.026756 -0.018265 0.025430
v -0.026196 -0.018422 0.026223
v -0.025880 -0.019355 0.026076
v -0.025758 -0.020291 0.025445
v -0.025103 -0.020569 0.026312
v -0.027022 -0.016321 0.026050
v -0.027335 -0.015063 0.025970
v -0.025477 -0.018935 0.026745
v -0.025062 -0.019878 0.026762
v -0.024482 -0.020500 0.027040
v -0.026547 -0.015498 0.026547
v -0.026492 -0.016487 0.026516
v -0.026105 -0.017642 0.026601
v -0.025317 -0.017870 0.027124
v -0.024212 -0.019385 0.027544
v -0.025613 -0.016335 0.027050
v -0.025966 -0.014775 0.026740
v -0.024968 -0.017220 0.027368
v -0.024175 -0.017951 0.027677
v -0.025196 -0.014171 0.026734
v -0.022903 -0.019687 0.028166
v -0.023126 -0.018606 0.028057
v -0.023230 -0.017228 0.027854
v -0.026322 -0.019559 0.025071
v -0.027602 -0.017576 0.024301
v -0.026282 -0.009804 0.023517
v -0.026199 -0.010042 0.023987
v -0.026152 -0.010292 0.023317
v -0.026320 -0.009897 0.024616
v -0.026032 -0.010406 0.024232
v -0.026084 -0.010398 0.024932
v -0.025875 -0.010678 0.023880
v -0.025545 -0.011070 0.024626
v -0.026317 -0.010042 0.022917
v -0.026281 -0.010373 0.023066
v -0.025443 -0.011271 0.023646
v -0.026004 -0.010654 0.023302
v -0.025284 -0.011485 0.025350
v -0.025859 -0.010817 0.025198
v -0.026462 -0.009670 0.024860
v -0.026602 -0.009721 0.024929
v -0.026268 -0.010183 0.025082
v -0.026173 -0.010433 0.025176
v -0.026005 -0.010605 0.025158
v -0.028125 0.000476 0.020572
v -0.028646 -0.003135 0.022031
v -0.023905 -0.012966 0.025991
v -0.019889 -0.016808 0.027471
v -0.016038 -0.020632 0.029266
v -0.015242 -0.021815 0.029997
v -0.028653 -0.004569 0.022653
v -0.031802 -0.001262 0.019959
v -0.032236 -0.001993 0.019413
v -0.031376 -0.002893 0.020860
v -0.031950 -0.003607 0.020151
v -0.031317 -0.004406 0.021295
v -0.031426 -0.000889 0.020272
v -0.031219 -0.001916 0.020783
v -0.030705 -0.003864 0.021757
v -0.030938 -0.005127 0.021867
v -0.030549 -0.001651 0.021133
v -0.030597 -0.000561 0.020718
v -0.030512 -0.002701 0.021511
v -0.030081 -0.004928 0.022490
v -0.029742 -0.003644 0.022159
v -0.029687 -0.001298 0.021253
v -0.029632 -0.000191 0.020846
v -0.029541 -0.002363 0.021685
v -0.029369 -0.004635 0.022673
v -0.031580 -0.005159 0.020914
v -0.032631 -0.000053 0.018277
v -0.032154 0.000355 0.019043
v -0.031447 0.000332 0.019864
v -0.030562 0.000702 0.020306
v -0.029915 0.000782 0.020499
v -0.029119 0.000897 0.020514
v -0.032366 0.015675 0.010218
v -0.032716 0.016042 0.009139
v -0.032739 0.014737 0.010422
v -0.032368 0.014674 0.011163
v -0.032596 0.013708 0.011649
v -0.032364 0.011873 0.013406
v -0.032601 0.012748 0.012427
v -0.032858 0.011718 0.012724
v -0.032604 0.010852 0.013792
v -0.032355 0.008924 0.015276
v -0.032615 0.009871 0.014388
v -0.032934 0.008801 0.014402
v -0.032538 0.007715 0.015693
v -0.032151 0.006786 0.016649
v -0.032716 0.006354 0.016054
v -0.032122 0.005589 0.017216
v -0.032679 0.004899 0.016731
v -0.032092 0.004380 0.017766
v -0.032544 0.003979 0.017321
v -0.032184 0.003198 0.018116
v -0.032152 0.013415 0.012466
v -0.032104 0.010409 0.014648
v -0.031922 0.007986 0.016247
v -0.031583 0.003458 0.018638
v -0.031544 0.001914 0.019249
v -0.032156 0.002244 0.018480
v -0.032073 0.001299 0.018891
v -0.031894 0.015136 0.011253
v -0.031710 0.016073 0.010505
v -0.031840 0.014247 0.012064
v -0.031745 0.012314 0.013650
v -0.031630 0.011249 0.014447
v -0.031507 0.009118 0.015815
v -0.031368 0.007108 0.017087
v -0.031347 0.006013 0.017648
v -0.031264 0.004718 0.018289
v -0.031042 0.002571 0.019379
v -0.031334 0.013367 0.012999
v -0.031361 0.010227 0.015223
v -0.031212 0.008084 0.016596
v -0.030898 0.003557 0.019032
v -0.030777 0.001697 0.019858
v -0.031243 0.014855 0.011826
v -0.031120 0.016021 0.010844
v -0.031012 0.011984 0.014170
v -0.030722 0.010603 0.015106
v -0.030626 0.009434 0.015816
v -0.030519 0.008356 0.016494
v -0.030489 0.007278 0.017202
v -0.030582 0.006315 0.017784
v -0.030398 0.005171 0.018389
v -0.030274 0.003917 0.019057
v -0.029973 0.002363 0.019826
v -0.030469 0.014976 0.011780
v -0.030251 0.013842 0.012686
v -0.030275 0.012809 0.013488
v -0.030021 0.011655 0.014435
v -0.029584 0.003059 0.019522
v -0.030451 0.016093 0.010820
v -0.031097 0.016848 0.010071
v -0.032978 0.002683 0.016872
v -0.033328 0.007286 0.014322
v -0.033164 0.010465 0.012877
v -0.033017 0.012780 0.011485
v -0.033140 0.014106 0.009948
v -0.032965 0.015237 0.009320
v -0.032268 0.016538 0.009487
v -0.031784 0.016894 0.009654
v -0.028974 0.006210 0.017840
v -0.028798 0.004203 0.018944
v -0.030166 0.017255 0.009780
v -0.029288 0.017219 0.009758
v -0.030242 0.019198 0.006487
v -0.030620 0.018876 0.007446
v -0.029803 0.018953 0.007240
v -0.030863 0.018303 0.008404
v -0.029727 0.018007 0.008824
v -0.029695 0.019466 0.004932
v -0.031128 0.019312 0.005793
v -0.030112 0.019406 0.005536
v -0.030882 0.019552 0.004439
v -0.032509 0.018291 0.006730
v -0.032729 0.018089 0.006342
v -0.032784 0.017636 0.006912
v -0.032438 0.018170 0.007133
v -0.032530 0.017769 0.007501
v -0.032418 0.017537 0.008049
v -0.032931 0.016474 0.007918
v -0.032418 0.017252 0.008397
v -0.032589 0.016740 0.008660
v -0.032919 0.018037 0.005377
v -0.032410 0.018597 0.006205
v -0.032168 0.018229 0.007540
v -0.032187 0.017985 0.007872
v -0.032174 0.017225 0.008859
v -0.032007 0.018633 0.007010
v -0.031963 0.017921 0.008255
v -0.031980 0.017641 0.008583
v -0.031971 0.017133 0.009243
v -0.032344 0.018856 0.005516
v -0.031891 0.019051 0.005991
v -0.031660 0.018507 0.007685
v -0.031689 0.018203 0.008133
v -0.031674 0.017394 0.009203
v -0.031384 0.019000 0.006799
v -0.031404 0.018716 0.007505
v -0.031447 0.017945 0.008667
v -0.031090 0.017590 0.009291
v -0.033110 0.016850 0.006667
v -0.032005 0.019305 0.004425
v -0.032674 0.018681 0.004777
v -0.032859 0.018531 0.004233
v -0.032597 0.019303 0.001907
v -0.032786 0.018996 0.002163
v -0.032513 0.019247 0.002989
v -0.032902 0.018737 0.002725
v -0.032931 0.018571 0.003293
v -0.032632 0.018901 0.004080
v -0.032387 0.019514 0.002076
v -0.032094 0.019643 0.002353
v -0.032071 0.019496 0.003304
v -0.031370 0.019686 0.003078
v -0.031988 0.019763 0.001759
v -0.031384 0.019898 0.001613
v -0.032348 0.019579 0.001697
v -0.033274 0.017435 0.003729
v -0.033093 0.018079 0.002235
v -0.034367 -0.003497 0.010278
v -0.034113 -0.004865 0.010723
v -0.033707 -0.006312 0.009918
v -0.033553 0.016275 0.004460
v -0.033366 0.016650 0.005339
v -0.033823 0.014897 0.005197
v -0.034173 0.013299 0.005099
v -0.034145 0.012424 0.007291
v -0.034434 0.011643 0.005629
v -0.034603 0.010090 0.006686
v -0.033703 -0.006664 0.011776
v -0.033640 0.015068 0.006574
v -0.034536 0.009896 0.007800
v -0.034822 0.007630 0.007561
v -0.034929 0.004980 0.008822
v -0.034895 0.006217 0.008215
v -0.034949 0.004691 0.008122
v -0.034880 0.003469 0.009620
v -0.034807 0.000516 0.009867
v -0.034696 -0.000674 0.009059
v -0.034659 -0.001025 0.010755
v -0.034588 -0.001939 0.009852
v -0.034418 -0.002994 0.011251
v -0.034083 -0.004857 0.011911
v -0.033790 0.013769 0.007688
v -0.034313 0.010660 0.008515
v -0.034363 0.009307 0.009598
v -0.034633 0.007961 0.009152
v -0.034764 0.006502 0.009367
v -0.034832 0.005086 0.009716
v -0.034867 0.001851 0.009111
v -0.034800 0.002215 0.010643
v -0.034735 0.000856 0.011052
v -0.034614 -0.000646 0.011548
v -0.033446 0.015135 0.007578
v -0.034311 -0.002807 0.012555
v -0.033385 0.014299 0.008883
v -0.033819 0.012485 0.009031
v -0.034013 0.010591 0.009987
v -0.034407 0.007834 0.010509
v -0.034532 0.006513 0.010737
v -0.034628 0.005234 0.010915
v -0.034639 0.003840 0.011353
v -0.034646 0.002502 0.011672
v -0.034552 0.001095 0.012319
v -0.034431 -0.000445 0.012843
v -0.034298 -0.001865 0.013205
v -0.033875 -0.005077 0.013652
v -0.033966 -0.003728 0.014156
v -0.033475 0.012758 0.010092
v -0.034046 0.008031 0.011747
v -0.034260 0.006538 0.011853
v -0.034331 0.004541 0.012466
v -0.034347 0.002001 0.013130
v -0.034109 -0.000249 0.014270
v -0.033995 -0.002286 0.014530
v -0.033398 -0.006029 0.015602
v -0.033483 0.010970 0.011561
v -0.033520 0.009376 0.012574
v -0.033693 0.005493 0.014145
v -0.034015 0.003894 0.013846
v -0.034023 0.002565 0.014203
v -0.033976 0.001064 0.014661
v -0.033615 -0.002416 0.015951
v -0.033408 -0.004547 0.016254
v -0.033656 0.007734 0.013167
v -0.033646 -0.000278 0.015866
v -0.033569 0.003209 0.015325
v -0.033434 0.001034 0.016225
v -0.033267 -0.001821 0.017053
v -0.033073 -0.003135 0.017573
v -0.032982 -0.004635 0.017665
v -0.033127 0.005230 0.015671
v -0.033046 -0.001004 0.017549
v -0.032651 -0.002806 0.018629
v -0.032382 -0.004435 0.019239
v -0.032315 -0.006231 0.019240
v -0.032750 -0.006797 0.017827
v -0.033405 -0.007284 0.014213
v -0.034754 0.000750 0.008110
v -0.034822 0.003714 0.007217
v -0.034870 0.005730 0.006779
v -0.034822 0.007239 0.006206
v -0.034742 0.008614 0.005881
v -0.034611 0.010002 0.005327
v -0.033921 0.014479 0.003607
v -0.033600 0.016037 0.003293
v -0.033507 0.015680 0.002248
v -0.033312 0.016957 0.002221
v -0.033095 0.017451 0.001349
v -0.033843 0.014307 0.002990
v -0.033612 0.014115 0.002204
v -0.034023 0.013084 0.003342
v -0.032816 0.018527 0.000789
v -0.032840 0.018795 0.001409
v -0.034111 0.013427 0.003901
v -0.034303 0.012232 0.004391
v -0.034208 0.011727 0.003820
v -0.034467 0.011038 0.004793
v -0.034420 0.010514 0.004432
v -0.034542 0.009246 0.004845
v -0.034676 0.007973 0.005345
v -0.034693 0.006661 0.005623
v -0.034716 0.005306 0.006040
v -0.034622 0.004223 0.006058
v -0.034129 0.003012 0.005196
v -0.034723 0.001894 0.007423
v -0.034566 0.001389 0.006902
v -0.034524 0.000077 0.007340
v -0.033761 0.000639 0.005262
v -0.033814 0.005448 0.003718
v -0.034162 0.007754 0.004009
v -0.033755 0.010016 0.002704
v -0.033394 0.012444 0.001581
v -0.033090 0.014609 0.000808
v -0.032695 0.017170 0.000032
v -0.032734 0.018233 0.000379
v -0.031843 0.019885 0.000886
v -0.032040 0.019786 0.001235
v -0.031727 0.019969 -0.000272
v -0.031640 0.019975 0.000762
v -0.032230 0.019668 0.001243
v -0.032122 0.019705 0.000506
v -0.032542 0.019315 0.001043
v -0.032720 0.018968 0.000855
v -0.032518 0.018854 0.000012
v -0.031423 0.020073 0.000344
v -0.032074 0.019143 -0.001271
v -0.032333 0.018576 -0.000733
v -0.030676 0.021273 -0.013415
v -0.030715 0.021464 -0.014201
v -0.030863 0.020799 -0.013821
v -0.031228 0.020010 -0.003931
v -0.031121 0.019769 -0.004931
v -0.031492 0.019418 -0.003428
v -0.031451 0.019914 -0.002925
v -0.031755 0.019622 -0.002007
v -0.031849 0.019142 -0.002152
v -0.032151 0.019497 -0.000349
v -0.030538 0.021683 -0.013530
v -0.030465 0.021385 -0.012105
v -0.030756 0.020510 -0.012339
v -0.030680 0.020528 -0.011267
v -0.030365 0.021281 -0.010421
v -0.030550 0.020790 -0.009804
v -0.030455 0.021009 -0.008834
v -0.030639 0.020480 -0.008366
v -0.030498 0.020885 -0.007271
v -0.030740 0.020332 -0.007152
v -0.030680 0.020649 -0.006072
v -0.030893 0.020119 -0.006050
v -0.030944 0.020333 -0.004962
v -0.031934 0.019669 -0.001011
v -0.030341 0.021765 -0.012560
v -0.030198 0.021720 -0.011575
v -0.030165 0.021390 -0.009188
v -0.030240 0.021254 -0.008137
v -0.030660 0.020754 -0.004904
v -0.031091 0.020370 -0.003358
v -0.031531 0.020036 -0.001861
v -0.030307 0.022092 -0.014292
v -0.030110 0.022079 -0.012973
v -0.029976 0.021619 -0.010319
v -0.030119 0.021175 -0.007065
v -0.030308 0.021004 -0.006002
v -0.030597 0.020734 -0.003765
v -0.030846 0.020540 -0.002638
v -0.031223 0.020288 -0.001655
v -0.029836 0.021848 -0.011528
v -0.029833 0.021357 -0.009114
v -0.029925 0.021273 -0.008066
v -0.030266 0.020899 -0.004865
v -0.029759 0.022264 -0.013532
v -0.029708 0.022165 -0.012582
v -0.029561 0.021324 -0.010111
v -0.029792 0.021088 -0.007078
v -0.029595 0.020829 -0.005722
v -0.029928 0.020660 -0.003614
v -0.030379 0.020583 -0.002471
v -0.030595 0.020329 -0.001060
v -0.031251 0.020189 -0.000458
v -0.030636 0.020108 0.000551
v -0.031554 0.017607 -0.004224
v -0.031070 0.019086 -0.006156
v -0.030909 0.019679 -0.006768
v -0.030917 0.019076 -0.007845
v -0.030836 0.019481 -0.009579
v -0.029506 0.022170 -0.014184
v -0.029378 0.021396 -0.010843
v -0.029749 0.020714 -0.004430
v -0.030191 0.019777 0.002797
v -0.029475 0.019758 0.002616
v -0.029539 0.020194 -0.001899
v -0.029697 0.022262 -0.015808
v -0.029646 0.022344 -0.015230
v -0.031693 0.021138 -0.018403
v -0.032010 0.020635 -0.018693
v -0.031945 0.020407 -0.018102
v -0.031631 0.020760 -0.017333
v -0.031626 0.021182 -0.017827
v -0.031462 0.021399 -0.017597
v -0.031374 0.021444 -0.017261
v -0.031223 0.021542 -0.016876
v -0.031487 0.021428 -0.018019
v -0.031015 0.021822 -0.016540
v -0.031151 0.021495 -0.016296
v -0.030859 0.021827 -0.015821
v -0.031164 0.020968 -0.015614
v -0.030899 0.021565 -0.015338
v -0.030744 0.021676 -0.014899
v -0.031087 0.020406 -0.014610
v -0.031217 0.021686 -0.017820
v -0.031120 0.021750 -0.017397
v -0.030775 0.022033 -0.016257
v -0.030588 0.022051 -0.015359
v -0.031230 0.021610 -0.018308
v -0.030723 0.022000 -0.017116
v -0.030688 0.022083 -0.016675
v -0.030398 0.022242 -0.015885
v -0.031323 0.021381 -0.018956
v -0.030909 0.021833 -0.018069
v -0.030767 0.021945 -0.017643
v -0.030380 0.022276 -0.016377
v -0.030116 0.022305 -0.015104
v -0.030923 0.021665 -0.018639
v -0.030768 0.021445 -0.019239
v -0.030157 0.022087 -0.017503
v -0.030021 0.022240 -0.016856
v -0.029861 0.022358 -0.016355
v -0.030237 0.021630 -0.018961
v -0.030410 0.021898 -0.018211
v -0.032377 0.019454 -0.018715
v -0.031822 0.020972 -0.019062
v -0.031738 0.020950 -0.019498
v -0.031088 0.021221 -0.019538
v -0.031441 0.020614 -0.016451
v -0.033839 0.008555 -0.018544
v -0.033446 0.010727 -0.017995
v -0.034017 0.010326 -0.019330
v -0.032947 -0.002708 -0.016653
v -0.033470 -0.001527 -0.017618
v -0.033436 -0.003583 -0.017916
v -0.032703 0.014003 -0.016815
v -0.032412 0.016944 -0.017320
v -0.033153 0.015644 -0.018922
v -0.033541 0.012486 -0.018741
v -0.032954 0.011808 -0.016850
v -0.032993 0.010267 -0.016563
v -0.033125 0.008816 -0.016636
v -0.033182 0.007179 -0.016541
v -0.033828 0.006698 -0.018231
v -0.033176 0.005533 -0.016374
v -0.033903 0.004994 -0.018268
v -0.033127 0.003874 -0.016205
v -0.033810 0.003168 -0.017990
v -0.033012 0.002173 -0.015986
v -0.033669 0.000522 -0.017788
v -0.032829 0.000630 -0.015684
v -0.032732 -0.001007 -0.015725
v -0.031842 0.019149 -0.016769
v -0.032225 -0.002819 -0.014852
v -0.031842 0.017170 -0.015294
v -0.032079 0.015279 -0.015098
v -0.032201 0.013638 -0.014769
v -0.032361 0.012165 -0.014826
v -0.032456 0.010583 -0.014718
v -0.032513 0.009033 -0.014580
v -0.032545 0.007461 -0.014444
v -0.032531 0.005869 -0.014270
v -0.032475 0.004276 -0.014087
v -0.032379 0.002669 -0.013916
v -0.032247 0.001090 -0.013768
v -0.032090 -0.000518 -0.013652
v -0.031963 -0.001885 -0.013702
v -0.031441 0.019316 -0.015240
v -0.031035 0.019403 -0.013004
v -0.031307 0.018073 -0.013255
v -0.031640 0.015629 -0.013096
v -0.031802 0.013938 -0.012893
v -0.031922 0.012369 -0.012735
v -0.032012 0.010845 -0.012623
v -0.032060 0.009282 -0.012470
v -0.032071 0.007708 -0.012289
v -0.032045 0.006136 -0.012090
v -0.031982 0.004566 -0.011891
v -0.031887 0.002994 -0.011725
v -0.031767 0.001439 -0.011621
v -0.031615 -0.000150 -0.011553
v -0.031412 -0.002176 -0.011679
v -0.031251 -0.001236 -0.010175
v -0.030939 0.018966 -0.011060
v -0.031163 0.017494 -0.011130
v -0.031368 0.015835 -0.011063
v -0.031527 0.014187 -0.010887
v -0.031642 0.012604 -0.010696
v -0.031721 0.011081 -0.010525
v -0.031764 0.009512 -0.010326
v -0.031770 0.007936 -0.010154
v -0.031739 0.006386 -0.009949
v -0.031670 0.004814 -0.009711
v -0.031573 0.003250 -0.009548
v -0.031451 0.001712 -0.009419
v -0.031303 0.000136 -0.009375
v -0.030965 -0.001516 -0.007911
v -0.031067 0.017717 -0.008998
v -0.031264 0.015949 -0.008976
v -0.031408 0.014450 -0.008997
v -0.031521 0.012844 -0.008639
v -0.031598 0.011369 -0.008605
v -0.031636 0.009811 -0.008228
v -0.031639 0.008121 -0.008007
v -0.031616 0.006665 -0.007993
v -0.031546 0.005122 -0.007602
v -0.031440 0.003479 -0.007405
v -0.031327 0.002035 -0.007425
v -0.031159 0.000413 -0.007024
v -0.030919 -0.001294 -0.005922
v -0.031179 0.017681 -0.006759
v -0.031293 0.016152 -0.007286
v -0.031506 0.013805 -0.006886
v -0.031653 0.010770 -0.006473
v -0.031670 0.008383 -0.006155
v -0.031617 0.006038 -0.005833
v -0.031479 0.003765 -0.005557
v -0.031286 0.001607 -0.005425
v -0.031086 -0.000318 -0.004674
v -0.031576 0.015564 -0.005018
v -0.031746 0.013239 -0.004778
v -0.031798 0.011673 -0.004724
v -0.031860 0.010075 -0.004360
v -0.031842 0.008598 -0.004331
v -0.031812 0.006916 -0.004098
v -0.031774 0.005375 -0.003700
v -0.031656 0.003936 -0.003690
v -0.031505 0.002305 -0.003577
v -0.031331 0.000815 -0.003500
v -0.031255 -0.000524 -0.002557
v -0.031958 0.015394 -0.003018
v -0.032067 0.013640 -0.002865
v -0.032132 0.011981 -0.002696
v -0.032174 0.010405 -0.002491
v -0.032198 0.008827 -0.002236
v -0.032174 0.007239 -0.002027
v -0.032121 0.005666 -0.001771
v -0.032030 0.004130 -0.001548
v -0.031887 0.002564 -0.001403
v -0.031673 0.000844 -0.001304
v -0.031925 0.016859 -0.002726
v -0.031970 0.018112 -0.002146
v -0.031445 -0.001209 -0.000723
v -0.032433 0.016137 -0.001017
v -0.032578 0.013996 -0.000845
v -0.032646 0.012236 -0.000679
v -0.032620 0.010735 -0.000699
v -0.032702 0.009178 -0.000274
v -0.032708 0.007521 0.000027
v -0.032657 0.005921 0.000263
v -0.032575 0.004366 0.000506
v -0.032453 0.002829 0.000722
v -0.032278 0.001181 0.000946
v -0.031962 -0.000613 0.000954
v -0.033171 0.010240 0.001080
v -0.033427 0.007919 0.002121
v -0.033198 0.006212 0.001860
v -0.033279 0.004641 0.002540
v -0.033122 0.003157 0.002629
v -0.033038 0.001581 0.003052
v -0.032763 -0.000200 0.003189
v -0.033330 -0.001155 0.005091
v -0.032790 -0.001945 0.004246
v -0.032273 -0.002002 0.002925
v -0.031116 -0.001751 -0.002087
v -0.030906 -0.001910 -0.003764
v -0.030972 -0.002538 -0.009420
v -0.031458 -0.003623 -0.012729
v -0.032167 -0.004164 -0.015139
v -0.032822 -0.003804 -0.016630
v -0.034012 -0.002749 -0.019007
v -0.034186 -0.001255 -0.019114
v -0.034335 -0.000171 -0.019339
v -0.034467 0.001828 -0.019524
v -0.034440 0.003540 -0.019409
v -0.034614 0.004527 -0.019910
v -0.034478 0.006594 -0.019818
v -0.034504 0.008375 -0.020126
v -0.034327 0.009727 -0.019955
v -0.034226 0.010948 -0.020028
v -0.033776 0.013948 -0.019892
v -0.033539 0.015472 -0.019957
v -0.033305 0.016604 -0.019878
v -0.032809 0.017826 -0.019044
v -0.030668 -0.002849 -0.005628
v -0.032884 0.018592 -0.020948
v -0.032736 0.018527 -0.021453
v -0.033050 0.017933 -0.021349
v -0.032670 0.018920 -0.021172
v -0.032694 0.019227 -0.020709
v -0.032565 0.019589 -0.020639
v -0.032626 0.019536 -0.020139
v -0.032471 0.019272 -0.021175
v -0.032433 0.018400 -0.021972
v -0.032298 0.019046 -0.021543
v -0.032373 0.019643 -0.020952
v -0.032084 0.019594 -0.021280
v -0.032402 0.018100 -0.022246
v -0.031957 0.018556 -0.022167
v -0.031888 0.018936 -0.021911
v -0.031403 0.019413 -0.021676
v -0.032026 0.017854 -0.022600
v -0.031502 0.019872 -0.021294
v -0.032882 0.017981 -0.021765
v -0.031315 0.017669 -0.022840
v -0.031183 0.018626 -0.022277
v -0.031319 0.020191 -0.021016
v -0.031902 0.020086 -0.020914
v -0.032368 0.019964 -0.020506
v -0.033106 0.017960 -0.020754
v -0.033953 -0.004496 -0.019411
v -0.033362 -0.005583 -0.018287
v -0.032910 -0.007354 -0.017924
v -0.033446 -0.006814 -0.019013
v -0.033757 -0.006355 -0.020439
v -0.033518 -0.007181 -0.019649
v -0.034129 -0.004605 -0.020488
v -0.033951 -0.005346 -0.020023
v -0.033784 -0.005810 -0.019696
v -0.033778 -0.003966 -0.025365
v -0.033624 -0.003258 -0.026434
v -0.033178 -0.005083 -0.026810
v -0.034710 0.005333 -0.024123
v -0.034628 0.004027 -0.024682
v -0.034811 0.003398 -0.023455
v -0.034674 0.001829 -0.023953
v -0.034270 0.000947 -0.025749
v -0.034402 -0.001066 -0.024174
v -0.034145 -0.001454 -0.025354
v -0.034090 -0.003363 -0.024184
v -0.033385 -0.005761 -0.025581
v -0.033677 -0.005465 -0.024390
v -0.032842 -0.007013 -0.026559
v -0.034639 0.008187 -0.023650
v -0.034893 0.005486 -0.022510
v -0.033201 -0.007119 -0.025022
v -0.033438 -0.006816 -0.024120
v -0.034167 0.012582 -0.022986
v -0.034351 0.011027 -0.023371
v -0.034528 0.010339 -0.022684
v -0.034948 0.003211 -0.021959
v -0.034836 0.001227 -0.022058
v -0.034644 -0.000732 -0.022368
v -0.034351 0.011957 -0.022074
v -0.034046 0.013724 -0.022208
v -0.034770 0.008395 -0.021998
v -0.034848 0.007116 -0.022355
v -0.034349 -0.002849 -0.022652
v -0.033950 -0.005285 -0.022302
v -0.034644 -0.001019 -0.021035
v -0.034398 -0.003031 -0.021262
v -0.032971 0.018280 -0.020139
v -0.033567 -0.006837 -0.022935
v -0.033827 -0.001433 -0.026581
v -0.034035 -0.000534 -0.026253
v -0.034403 0.003083 -0.025546
v -0.034518 0.007346 -0.024711
v -0.034397 0.009330 -0.024354
v -0.033983 0.012801 -0.023654
v -0.033732 0.015310 -0.021818
v -0.033727 0.015382 -0.020917
v -0.033391 0.016821 -0.020605
v -0.034026 0.013949 -0.021452
v -0.034230 -0.003965 -0.020346
v -0.033427 -0.003237 -0.027006
v -0.034647 0.009784 -0.021682
v -0.034957 0.004023 -0.021359
v -0.034943 0.003070 -0.021047
v -0.034400 -0.002056 -0.019935
v -0.034242 -0.003263 -0.019809
v -0.034531 -0.000784 -0.019998
v -0.034685 0.000511 -0.020349
v -0.034818 0.001955 -0.020645
v -0.034809 0.003593 -0.020467
v -0.034838 0.005368 -0.020793
v -0.034816 0.006847 -0.021118
v -0.034711 0.008215 -0.020869
v -0.034593 0.009480 -0.020740
v -0.034443 0.010911 -0.020789
v -0.034181 0.012421 -0.020526
v -0.033902 0.014161 -0.020422
v -0.032601 0.019285 -0.019443
v -0.034309 0.012247 -0.021121
v -0.032435 0.019961 -0.019694
v -0.032328 0.020176 -0.020094
v -0.032221 0.020375 -0.019555
v -0.032118 0.020535 -0.019158
v -0.031986 0.020402 -0.020396
v -0.031966 0.020633 -0.019928
v -0.031378 0.020800 -0.020159
v -0.031602 0.020387 -0.020693
v -0.030568 0.020559 -0.020585
v -0.030163 0.021132 -0.019765
v -0.029737 0.021892 -0.018304
v -0.029545 0.021636 -0.019024
v -0.030574 0.019963 -0.021261
v -0.029857 0.019365 -0.021760
v -0.030182 0.018009 -0.022670
v -0.029451 0.018544 -0.022378
v -0.029059 0.020396 -0.020544
v -0.030573 0.016256 -0.023516
v -0.030101 0.002290 -0.028428
v -0.030154 0.003502 -0.028131
v -0.030689 0.005495 -0.027662
v -0.030880 0.006420 -0.027364
v -0.031019 0.007799 -0.026899
v -0.031122 0.009032 -0.026475
v -0.031160 0.010277 -0.026012
v -0.030998 0.011660 -0.025407
v -0.030903 0.013105 -0.024898
v -0.030618 0.001188 -0.028763
v -0.029314 -0.000746 -0.029187
v -0.034382 0.007308 -0.025168
v -0.034507 0.005200 -0.025157
v -0.034392 0.008352 -0.024842
v -0.033517 0.015844 -0.022386
v -0.033794 0.014421 -0.022870
v -0.033340 0.016899 -0.021631
v -0.034061 0.002682 -0.026429
v -0.033951 0.001765 -0.026672
v -0.034207 0.004663 -0.025986
v -0.034243 0.006228 -0.025695
v -0.033184 0.017118 -0.021993
v -0.033892 0.000124 -0.026730
v -0.033647 0.000517 -0.027206
v -0.034203 0.007660 -0.025465
v -0.034217 0.009198 -0.024942
v -0.034195 0.010838 -0.024267
v -0.033580 0.002465 -0.027210
v -0.033865 0.004205 -0.026630
v -0.033969 0.006022 -0.026182
v -0.034013 0.007524 -0.025797
v -0.034009 0.009265 -0.025302
v -0.033829 0.011630 -0.024579
v -0.033448 0.014143 -0.023764
v -0.033578 0.014730 -0.023212
v -0.033625 0.003864 -0.027010
v -0.033085 0.016282 -0.022858
v -0.032812 0.017635 -0.022201
v -0.033681 0.005494 -0.026662
v -0.033722 0.007495 -0.026181
v -0.033769 0.009048 -0.025686
v -0.033588 0.010679 -0.025291
v -0.033178 0.000593 -0.027780
v -0.033119 0.002520 -0.027706
v -0.032511 0.000780 -0.028354
v -0.033320 0.003718 -0.027355
v -0.033403 0.004901 -0.027078
v -0.033349 0.006293 -0.026830
v -0.033349 0.012066 -0.024916
v -0.033116 0.013499 -0.024374
v -0.032861 0.015051 -0.023742
v -0.032662 0.017235 -0.022650
v -0.033482 0.009194 -0.025916
v -0.032581 0.016521 -0.023132
v -0.032685 0.002896 -0.027986
v -0.032992 0.004562 -0.027469
v -0.033236 0.007841 -0.026499
v -0.032992 0.010149 -0.025862
v -0.032003 0.002549 -0.028334
v -0.032450 0.004729 -0.027708
v -0.032710 0.007161 -0.026946
v -0.032057 0.011274 -0.025637
v -0.032512 0.012806 -0.024952
v -0.031980 0.014740 -0.024139
v -0.032027 0.016075 -0.023559
v -0.031235 0.002893 -0.028350
v -0.031475 0.001393 -0.028691
v -0.031638 0.004750 -0.027867
v -0.031937 0.006499 -0.027331
v -0.031973 0.007878 -0.026892
v -0.032189 0.009473 -0.026316
v -0.031807 0.017053 -0.023110
v -0.030969 0.004216 -0.028020
v -0.030587 -0.000126 -0.029118
v -0.031375 0.000111 -0.028942
v -0.032808 -0.004823 -0.027856
v -0.032501 -0.006495 -0.027885
v -0.033375 -0.001541 -0.027483
v -0.032773 -0.003344 -0.028156
v -0.032282 -0.005246 -0.028605
v -0.032639 -0.001509 -0.028367
v -0.031816 -0.005041 -0.029145
v -0.032200 -0.004026 -0.028806
v -0.031695 -0.003053 -0.029170
v -0.031380 -0.004712 -0.029460
v -0.031700 -0.001283 -0.029014
v -0.030626 -0.003938 -0.029761
v -0.030794 -0.005464 -0.029846
v -0.030972 -0.002525 -0.029463
v -0.030133 -0.005023 -0.030057
v -0.030730 -0.001140 -0.029299
v -0.030301 -0.002497 -0.029593
v -0.029830 -0.004033 -0.029952
v -0.028999 -0.004647 -0.030085
v -0.028895 -0.002933 -0.029658
v -0.027902 -0.003887 -0.029666
v -0.028447 -0.005993 -0.030263
v -0.027739 0.006234 0.016026
v -0.027566 -0.007675 -0.030652
v -0.029665 -0.005792 -0.030257
v -0.029753 -0.006712 -0.030364
v -0.030390 -0.006140 -0.030099
v -0.030484 -0.007093 -0.030108
v -0.031042 -0.006786 -0.029721
v -0.031559 -0.005960 -0.029331
v -0.031814 -0.006762 -0.028971
v -0.031409 -0.007528 -0.029337
v -0.030978 -0.008135 -0.029684
v -0.031853 -0.007629 -0.028728
v -0.032305 -0.007685 -0.027745
v -0.030080 -0.007411 -0.030348
v -0.029368 -0.007337 -0.030530
v -0.031960 -0.008428 -0.028178
v -0.001225 -0.034983 -0.015505
v -0.000523 -0.035294 -0.016016
v -0.001940 -0.034820 -0.015302
v -0.002892 -0.034192 -0.014450
v -0.013109 -0.031879 -0.016181
v -0.012680 -0.031638 -0.015213
v -0.014065 -0.031191 -0.015799
v -0.002398 -0.035048 -0.015951
v -0.003018 -0.034767 -0.015451
v -0.003774 -0.034536 -0.015216
v -0.004905 -0.034552 -0.015807
v -0.004119 -0.034349 -0.014981
v -0.005375 -0.034143 -0.015066
v -0.006660 -0.033981 -0.015380
v -0.006219 -0.033421 -0.014187
v -0.007210 -0.033589 -0.014868
v -0.009784 -0.032953 -0.015315
v -0.009933 -0.032231 -0.014201
v -0.011196 -0.032393 -0.015323
v -0.012188 -0.032149 -0.015700
v -0.013357 -0.030352 -0.013913
v -0.011679 -0.031380 -0.014090
v -0.010908 -0.031151 -0.013198
v -0.008795 -0.033146 -0.014991
v -0.007701 -0.032479 -0.013373
v -0.004403 -0.033595 -0.013882
v -0.001384 -0.035537 -0.017156
v -0.003622 -0.034962 -0.016251
v -0.008077 -0.033786 -0.015968
v -0.009455 -0.033456 -0.016336
v -0.010562 -0.033090 -0.016473
v -0.011562 -0.032728 -0.016595
v -0.012263 -0.032350 -0.016364
v -0.014667 -0.031409 -0.017412
v -0.015204 -0.030193 -0.015277
v -0.015295 -0.030675 -0.016201
v -0.006109 -0.034379 -0.016073
v -0.007964 -0.033381 -0.014894
v -0.019811 -0.027834 -0.017013
v -0.018436 -0.028653 -0.016403
v -0.018467 -0.027961 -0.015483
v -0.020278 -0.027134 -0.016424
v -0.024236 -0.023649 -0.017044
v -0.023352 -0.024509 -0.016905
v -0.023637 -0.023364 -0.015900
v -0.025024 -0.022673 -0.017001
v -0.026388 -0.021158 -0.017318
v -0.025614 -0.021644 -0.016620
v -0.026007 -0.020787 -0.016231
v -0.016337 -0.030096 -0.016305
v -0.017076 -0.029356 -0.015916
v -0.017484 -0.029589 -0.016882
v -0.018437 -0.028920 -0.017009
v -0.021108 -0.026842 -0.017201
v -0.021361 -0.026250 -0.016558
v -0.022220 -0.025978 -0.017565
v -0.022439 -0.025424 -0.016863
v -0.023527 -0.024777 -0.017750
v -0.024375 -0.023860 -0.017716
v -0.024986 -0.023088 -0.017543
v -0.025708 -0.022402 -0.018037
v -0.016030 -0.030656 -0.017421
v -0.027139 -0.019700 -0.016728
v -0.026448 -0.019550 -0.015576
v -0.024573 -0.021712 -0.015317
v -0.021850 -0.024658 -0.015206
v -0.020189 -0.025839 -0.014709
v -0.016365 -0.028654 -0.014285
v -0.027595 -0.020079 -0.018556
v -0.027747 -0.019471 -0.017613
v -0.017024 -0.030040 -0.017348
v -0.019850 -0.028288 -0.018963
v -0.023075 -0.025452 -0.018601
v -0.023806 -0.024761 -0.018718
v -0.026609 -0.021442 -0.018618
v -0.002848 -0.032640 -0.033129
v -0.002155 -0.032526 -0.033530
v -0.001685 -0.033245 -0.032489
v -0.000888 -0.033224 -0.032695
v -0.000438 -0.032688 -0.033650
v -0.003510 -0.032703 -0.032789
v -0.003314 -0.033459 -0.031530
v -0.004472 -0.032161 -0.033224
v -0.002908 -0.033072 -0.032395
v -0.002089 -0.033689 -0.031553
v -0.006810 -0.032997 -0.030465
v -0.006932 -0.031902 -0.032362
v -0.005884 -0.033011 -0.031048
v -0.005316 -0.032478 -0.032309
v -0.004881 -0.033474 -0.030730
v -0.001876 -0.034145 -0.030694
v -0.032091 -0.009254 -0.027024
v -0.018361 -0.026745 -0.030391
v -0.016654 -0.027502 -0.031172
v -0.016916 -0.028138 -0.029834
v -0.015584 -0.028847 -0.030166
v -0.012405 -0.030595 -0.030379
v -0.012646 -0.029775 -0.031534
v -0.011471 -0.030261 -0.031775
v -0.011335 -0.031086 -0.030521
v -0.009888 -0.031326 -0.031321
v -0.003993 -0.034004 -0.030114
v -0.003099 -0.034288 -0.029914
v -0.002155 -0.034456 -0.029907
v -0.031225 -0.011818 -0.026956
v -0.031227 -0.010418 -0.028421
v -0.029563 -0.015818 -0.026398
v -0.030318 -0.013721 -0.027327
v -0.029440 -0.014826 -0.028289
v -0.028791 -0.016019 -0.028325
v -0.028566 -0.017396 -0.026759
v -0.028121 -0.017166 -0.028379
v -0.027380 -0.018793 -0.027599
v -0.026741 -0.018901 -0.028957
v -0.025924 -0.020433 -0.028255
v -0.025040 -0.021783 -0.027779
v -0.024548 -0.021502 -0.029328
v -0.023913 -0.023041 -0.027915
v -0.023321 -0.022928 -0.029281
v -0.022855 -0.024003 -0.028224
v -0.021916 -0.024560 -0.028935
v -0.019503 -0.026720 -0.028826
v -0.020127 -0.025679 -0.029781
v -0.018241 -0.027632 -0.028998
v -0.014310 -0.029094 -0.031090
v -0.014066 -0.030245 -0.029238
v -0.010130 -0.032194 -0.029458
v -0.008531 -0.032602 -0.029989
v -0.008280 -0.031647 -0.031932
v -0.005240 -0.033888 -0.029596
v -0.004227 -0.034295 -0.029295
v -0.003195 -0.034634 -0.029020
v -0.001898 -0.034889 -0.028915
v -0.032769 -0.008339 -0.025490
v -0.032497 -0.009381 -0.025350
v -0.031968 -0.010701 -0.025750
v -0.030551 -0.014218 -0.025643
v -0.027948 -0.018717 -0.026087
v -0.025597 -0.022061 -0.025551
v -0.020769 -0.025978 -0.028164
v -0.017310 -0.028645 -0.028282
v -0.016347 -0.029181 -0.028521
v -0.015405 -0.029753 -0.028567
v -0.013608 -0.030880 -0.028434
v -0.012806 -0.031191 -0.028729
v -0.011704 -0.031650 -0.028973
v -0.009822 -0.032684 -0.028625
v -0.009090 -0.032909 -0.028834
v -0.008174 -0.033334 -0.028626
v -0.007314 -0.033578 -0.028755
v -0.006334 -0.034029 -0.028380
v -0.005300 -0.034386 -0.028215
v -0.004329 -0.034608 -0.028375
v -0.003319 -0.034917 -0.028147
v -0.001944 -0.035237 -0.027863
v -0.031529 -0.012208 -0.025204
v -0.027273 -0.019775 -0.025880
v -0.026607 -0.020506 -0.026253
v -0.024591 -0.022982 -0.026330
v -0.023897 -0.023741 -0.026392
v -0.023198 -0.024346 -0.026702
v -0.022387 -0.025025 -0.026989
v -0.021587 -0.025696 -0.027176
v -0.019981 -0.027092 -0.027138
v -0.019059 -0.027726 -0.027423
v -0.018219 -0.028331 -0.027519
v -0.004277 -0.034918 -0.027437
v -0.003364 -0.035179 -0.027245
v -0.002384 -0.035404 -0.027069
v -0.000819 -0.035693 -0.026724
v -0.033125 -0.008204 -0.023791
v -0.032686 -0.009532 -0.024091
v -0.032127 -0.011226 -0.024079
v -0.031040 -0.013990 -0.023649
v -0.029188 -0.017105 -0.025080
v -0.028571 -0.018209 -0.024924
v -0.020969 -0.026563 -0.026329
v -0.017605 -0.029091 -0.026633
v -0.016708 -0.029621 -0.026831
v -0.015786 -0.030162 -0.026947
v -0.014837 -0.030687 -0.027060
v -0.013928 -0.031211 -0.027071
v -0.013049 -0.031691 -0.027087
v -0.012038 -0.032148 -0.027235
v -0.010532 -0.032764 -0.027489
v -0.008755 -0.033552 -0.027347
v -0.006916 -0.034242 -0.027143
v -0.005446 -0.034745 -0.026905
v -0.004393 -0.035092 -0.026639
v -0.003377 -0.035392 -0.026360
v -0.002132 -0.035654 -0.026141
v -0.031726 -0.012319 -0.023974
v -0.030023 -0.015824 -0.024326
v -0.027741 -0.019663 -0.024317
v -0.026697 -0.021083 -0.024239
v -0.024835 -0.023231 -0.024741
v -0.024161 -0.023955 -0.024869
v -0.023438 -0.024667 -0.025024
v -0.022674 -0.025349 -0.025265
v -0.021869 -0.026019 -0.025546
v -0.020299 -0.027436 -0.025345
v -0.019419 -0.028041 -0.025695
v -0.018530 -0.028643 -0.025961
v -0.011207 -0.032903 -0.025982
v -0.010247 -0.033357 -0.025856
v -0.009337 -0.033702 -0.025955
v -0.008372 -0.034110 -0.025774
v -0.007440 -0.034418 -0.025816
v -0.006419 -0.034785 -0.025578
v -0.005410 -0.035077 -0.025466
v -0.004417 -0.035299 -0.025654
v -0.003402 -0.035560 -0.025457
v -0.002306 -0.035781 -0.025321
v -0.030219 -0.015972 -0.022162
v -0.029295 -0.017532 -0.023017
v -0.028352 -0.018990 -0.023432
v -0.021211 -0.026878 -0.024538
v -0.017846 -0.029415 -0.024914
v -0.016958 -0.029969 -0.025108
v -0.016056 -0.030511 -0.025225
v -0.015133 -0.031044 -0.025296
v -0.014204 -0.031560 -0.025340
v -0.013263 -0.032057 -0.025370
v -0.012278 -0.032529 -0.025457
v -0.004348 -0.035473 -0.024709
v -0.003411 -0.035697 -0.024533
v -0.002155 -0.035932 -0.024345
v -0.032908 -0.009437 -0.022440
v -0.033253 -0.008271 -0.022361
v -0.032490 -0.010697 -0.022497
v -0.031773 -0.012576 -0.022653
v -0.031214 -0.013992 -0.021758
v -0.027803 -0.019952 -0.022607
v -0.027150 -0.020801 -0.022904
v -0.025811 -0.022443 -0.023077
v -0.025082 -0.023276 -0.023231
v -0.024364 -0.024093 -0.023233
v -0.023618 -0.024863 -0.023302
v -0.022845 -0.025598 -0.023481
v -0.022060 -0.026285 -0.023756
v -0.020509 -0.027677 -0.023556
v -0.019657 -0.028291 -0.023873
v -0.018765 -0.028905 -0.024179
v -0.011391 -0.033185 -0.024199
v -0.010405 -0.033604 -0.024214
v -0.009452 -0.033980 -0.024201
v -0.008480 -0.034341 -0.024146
v -0.007492 -0.034681 -0.024112
v -0.006499 -0.034968 -0.024322
v -0.005511 -0.035256 -0.024182
v -0.004477 -0.035536 -0.023904
v -0.003438 -0.035785 -0.023616
v -0.002374 -0.035982 -0.023479
v -0.032162 -0.011650 -0.022374
v -0.029479 -0.017376 -0.021838
v -0.028764 -0.018596 -0.021678
v -0.026512 -0.021721 -0.022235
v -0.021346 -0.027092 -0.022761
v -0.018011 -0.029607 -0.023226
v -0.017096 -0.030207 -0.023336
v -0.016242 -0.030717 -0.023596
v -0.015301 -0.031285 -0.023544
v -0.014402 -0.031770 -0.023710
v -0.013452 -0.032287 -0.023608
v -0.012423 -0.032789 -0.023653
v -0.006424 -0.035116 -0.022795
v -0.005523 -0.035350 -0.023135
v -0.004527 -0.035597 -0.022955
v -0.003477 -0.035827 -0.022708
v -0.002204 -0.036047 -0.022498
v -0.033423 -0.007803 -0.021269
v -0.032971 -0.009418 -0.021137
v -0.032597 -0.010567 -0.021110
v -0.032034 -0.012101 -0.021182
v -0.030710 -0.015067 -0.020343
v -0.027851 -0.020011 -0.021093
v -0.027125 -0.021005 -0.021253
v -0.025871 -0.022585 -0.021480
v -0.025190 -0.023364 -0.021541
v -0.024512 -0.024108 -0.021705
v -0.023755 -0.024913 -0.021603
v -0.022902 -0.025750 -0.021699
v -0.022110 -0.026479 -0.021968
v -0.020595 -0.027815 -0.021866
v -0.019835 -0.028382 -0.022215
v -0.018876 -0.029082 -0.022220
v -0.011479 -0.033347 -0.022427
v -0.010485 -0.033756 -0.022442
v -0.009509 -0.034124 -0.022399
v -0.008521 -0.034471 -0.022327
v -0.007439 -0.034824 -0.022194
v -0.005424 -0.035415 -0.022139
v -0.004516 -0.035627 -0.021989
v -0.003481 -0.035837 -0.021772
v -0.002378 -0.036024 -0.021614
v -0.032326 -0.011284 -0.019876
v -0.031551 -0.013235 -0.019917
v -0.029566 -0.017179 -0.019883
v -0.026386 -0.021977 -0.020934
v -0.021350 -0.027205 -0.021402
v -0.017493 -0.030082 -0.021674
v -0.015777 -0.031153 -0.021941
v -0.013970 -0.032161 -0.022075
v -0.012541 -0.032880 -0.022142
v -0.006359 -0.035153 -0.021388
v -0.005455 -0.035390 -0.021249
v -0.004482 -0.035613 -0.021044
v -0.003449 -0.035811 -0.020828
v -0.002178 -0.036008 -0.020638
v -0.033035 -0.009197 -0.020184
v -0.032723 -0.010113 -0.019877
v -0.031922 -0.012321 -0.019685
v -0.028200 -0.019416 -0.019860
v -0.027272 -0.020751 -0.019727
v -0.026386 -0.021897 -0.019637
v -0.025491 -0.023042 -0.020269
v -0.024160 -0.024495 -0.019986
v -0.022921 -0.025735 -0.020008
v -0.021712 -0.026856 -0.020237
v -0.020611 -0.027814 -0.020374
v -0.019521 -0.028662 -0.020602
v -0.018503 -0.029387 -0.020027
v -0.017109 -0.030345 -0.020147
v -0.016185 -0.030930 -0.020384
v -0.015181 -0.031522 -0.020409
v -0.014386 -0.031970 -0.020696
v -0.013379 -0.032488 -0.020547
v -0.012557 -0.032895 -0.020799
v -0.011504 -0.033363 -0.020742
v -0.010548 -0.033759 -0.020847
v -0.009549 -0.034117 -0.020639
v -0.008517 -0.034464 -0.020534
v -0.007508 -0.034776 -0.020436
v -0.006458 -0.035062 -0.020201
v -0.005327 -0.035319 -0.019872
v -0.004447 -0.035549 -0.020127
v -0.003401 -0.035732 -0.019861
v -0.002289 -0.035913 -0.019754
v -0.030957 -0.014250 -0.018728
v -0.030167 -0.015895 -0.018868
v -0.024975 -0.023526 -0.019110
v -0.021558 -0.026816 -0.018608
v -0.003426 -0.035584 -0.018857
v -0.001998 -0.035791 -0.018703
v -0.017119 -0.030206 -0.018647
v -0.016131 -0.030826 -0.018756
v -0.015131 -0.031425 -0.018906
v -0.013749 -0.032194 -0.019209
v -0.011934 -0.033070 -0.019341
v -0.010071 -0.033816 -0.019269
v -0.008422 -0.034305 -0.018676
v -0.007496 -0.034656 -0.019066
v -0.006448 -0.034916 -0.018842
v -0.005495 -0.035142 -0.018741
v -0.004473 -0.035300 -0.018353
v -0.018053 -0.029486 -0.018097
v -0.014179 -0.031819 -0.018087
v -0.013108 -0.032233 -0.017476
v -0.011949 -0.032838 -0.017821
v -0.010403 -0.033468 -0.017821
v -0.009153 -0.033874 -0.017608
v -0.006655 -0.034608 -0.017477
v -0.005095 -0.034990 -0.017459
v -0.003018 -0.035365 -0.017399
v -0.007696 -0.034167 -0.016827
v -0.033330 -0.008100 -0.020022
v 0.000010 -0.035857 -0.017714
v -0.000550 -0.036087 -0.019372
v -0.000806 -0.036211 -0.021179
v -0.000615 -0.036233 -0.023063
v -0.000490 -0.036073 -0.024905
v 0.000613 -0.035548 -0.027807
v -0.000303 -0.034839 -0.029577
v -0.000372 -0.034058 -0.031280
v -0.003477 -0.032068 -0.033747
v -0.005380 -0.031551 -0.033658
v -0.009745 -0.030326 -0.032865
v -0.013400 -0.028564 -0.032539
v -0.015092 -0.028163 -0.031754
v -0.022362 -0.023266 -0.030285
v -0.027483 -0.017523 -0.029276
v -0.030073 -0.013548 -0.028281
v -0.030668 -0.012237 -0.028151
v -0.031656 -0.009162 -0.028382
v -0.028558 -0.018486 -0.018211
v -0.021025 -0.024173 -0.030801
v -0.028684 -0.017907 -0.017459
v -0.028058 -0.018726 -0.017196
v -0.028412 -0.017658 -0.016667
v -0.029297 -0.016951 -0.017717
v -0.028976 -0.016441 -0.016507
v -0.029884 -0.015736 -0.017538
v -0.031505 -0.012705 -0.018304
v -0.031005 -0.013631 -0.017905
v -0.030753 -0.013015 -0.016924
v -0.031892 -0.011533 -0.018156
v -0.032410 -0.010407 -0.018596
v -0.031877 -0.010346 -0.017338
v -0.032723 -0.009278 -0.018504
v -0.033127 -0.008042 -0.018776
v -0.032636 -0.008491 -0.017847
v -0.030520 -0.014929 -0.018158
v -0.030483 -0.014559 -0.017628
v -0.032076 -0.011587 -0.018787
v -0.032918 -0.009207 -0.019161
v -0.029148 -0.015038 -0.015610
v -0.027260 -0.018401 -0.015594
v -0.027961 -0.016790 -0.015132
v -0.026955 -0.017535 -0.014207
v -0.030294 -0.012555 -0.015753
v -0.029262 -0.013778 -0.014755
v -0.028352 -0.014773 -0.013860
v -0.027646 -0.015918 -0.013659
v -0.026860 -0.016794 -0.013176
v -0.026133 -0.017559 -0.012801
v -0.032507 -0.006555 -0.016806
v -0.032064 -0.008408 -0.016697
v -0.031354 -0.009813 -0.016019
v -0.030811 -0.011374 -0.015932
v -0.030016 -0.012266 -0.014989
v -0.032145 -0.006272 -0.015892
v -0.032639 -0.005127 -0.016590
v -0.031547 -0.007603 -0.015161
v -0.031063 -0.009291 -0.015081
v -0.030246 -0.011079 -0.014556
v -0.028923 -0.012847 -0.013183
v -0.028310 -0.013929 -0.012856
v -0.027256 -0.015283 -0.012103
v -0.026537 -0.016131 -0.011634
v -0.025847 -0.016890 -0.011244
v -0.031787 -0.006051 -0.014949
v -0.030845 -0.008689 -0.014171
v -0.030256 -0.010081 -0.013783
v -0.029561 -0.011501 -0.013349
v -0.031390 -0.005815 -0.013773
v -0.031710 -0.004348 -0.013950
v -0.030834 -0.007736 -0.013448
v -0.030022 -0.009664 -0.012814
v -0.029254 -0.011335 -0.012390
v -0.027288 -0.014372 -0.010934
v -0.026349 -0.015557 -0.010254
v -0.025695 -0.016255 -0.009741
v -0.031073 -0.005553 -0.012594
v -0.030533 -0.007387 -0.012248
v -0.029821 -0.009255 -0.011787
v -0.028991 -0.011037 -0.011268
v -0.028120 -0.012703 -0.010846
v -0.030815 -0.005322 -0.011381
v -0.031099 -0.003937 -0.011447
v -0.030377 -0.006874 -0.011122
v -0.029819 -0.008470 -0.010809
v -0.029037 -0.010272 -0.010327
v -0.028141 -0.011999 -0.009786
v -0.027146 -0.013671 -0.009269
v -0.026169 -0.015165 -0.008943
v -0.024995 -0.016627 -0.008453
v -0.030638 -0.005094 -0.010274
v -0.030812 -0.003868 -0.009817
v -0.030123 -0.006599 -0.009481
v -0.029649 -0.008237 -0.009672
v -0.028919 -0.009981 -0.009273
v -0.028047 -0.011684 -0.008716
v -0.027038 -0.013362 -0.008081
v -0.025629 -0.015362 -0.007290
v -0.030445 -0.005160 -0.009170
v -0.029485 -0.008160 -0.008571
v -0.028842 -0.009732 -0.008253
v -0.028036 -0.011354 -0.007737
v -0.027089 -0.012974 -0.007082
v -0.026060 -0.014506 -0.006387
v -0.030395 -0.004848 -0.008194
v -0.030607 -0.003606 -0.007651
v -0.029965 -0.006241 -0.007507
v -0.029470 -0.007829 -0.007597
v -0.028786 -0.009520 -0.007229
v -0.028080 -0.011014 -0.006897
v -0.027256 -0.012420 -0.005992
v -0.026330 -0.013890 -0.005322
v -0.025701 -0.014792 -0.004894
v -0.025217 -0.015478 -0.004996
v -0.030264 -0.004952 -0.007037
v -0.029434 -0.007621 -0.006499
v -0.028779 -0.009268 -0.006171
v -0.028014 -0.010919 -0.005850
v -0.030270 -0.004688 -0.005846
v -0.029743 -0.006541 -0.005679
v -0.029035 -0.008477 -0.005198
v -0.028263 -0.010252 -0.004842
v -0.027432 -0.011903 -0.004551
v -0.026600 -0.013340 -0.004280
v -0.025825 -0.014493 -0.003399
v -0.025251 -0.015301 -0.003421
v -0.030316 -0.004502 -0.004596
v -0.029830 -0.006218 -0.004396
v -0.029169 -0.008097 -0.004116
v -0.028390 -0.009941 -0.003756
v -0.027531 -0.011674 -0.003428
v -0.026624 -0.013258 -0.003176
v -0.030589 -0.003609 -0.003497
v -0.030124 -0.005431 -0.003207
v -0.029494 -0.007343 -0.003044
v -0.028763 -0.009199 -0.002754
v -0.027938 -0.010981 -0.002394
v -0.027032 -0.012651 -0.002083
v -0.026067 -0.014181 -0.001877
v -0.024931 -0.015719 -0.001987
v -0.030517 -0.004372 -0.002253
v -0.030855 -0.002905 -0.002379
v -0.030139 -0.005787 -0.001931
v -0.029656 -0.007181 -0.001920
v -0.028965 -0.008952 -0.001719
v -0.028187 -0.010683 -0.001368
v -0.027282 -0.012433 -0.000889
v -0.026317 -0.013968 -0.000713
v -0.025503 -0.015165 -0.000280
v -0.030735 -0.004073 -0.001234
v -0.031095 -0.003008 -0.000653
v -0.030410 -0.005528 -0.000622
v -0.029833 -0.007093 -0.000835
v -0.029158 -0.008815 -0.000695
v -0.028450 -0.010380 -0.000527
v -0.027863 -0.011736 0.000278
v -0.027279 -0.012832 0.000610
v -0.026724 -0.013666 0.000579
v -0.026149 -0.014487 0.000623
v -0.030862 -0.004275 -0.000165
v -0.030036 -0.007014 0.000180
v -0.029382 -0.008699 0.000337
v -0.028625 -0.010365 0.000461
v -0.025775 -0.015178 0.001373
v -0.031137 -0.004167 0.000963
v -0.031624 -0.002715 0.001370
v -0.030575 -0.006015 0.001030
v -0.029883 -0.008011 0.001329
v -0.029119 -0.009803 0.001482
v -0.028338 -0.011345 0.001527
v -0.027715 -0.012696 0.002194
v -0.027070 -0.013650 0.002092
v -0.026466 -0.014507 0.002134
v -0.031463 -0.004151 0.002151
v -0.030963 -0.005849 0.002272
v -0.030287 -0.007738 0.002417
v -0.029497 -0.009622 0.002590
v -0.028613 -0.011375 0.002656
v -0.025804 -0.015665 0.003017
v -0.031888 -0.003821 0.003158
v -0.031497 -0.005387 0.003422
v -0.030942 -0.007018 0.003525
v -0.030190 -0.008895 0.003654
v -0.029342 -0.010779 0.003873
v -0.028303 -0.012589 0.003881
v -0.027117 -0.014221 0.003633
v -0.032346 -0.003541 0.004178
v -0.032172 -0.005059 0.004870
v -0.031667 -0.006521 0.004894
v -0.030965 -0.008153 0.004775
v -0.030148 -0.009876 0.004743
v -0.029723 -0.011134 0.005279
v -0.029112 -0.012202 0.005290
v -0.028492 -0.013203 0.005327
v -0.027873 -0.013910 0.005035
v -0.027302 -0.014786 0.005193
v -0.026212 -0.015947 0.004800
v -0.032783 -0.003596 0.005246
v -0.033386 -0.002266 0.005803
v -0.031602 -0.007468 0.005574
v -0.031464 -0.008645 0.006346
v -0.030647 -0.010086 0.006072
v -0.032262 -0.006713 0.006342
v -0.029943 -0.012044 0.006812
v -0.029177 -0.013470 0.007057
v -0.028088 -0.014431 0.006289
v -0.027266 -0.015721 0.006612
v -0.031791 -0.009344 0.007565
v -0.030943 -0.011001 0.007565
v -0.028377 -0.014989 0.007564
v -0.030395 -0.012716 0.008384
v -0.029438 -0.014691 0.008945
v -0.028189 -0.015911 0.008432
v -0.032589 -0.008147 0.008045
v -0.031685 -0.010399 0.008354
v -0.027446 -0.017362 0.009175
v -0.026835 -0.017056 0.007835
v -0.026124 -0.016859 0.006292
v -0.024967 -0.016161 0.001345
v -0.024147 -0.016802 -0.000502
v -0.024271 -0.016551 -0.003456
v -0.024261 -0.016761 -0.005344
v -0.024098 -0.017322 -0.007033
v -0.024452 -0.017899 -0.009717
v -0.025093 -0.017961 -0.011337
v -0.024960 -0.019208 -0.012912
v -0.025985 -0.018912 -0.014207
v -0.028190 -0.017117 0.009949
v -0.017404 -0.027691 -0.014068
v -0.018471 -0.026900 -0.014163
v -0.022402 -0.023546 -0.014588
v -0.023295 -0.022654 -0.014698
v -0.025250 -0.020259 -0.014637
v -0.016096 -0.027735 -0.012711
v -0.015211 -0.028334 -0.012649
v -0.016908 -0.027326 -0.013018
v -0.017737 -0.026664 -0.013018
v -0.019048 -0.025642 -0.013120
v -0.019865 -0.024859 -0.013033
v -0.020754 -0.024209 -0.013279
v -0.021648 -0.023396 -0.013396
v -0.022612 -0.022338 -0.013371
v -0.023552 -0.021591 -0.013771
v -0.024243 -0.020767 -0.013763
v -0.018336 -0.025452 -0.011929
v -0.022094 -0.022078 -0.012210
v -0.015615 -0.027177 -0.011221
v -0.014197 -0.027951 -0.010857
v -0.016970 -0.026346 -0.011548
v -0.019149 -0.024493 -0.011487
v -0.020231 -0.023601 -0.011643
v -0.021318 -0.022636 -0.011807
v -0.023372 -0.020669 -0.012229
v -0.014822 -0.027134 -0.010083
v -0.016124 -0.026085 -0.009840
v -0.017916 -0.024844 -0.010186
v -0.019595 -0.023424 -0.010302
v -0.020927 -0.022204 -0.010401
v -0.022327 -0.020893 -0.010672
v -0.023829 -0.019324 -0.010945
v -0.014973 -0.026347 -0.008506
v -0.016206 -0.025433 -0.008458
v -0.017916 -0.024030 -0.008349
v -0.019251 -0.023247 -0.009290
v -0.020312 -0.022167 -0.009079
v -0.021488 -0.021016 -0.009123
v -0.022925 -0.019475 -0.009165
v -0.019409 -0.022729 -0.008389
v -0.023960 -0.017942 -0.008419
v -0.013980 -0.026727 -0.007699
v -0.016065 -0.024956 -0.006642
v -0.014344 -0.026058 -0.006187
v -0.019404 -0.022436 -0.007512
v -0.020691 -0.021302 -0.007754
v -0.022013 -0.019986 -0.007873
v -0.022977 -0.018776 -0.007425
v -0.017852 -0.023499 -0.006487
v -0.019166 -0.022402 -0.006617
v -0.020544 -0.021121 -0.006621
v -0.021930 -0.019742 -0.006722
v -0.015226 -0.025176 -0.004875
v -0.014323 -0.025708 -0.004413
v -0.016499 -0.024238 -0.004845
v -0.017829 -0.023219 -0.005125
v -0.018990 -0.022333 -0.005677
v -0.020302 -0.021056 -0.005272
v -0.021530 -0.019859 -0.005335
v -0.022566 -0.018761 -0.005366
v -0.023152 -0.018173 -0.005817
v -0.015949 -0.024373 -0.002767
v -0.019140 -0.022025 -0.004722
v -0.014227 -0.025519 -0.002443
v -0.017528 -0.023226 -0.003458
v -0.018998 -0.022018 -0.003735
v -0.020315 -0.020828 -0.003791
v -0.021660 -0.019468 -0.003298
v -0.022451 -0.018719 -0.004232
v -0.023354 -0.017727 -0.004425
v -0.018764 -0.022118 -0.002427
v -0.019822 -0.021183 -0.002429
v -0.021151 -0.019933 -0.002388
v -0.023115 -0.017889 -0.003131
v -0.017960 -0.022772 -0.001326
v -0.013743 -0.025760 -0.001030
v -0.015243 -0.024795 -0.000790
v -0.013943 -0.025677 0.000513
v -0.016769 -0.023735 -0.000210
v -0.019343 -0.021603 -0.001154
v -0.020575 -0.020488 -0.001209
v -0.021720 -0.019421 -0.000577
v -0.022627 -0.018428 -0.001503
v -0.023811 -0.017089 -0.001878
v -0.015584 -0.024614 0.000492
v -0.018069 -0.022742 0.000157
v -0.019285 -0.021717 -0.000030
v -0.020612 -0.020524 -0.000110
v -0.022859 -0.018277 -0.000205
v -0.015355 -0.024928 0.001960
v -0.014280 -0.025657 0.002256
v -0.016851 -0.023880 0.001859
v -0.018183 -0.022835 0.001669
v -0.019261 -0.021844 0.001003
v -0.020540 -0.020798 0.001457
v -0.021827 -0.019551 0.001237
v -0.022701 -0.018619 0.000973
v -0.023745 -0.017532 0.001183
v -0.016659 -0.024329 0.003557
v -0.019517 -0.021783 0.001982
v -0.015185 -0.025388 0.003852
v -0.018443 -0.023124 0.003979
v -0.019394 -0.022146 0.003165
v -0.020475 -0.021223 0.003169
v -0.021923 -0.019887 0.003109
v -0.023300 -0.018389 0.002692
v -0.024538 -0.017056 0.002738
v -0.016647 -0.024827 0.005349
v -0.015231 -0.025793 0.005495
v -0.017645 -0.024093 0.005240
v -0.020139 -0.021890 0.004464
v -0.021447 -0.020730 0.004402
v -0.022696 -0.019765 0.004934
v -0.023603 -0.018600 0.004267
v -0.024767 -0.017195 0.003864
v -0.019273 -0.023263 0.006287
v -0.020153 -0.022228 0.005474
v -0.021783 -0.021007 0.005905
v -0.024127 -0.018706 0.005746
v -0.024961 -0.017654 0.005382
v -0.016689 -0.025326 0.006850
v -0.015884 -0.026347 0.008051
v -0.017933 -0.024410 0.006673
v -0.020572 -0.022290 0.006497
v -0.023613 -0.019832 0.006941
v -0.017291 -0.025461 0.008078
v -0.018091 -0.024870 0.007970
v -0.019696 -0.023982 0.008469
v -0.020565 -0.022856 0.007660
v -0.021692 -0.021914 0.007640
v -0.023105 -0.020707 0.007661
v -0.025319 -0.018377 0.007352
v -0.015155 -0.027134 0.008832
v -0.016320 -0.026801 0.009470
v -0.018152 -0.025763 0.009690
v -0.021512 -0.022772 0.008871
v -0.022790 -0.021632 0.008763
v -0.024057 -0.020864 0.009290
v -0.024921 -0.019627 0.008653
v -0.026347 -0.018627 0.009298
v -0.017906 -0.026967 0.011388
v -0.021103 -0.024459 0.010950
v -0.021878 -0.023250 0.010052
v -0.023174 -0.022001 0.009815
v -0.025095 -0.020470 0.010091
v -0.025786 -0.019680 0.009943
v -0.019802 -0.025843 0.011574
v -0.022739 -0.023549 0.011470
v -0.023516 -0.022795 0.011325
v -0.024623 -0.021606 0.011037
v -0.027616 -0.018121 0.010437
v -0.014748 -0.029445 -0.013827
v -0.013862 -0.029103 -0.012469
v -0.013544 -0.027704 -0.009527
v -0.013099 -0.026957 -0.006610
v -0.012946 -0.026710 -0.005170
v -0.013107 -0.026342 -0.003550
v -0.012421 -0.026585 -0.002126
v -0.013670 -0.026267 0.003663
v -0.013754 -0.026638 0.005384
v -0.014187 -0.026767 0.006592
v -0.015563 -0.027853 0.010579
v -0.016450 -0.028408 0.012245
v -0.017037 -0.028941 0.013693
v -0.017746 -0.028096 0.012940
v -0.018290 -0.027723 0.012867
v -0.018701 -0.027426 0.012811
v -0.019098 -0.027108 0.012711
v -0.019524 -0.026727 0.012547
v -0.019986 -0.026409 0.012539
v -0.020462 -0.026227 0.012824
v -0.020714 -0.025839 0.012479
v -0.021116 -0.025451 0.012346
v -0.021545 -0.025080 0.012279
v -0.021936 -0.024824 0.012400
v -0.022317 -0.024482 0.012343
v -0.022619 -0.024108 0.012106
v -0.024251 -0.022627 0.011978
v -0.024868 -0.022261 0.012314
v -0.025453 -0.020977 0.011213
v -0.026076 -0.020424 0.011335
v -0.026550 -0.019830 0.011220
v -0.027180 -0.019060 0.011061
v -0.016067 -0.029359 0.013435
v -0.017947 -0.028480 0.013905
v -0.018404 -0.028094 0.013696
v -0.018831 -0.027780 0.013625
v -0.019321 -0.027430 0.013595
v -0.019773 -0.027007 0.013346
v -0.020165 -0.026678 0.013237
v -0.021212 -0.025931 0.013364
v -0.021797 -0.025372 0.013160
v -0.022487 -0.025126 0.013951
v -0.023059 -0.024242 0.012984
v -0.023361 -0.023850 0.012732
v -0.023726 -0.023444 0.012588
v -0.024175 -0.023064 0.012614
v -0.024617 -0.022735 0.012766
v -0.025612 -0.021415 0.012200
v -0.027636 -0.018824 0.011553
v -0.028257 -0.017800 0.011083
v -0.016147 -0.029946 0.014831
v -0.028241 -0.018223 0.011939
v -0.025260 -0.021888 0.012382
v -0.029071 -0.016757 0.011185
v -0.032553 -0.008597 0.008367
v -0.032752 -0.008625 0.008931
v -0.029485 -0.015562 0.010139
v -0.030020 -0.014666 0.010004
v -0.028917 -0.016222 0.009947
v -0.032371 -0.010048 0.009780
v -0.031487 -0.011945 0.009870
v -0.030893 -0.012895 0.009501
v -0.030840 -0.013584 0.010538
v -0.030413 -0.013744 0.009537
v -0.033000 -0.008392 0.009613
v -0.030108 -0.015543 0.012169
v -0.020332 -0.027019 0.014438
v -0.021843 -0.025958 0.014819
v -0.017389 -0.029315 0.015189
v -0.016475 -0.030186 0.016271
v -0.015454 -0.030796 0.016400
v -0.015303 -0.030439 0.014884
v -0.014132 -0.031511 0.016484
v -0.013860 -0.031222 0.015054
v -0.012347 -0.032091 0.015557
v -0.010914 -0.032638 0.015501
v -0.011153 -0.032938 0.016785
v -0.009428 -0.033633 0.017005
v -0.008841 -0.033434 0.015704
v -0.029166 -0.017051 0.012179
v -0.020898 -0.027082 0.016030
v -0.019825 -0.027874 0.015943
v -0.018639 -0.028642 0.015704
v -0.017308 -0.029679 0.016260
v -0.012325 -0.032538 0.017210
v -0.008229 -0.034036 0.017023
v -0.006748 -0.034382 0.016742
v -0.031547 -0.012834 0.012200
v -0.030917 -0.014153 0.012398
v -0.029500 -0.016947 0.013359
v -0.028746 -0.018150 0.013635
v -0.027991 -0.019401 0.014449
v -0.027522 -0.019440 0.012718
v -0.027040 -0.020627 0.014444
v -0.026446 -0.020869 0.013109
v -0.026190 -0.021904 0.015463
v -0.025317 -0.022390 0.013759
v -0.025268 -0.022946 0.015367
v -0.024658 -0.023553 0.015282
v -0.024001 -0.023770 0.013971
v -0.024024 -0.024296 0.015735
v -0.023310 -0.024972 0.015819
v -0.022517 -0.025755 0.016114
v -0.021741 -0.026542 0.016612
v -0.020044 -0.028034 0.017320
v -0.018935 -0.028834 0.017326
v -0.017995 -0.029515 0.017514
v -0.017092 -0.030097 0.017647
v -0.015746 -0.030960 0.018007
v -0.014640 -0.031591 0.018096
v -0.013278 -0.032310 0.018305
v -0.011964 -0.032951 0.018579
v -0.010642 -0.033459 0.018328
v -0.009151 -0.034047 0.018550
v -0.007787 -0.034439 0.018249
v -0.006285 -0.034875 0.018324
v -0.005021 -0.035076 0.017818
v -0.005308 -0.034611 0.016309
v -0.003671 -0.035145 0.016958
v -0.032860 -0.009307 0.010870
v -0.032221 -0.011196 0.011825
v -0.032758 -0.009955 0.012626
v -0.030456 -0.015417 0.014221
v -0.020865 -0.027465 0.017727
v -0.003519 -0.035550 0.018666
v -0.002431 -0.035565 0.017677
v -0.033292 -0.008123 0.011342
v -0.031545 -0.013172 0.013599
v -0.031149 -0.014028 0.013791
v -0.029784 -0.016655 0.014310
v -0.029077 -0.017941 0.014962
v -0.028418 -0.018980 0.015295
v -0.027276 -0.020652 0.015869
v -0.026664 -0.021474 0.016196
v -0.025387 -0.023068 0.016746
v -0.024510 -0.024044 0.016988
v -0.023498 -0.025098 0.017384
v -0.022793 -0.025770 0.017468
v -0.022070 -0.026473 0.017859
v -0.021341 -0.027142 0.018206
v -0.019896 -0.028338 0.018740
v -0.018991 -0.029019 0.018973
v -0.018223 -0.029538 0.018621
v -0.017209 -0.030230 0.019014
v -0.016426 -0.030754 0.019976
v -0.014802 -0.031693 0.019751
v -0.013550 -0.032344 0.019635
v -0.012115 -0.033053 0.020280
v -0.010749 -0.033598 0.019865
v -0.009390 -0.034131 0.020055
v -0.007831 -0.034642 0.019786
v -0.006452 -0.035051 0.019822
v -0.004876 -0.035403 0.019526
v -0.001972 -0.035907 0.019240
v -0.001511 -0.035755 0.017959
v -0.033191 -0.008509 0.013199
v -0.032590 -0.010342 0.014980
v -0.032329 -0.011222 0.013754
v -0.031907 -0.012325 0.013988
v -0.030792 -0.014840 0.015070
v -0.027820 -0.019963 0.016508
v -0.024804 -0.023807 0.017915
v -0.020605 -0.027811 0.019322
v -0.017759 -0.029923 0.019820
v -0.013497 -0.032438 0.021101
v -0.008300 -0.034575 0.021192
v -0.005514 -0.035380 0.020766
v -0.003351 -0.035810 0.020482
v -0.031383 -0.013600 0.014880
v -0.029989 -0.016362 0.016560
v -0.029586 -0.017125 0.015839
v -0.028656 -0.018702 0.016487
v -0.026962 -0.021191 0.017283
v -0.025796 -0.022642 0.017830
v -0.023757 -0.024925 0.018740
v -0.022477 -0.026173 0.018945
v -0.021467 -0.027096 0.019226
v -0.019459 -0.028724 0.020072
v -0.018320 -0.029539 0.020914
v -0.014689 -0.031784 0.021573
v -0.010219 -0.033869 0.021901
v -0.006822 -0.035044 0.021219
v -0.004509 -0.035628 0.021109
v -0.001820 -0.036081 0.020794
v -0.032909 -0.009028 0.015233
v -0.032063 -0.011757 0.015749
v -0.031567 -0.013093 0.015773
v -0.030767 -0.014710 0.017015
v -0.028770 -0.018424 0.018012
v -0.028036 -0.019618 0.018152
v -0.027253 -0.020784 0.018254
v -0.026430 -0.021840 0.018945
v -0.025163 -0.023304 0.019927
v -0.024484 -0.024107 0.019766
v -0.023387 -0.025256 0.020258
v -0.022272 -0.026331 0.020458
v -0.021090 -0.027375 0.020712
v -0.019803 -0.028412 0.021128
v -0.019019 -0.029014 0.021327
v -0.016994 -0.030387 0.021695
v -0.015380 -0.031215 0.023310
v -0.013402 -0.032445 0.022503
v -0.012100 -0.033058 0.022426
v -0.008408 -0.034540 0.022655
v -0.006762 -0.035057 0.022607
v -0.005081 -0.035509 0.022339
v -0.003502 -0.035845 0.022218
v -0.002120 -0.036078 0.021838
v -0.021154 -0.027206 0.021851
v -0.017223 -0.030144 0.022637
v -0.013936 -0.032054 0.023522
v -0.011009 -0.033442 0.023574
v -0.009014 -0.034246 0.023597
v -0.007433 -0.034791 0.023680
v -0.005444 -0.035354 0.023595
v -0.032513 -0.009974 0.016361
v -0.031925 -0.011729 0.016901
v -0.031464 -0.012977 0.017154
v -0.029674 -0.016598 0.018754
v -0.027710 -0.019853 0.019839
v -0.026975 -0.021009 0.019627
v -0.026066 -0.022059 0.020614
v -0.024164 -0.024209 0.021525
v -0.023358 -0.025079 0.021677
v -0.022640 -0.025822 0.021788
v -0.021814 -0.026525 0.022317
v -0.020023 -0.028098 0.022327
v -0.018552 -0.029153 0.022943
v -0.012115 -0.032873 0.024173
v -0.009555 -0.033929 0.024376
v -0.008196 -0.034518 0.023922
v -0.006384 -0.035008 0.024442
v -0.003845 -0.035690 0.023786
v -0.002037 -0.036046 0.023178
v -0.032730 -0.008489 0.016883
v -0.031825 -0.010804 0.018585
v -0.030958 -0.013387 0.019010
v -0.030245 -0.015312 0.018878
v -0.028711 -0.018099 0.019975
v -0.028245 -0.018979 0.019867
v -0.026793 -0.020913 0.021177
v -0.025102 -0.023037 0.021788
v -0.021038 -0.027123 0.022978
v -0.020048 -0.027822 0.023691
v -0.018912 -0.028709 0.023852
v -0.016692 -0.030184 0.024493
v -0.015356 -0.030940 0.025001
v -0.013258 -0.032141 0.024997
v -0.010366 -0.033453 0.025286
v -0.007626 -0.034506 0.025147
v -0.004778 -0.035296 0.025272
v -0.003214 -0.035629 0.025267
v -0.001849 -0.035939 0.024651
v -0.029855 -0.015356 0.020603
v -0.029302 -0.016760 0.020380
v -0.027874 -0.019180 0.021139
v -0.027046 -0.020388 0.021527
v -0.026081 -0.021396 0.022632
v -0.024183 -0.023811 0.023060
v -0.022989 -0.024943 0.023713
v -0.022139 -0.025891 0.023543
v -0.020926 -0.026875 0.024240
v -0.017575 -0.029382 0.025199
v -0.013881 -0.031530 0.026043
v -0.011555 -0.032741 0.026162
v -0.008643 -0.033953 0.026133
v -0.005850 -0.034863 0.026114
v -0.032414 -0.008234 0.018385
v -0.032126 -0.009218 0.018781
v -0.030405 -0.013884 0.020503
v -0.028389 -0.018044 0.021501
v -0.024919 -0.022792 0.023263
v -0.019401 -0.027912 0.025250
v -0.018711 -0.028493 0.025232
v -0.016240 -0.030089 0.026051
v -0.015467 -0.030585 0.026129
v -0.014578 -0.031014 0.026509
v -0.011938 -0.032373 0.026763
v -0.010114 -0.033141 0.027025
v -0.008991 -0.033560 0.027122
v -0.007267 -0.034185 0.027087
v -0.006236 -0.034516 0.027062
v -0.004462 -0.034994 0.027042
v -0.003180 -0.035292 0.026927
v -0.001314 -0.035680 0.026557
v -0.031325 -0.010503 0.020422
v -0.030910 -0.012390 0.020304
v -0.027205 -0.001206 -0.027459
v -0.028851 -0.017046 0.021601
v -0.027278 -0.019430 0.022707
v -0.019615 -0.027370 0.026172
v -0.013665 -0.031071 0.027869
v -0.012129 -0.031937 0.027759
v -0.010967 -0.032738 0.027149
v -0.008063 -0.033833 0.027389
v -0.005328 -0.034706 0.027337
v -0.001760 -0.035443 0.027306
v -0.031932 -0.008246 0.019762
v -0.029955 -0.013739 0.021970
v -0.029589 -0.014820 0.022036
v -0.028904 -0.016467 0.022214
v -0.028071 -0.017712 0.022971
v -0.026119 -0.020542 0.024184
v -0.024854 -0.022231 0.024610
v -0.023837 -0.023632 0.024544
v -0.022468 -0.024819 0.025486
v -0.017761 -0.028724 0.026696
v -0.016593 -0.029528 0.026921
v -0.010474 -0.032519 0.028352
v -0.008945 -0.033075 0.028590
v -0.007347 -0.033664 0.028593
v -0.006192 -0.034153 0.028290
v -0.004742 -0.034474 0.028517
v -0.003305 -0.034781 0.028561
v -0.001759 -0.035090 0.028446
v -0.028505 -0.016623 0.023100
v -0.027164 -0.018723 0.024064
v -0.023580 -0.023539 0.025412
v -0.010845 -0.031965 0.029268
v -0.007511 -0.032919 0.030230
v -0.005524 -0.033877 0.029534
v -0.028894 -0.015266 0.023365
v -0.009334 -0.032436 0.029737
v -0.005930 -0.033343 0.030438
v -0.004135 -0.033940 0.030228
v -0.003288 -0.034204 0.030043
v -0.001929 -0.034493 0.029938
v -0.004735 -0.033528 0.030778
v -0.002743 -0.033596 0.031513
v -0.000481 -0.034152 0.031095
v -0.000569 -0.033491 0.032337
v -0.000211 -0.034837 0.029644
v 0.000477 -0.035404 0.028290
v 0.000510 -0.036052 0.025709
v 0.000345 -0.036268 0.023978
v 0.000242 -0.036352 0.022156
v -0.000423 -0.036199 0.020137
v -0.000610 -0.035963 0.018540
v -0.001286 -0.035588 0.017199
v -0.013097 -0.031212 0.014153
v -0.014286 -0.030545 0.013912
v -0.010089 -0.032664 0.014749
v -0.007425 -0.033626 0.015126
v -0.002741 -0.034617 0.015305
v -0.003924 -0.034619 0.015601
v -0.003824 -0.034315 0.014999
v -0.001356 -0.034857 0.015507
v -0.002421 -0.035058 0.016123
v -0.000893 -0.035251 0.016187
v -0.011459 -0.031801 0.014022
v -0.009884 -0.031766 0.013017
v -0.009434 -0.032566 0.014134
v -0.013082 -0.030733 0.013258
v -0.008109 -0.033026 0.014286
v -0.006164 -0.033985 0.015205
v -0.003762 -0.033751 0.014131
v -0.004963 -0.034185 0.015094
v -0.006020 -0.033345 0.014046
v -0.008381 -0.032144 0.012960
v -0.011589 -0.030924 0.012583
v -0.014193 -0.030060 0.012959
v -0.015194 -0.029302 0.012527
v -0.000365 -0.035054 0.015734
v 0.000323 -0.035246 0.016035
v 0.000299 -0.035732 0.017227
v 0.021088 -0.027232 0.034891
v 0.018863 -0.028098 0.035292
v 0.012737 -0.030280 0.035479
v 0.014168 -0.030034 0.035246
v 0.010765 -0.031354 0.034795
v 0.008604 -0.031287 0.035338
v 0.006821 -0.031858 0.034863
v 0.017497 -0.029293 0.034648
v 0.004604 -0.032349 0.034414
v 0.019439 -0.028972 0.033908
v 0.016285 -0.030346 0.033960
v 0.014783 -0.030856 0.034012
v 0.012666 -0.031573 0.033915
v 0.008635 -0.032328 0.033965
v 0.006183 -0.033123 0.033187
v 0.021670 -0.028034 0.033541
v 0.017610 -0.030529 0.032975
v 0.013648 -0.031901 0.033075
v 0.010372 -0.032646 0.033102
v 0.003923 -0.033277 0.033099
v 0.002728 -0.032919 0.033646
v 0.001631 -0.033552 0.032569
v 0.021591 -0.029324 0.031777
v 0.019770 -0.029972 0.032283
v 0.015260 -0.031783 0.032440
v 0.012093 -0.032777 0.032334
v 0.007924 -0.033609 0.032150
v 0.018136 -0.031318 0.031342
v 0.016739 -0.031607 0.031864
v 0.013653 -0.032576 0.031991
v 0.010516 -0.033376 0.031905
v 0.009089 -0.033617 0.031898
v 0.005734 -0.033927 0.031926
v 0.004149 -0.033937 0.031998
v 0.002724 -0.033892 0.032069
v 0.021668 -0.030180 0.030166
v 0.019940 -0.030762 0.030802
v 0.016762 -0.032068 0.031034
v 0.015424 -0.032490 0.031130
v 0.013896 -0.032947 0.031163
v 0.012315 -0.033382 0.031145
v 0.010738 -0.033744 0.031120
v 0.009150 -0.034043 0.031077
v 0.007567 -0.034224 0.031098
v 0.005900 -0.034358 0.031095
v 0.004178 -0.034429 0.031077
v 0.001907 -0.034340 0.031143
v 0.022795 -0.029921 0.029320
v 0.019464 -0.031607 0.029546
v 0.017779 -0.032253 0.029751
v 0.016936 -0.032346 0.030327
v 0.015535 -0.032871 0.030280
v 0.014012 -0.033337 0.030282
v 0.012427 -0.033758 0.030282
v 0.010826 -0.034116 0.030275
v 0.009196 -0.034407 0.030261
v 0.007564 -0.034618 0.030250
v 0.005910 -0.034755 0.030243
v 0.004228 -0.034822 0.030237
v 0.002691 -0.034799 0.030265
v 0.020672 -0.031310 0.028813
v 0.015712 -0.033156 0.029464
v 0.014112 -0.033674 0.029418
v 0.012502 -0.034106 0.029406
v 0.010880 -0.034463 0.029403
v 0.009223 -0.034752 0.029399
v 0.007561 -0.034965 0.029391
v 0.005887 -0.035103 0.029383
v 0.004197 -0.035167 0.029385
v 0.002540 -0.035149 0.029390
v 0.001177 -0.035004 0.029565
v 0.021474 -0.031360 0.027404
v 0.018989 -0.032449 0.027853
v 0.017454 -0.032882 0.028506
v 0.015846 -0.033446 0.028569
v 0.014204 -0.033975 0.028535
v 0.012566 -0.034417 0.028513
v 0.010927 -0.034780 0.028506
v 0.009251 -0.035069 0.028503
v 0.007570 -0.035281 0.028497
v 0.005873 -0.035418 0.028492
v 0.004157 -0.035476 0.028506
v 0.002573 -0.035445 0.028561
v 0.017320 -0.033261 0.027539
v 0.015866 -0.033761 0.027607
v 0.014265 -0.034255 0.027611
v 0.012623 -0.034694 0.027595
v 0.010972 -0.035059 0.027584
v 0.009285 -0.035351 0.027578
v 0.007591 -0.035564 0.027571
v 0.005881 -0.035700 0.027567
v 0.004130 -0.035757 0.027577
v 0.002400 -0.035717 0.027648
v 0.023034 -0.030848 0.026082
v 0.020854 -0.032070 0.025958
v 0.019100 -0.032872 0.026080
v 0.017484 -0.033424 0.026691
v 0.015896 -0.033994 0.026727
v 0.014303 -0.034483 0.026733
v 0.012667 -0.034916 0.026722
v 0.011012 -0.035281 0.026709
v 0.009316 -0.035574 0.026700
v 0.007613 -0.035788 0.026692
v 0.005898 -0.035925 0.026690
v 0.004160 -0.035983 0.026703
v 0.002417 -0.035959 0.026719
v 0.000800 -0.035841 0.026823
v 0.022109 -0.031662 0.024637
v 0.017434 -0.033656 0.025745
v 0.015953 -0.034178 0.025804
v 0.014351 -0.034671 0.025808
v 0.012712 -0.035104 0.025796
v 0.011051 -0.035469 0.025783
v 0.009347 -0.035765 0.025771
v 0.007635 -0.035980 0.025762
v 0.005911 -0.036117 0.025764
v 0.004171 -0.036175 0.025791
v 0.002568 -0.036148 0.025863
v 0.022872 -0.031396 0.023142
v 0.019668 -0.032941 0.024164
v 0.017648 -0.033725 0.024803
v 0.016019 -0.034316 0.024843
v 0.014403 -0.034816 0.024850
v 0.012754 -0.035251 0.024838
v 0.011087 -0.035618 0.024822
v 0.009375 -0.035915 0.024808
v 0.007655 -0.036132 0.024799
v 0.005922 -0.036270 0.024804
v 0.004172 -0.036327 0.024841
v 0.002426 -0.036295 0.024912
v 0.021101 -0.032347 0.023238
v 0.017595 -0.033861 0.023850
v 0.016074 -0.034405 0.023922
v 0.014442 -0.034911 0.023934
v 0.012783 -0.035349 0.023924
v 0.011109 -0.035717 0.023908
v 0.009392 -0.036015 0.023893
v 0.007668 -0.036233 0.023883
v 0.005930 -0.036372 0.023891
v 0.004169 -0.036430 0.023933
v 0.002545 -0.036404 0.024036
v 0.019620 -0.033088 0.022063
v 0.017749 -0.033859 0.022952
v 0.016107 -0.034457 0.023004
v 0.014462 -0.034968 0.023021
v 0.012791 -0.035410 0.023015
v 0.011110 -0.035778 0.023003
v 0.009390 -0.036075 0.022990
v 0.007665 -0.036293 0.022980
v 0.005929 -0.036432 0.022988
v 0.004165 -0.036492 0.023030
v 0.002377 -0.036459 0.023106
v 0.021977 -0.031895 0.021515
v 0.017634 -0.033927 0.021977
v 0.016118 -0.034471 0.022052
v 0.014461 -0.034987 0.022071
v 0.012777 -0.035433 0.022069
v 0.011089 -0.035803 0.022063
v 0.009367 -0.036100 0.022055
v 0.007645 -0.036316 0.022049
v 0.005915 -0.036454 0.022055
v 0.004163 -0.036516 0.022098
v 0.002508 -0.036495 0.022186
v 0.023305 -0.031076 0.020428
v 0.019720 -0.033000 0.020902
v 0.017774 -0.033840 0.021072
v 0.016118 -0.034443 0.021106
v 0.014447 -0.034963 0.021124
v 0.012752 -0.035413 0.021123
v 0.011057 -0.035786 0.021118
v 0.009335 -0.036083 0.021116
v 0.007618 -0.036299 0.021116
v 0.005901 -0.036437 0.021123
v 0.004155 -0.036498 0.021154
v 0.002410 -0.036478 0.021247
v 0.022609 -0.031340 0.019173
v 0.020994 -0.032264 0.019612
v 0.018986 -0.033195 0.019482
v 0.017688 -0.033796 0.020068
v 0.016100 -0.034373 0.020164
v 0.014422 -0.034898 0.020188
v 0.012731 -0.035350 0.020190
v 0.011043 -0.035721 0.020179
v 0.009326 -0.036018 0.020170
v 0.007616 -0.036233 0.020169
v 0.005912 -0.036372 0.020178
v 0.004205 -0.036439 0.020211
v 0.002514 -0.036421 0.020236
v 0.000933 -0.036340 0.020344
v 0.017458 -0.033773 0.019182
v 0.016009 -0.034290 0.019243
v 0.014363 -0.034800 0.019271
v 0.012702 -0.035249 0.019290
v 0.011079 -0.035612 0.019288
v 0.009394 -0.035893 0.019232
v 0.007690 -0.036109 0.019211
v 0.005989 -0.036246 0.019198
v 0.004279 -0.036317 0.019231
v 0.002714 -0.036331 0.019352
v 0.001045 -0.036196 0.019064
v 0.023235 -0.030606 0.017542
v 0.021011 -0.032005 0.018176
v 0.019534 -0.032761 0.018379
v 0.017555 -0.033588 0.018348
v 0.015941 -0.034156 0.018322
v 0.014291 -0.034659 0.018323
v 0.012593 -0.035108 0.018341
v 0.011128 -0.035458 0.018433
v 0.009630 -0.035715 0.018385
v 0.007931 -0.035854 0.017972
v 0.006207 -0.036071 0.018276
v 0.004682 -0.036058 0.017888
v 0.002739 -0.036180 0.018466
v 0.022911 -0.030415 0.016272
v 0.020903 -0.031762 0.017027
v 0.019138 -0.032695 0.017329
v 0.017560 -0.033379 0.017428
v 0.015914 -0.033968 0.017431
v 0.014265 -0.034477 0.017428
v 0.012555 -0.034915 0.017415
v 0.010359 -0.035373 0.017441
v 0.006388 -0.035847 0.017359
v 0.001671 -0.035905 0.017447
v 0.020718 -0.031534 0.016003
v 0.018816 -0.032379 0.015873
v 0.017475 -0.033154 0.016489
v 0.015881 -0.033730 0.016513
v 0.014212 -0.034247 0.016515
v 0.012698 -0.034673 0.016592
v 0.010961 -0.035018 0.016495
v 0.008466 -0.035371 0.016456
v 0.009622 -0.035259 0.016531
v 0.019840 -0.031574 0.014969
v 0.021498 -0.030527 0.014538
v 0.017263 -0.032966 0.015693
v 0.015970 -0.033440 0.015713
v 0.014034 -0.033903 0.015362
v 0.012326 -0.034525 0.015806
v 0.018409 -0.032073 0.014652
v 0.016314 -0.032940 0.014796
v 0.012469 -0.034245 0.015115
v 0.012372 -0.034040 0.014607
v 0.022917 -0.029360 0.013798
v 0.022083 -0.029245 0.012725
v 0.018984 -0.031264 0.013489
v 0.020060 -0.030557 0.013096
v 0.017001 -0.032240 0.013791
v 0.013590 -0.033448 0.013999
v 0.016785 -0.031750 0.012688
v 0.014501 -0.032623 0.012827
v 0.021093 -0.028780 0.011113
v 0.019921 -0.029760 0.011633
v 0.017963 -0.030722 0.011758
v 0.021264 -0.027956 0.010198
v 0.015618 -0.031597 0.011690
v 0.013749 -0.032165 0.011593
v 0.013624 -0.031801 0.010968
v 0.019485 -0.028880 0.010120
v 0.017944 -0.029790 0.010366
v 0.015630 -0.030759 0.010426
v 0.013303 -0.031524 0.010426
v 0.018354 -0.028963 0.009598
v 0.013567 -0.030808 0.009573
v 0.012109 -0.031145 0.009511
v 0.019632 -0.028213 0.009484
v 0.021785 -0.027136 0.009644
v 0.016857 -0.029303 0.009268
v 0.015800 -0.029626 0.009117
v 0.014568 -0.030116 0.009175
v 0.013110 -0.030477 0.009110
v 0.012217 -0.030641 0.009061
v 0.010948 -0.031131 0.009192
v 0.010841 -0.031433 0.009526
v 0.010415 -0.031210 0.009186
v 0.010665 -0.034744 0.015504
v 0.002959 -0.035927 0.017324
v 0.005711 -0.035761 0.016952
v 0.011771 -0.034212 0.014690
v 0.013139 -0.033145 0.013080
v 0.013205 -0.032656 0.012189
v 0.020510 -0.027390 0.009166
v 0.001477 -0.035635 0.016698
v 0.002014 -0.035679 0.016726
v 0.002770 -0.035688 0.016718
v 0.003555 -0.035774 0.016887
v 0.004111 -0.035688 0.016712
v 0.004544 -0.035718 0.016785
v 0.005029 -0.035661 0.016688
v 0.005700 -0.035488 0.016355
v 0.006305 -0.035541 0.016505
v 0.007193 -0.035485 0.016518
v 0.008644 -0.035216 0.016078
v 0.009475 -0.034985 0.015742
v 0.011392 -0.034412 0.014983
v 0.012760 -0.032858 0.012421
v 0.012400 -0.032174 0.011105
v 0.011882 -0.031844 0.010409
v 0.011119 -0.031754 0.010080
v 0.009861 -0.031178 0.009090
v 0.009422 -0.031492 0.009359
v 0.012895 -0.033062 0.012824
v 0.012831 -0.032236 0.011311
v 0.012657 -0.033287 0.013171
v 0.009365 -0.031228 0.009002
v 0.009458 -0.030883 0.008856
v 0.009845 -0.030493 0.008840
v 0.022062 -0.025922 0.008872
v 0.021758 -0.026391 0.008999
v 0.020793 -0.025839 0.008845
v 0.011020 -0.030665 0.008947
v 0.010717 -0.029029 0.008829
v 0.012031 -0.030162 0.008830
v 0.013342 -0.029988 0.008857
v 0.014204 -0.029756 0.008861
v 0.015063 -0.029527 0.008900
v 0.015936 -0.029326 0.008962
v 0.015867 -0.028845 0.008910
v 0.017532 -0.028591 0.009018
v -0.026883 -0.003835 -0.028201
v 0.018487 -0.028107 0.009011
v 0.019484 -0.027472 0.008950
v 0.020344 -0.027082 0.008917
v 0.021026 -0.026946 0.009036
v 0.020990 -0.026667 0.008889
v 0.022649 -0.025895 0.009055
v 0.022436 -0.024896 0.008806
v 0.022329 -0.025530 0.008823
v 0.019205 -0.026452 0.008936
v 0.018389 -0.027320 0.008934
v 0.017393 -0.027704 0.008965
v 0.013715 -0.028854 0.008809
v 0.012698 -0.029703 0.008781
v 0.029379 -0.010863 0.008839
v 0.029827 -0.010276 0.008957
v 0.029924 -0.011543 0.009043
v 0.029529 -0.014250 0.008924
v 0.029852 -0.013546 0.008964
v 0.029550 -0.015061 0.008913
v 0.029344 -0.015825 0.008910
v 0.029337 -0.016617 0.009017
v 0.028765 -0.017359 0.008916
v 0.029181 -0.017528 0.009091
v 0.028643 -0.018191 0.008969
v 0.028054 -0.018934 0.008921
v 0.027967 -0.019767 0.008994
v 0.024223 -0.024070 0.008934
v 0.025107 -0.023721 0.009068
v 0.023537 -0.024712 0.008923
v 0.023306 -0.025220 0.008978
v 0.029077 -0.010061 0.008871
v 0.029896 -0.012715 0.008996
v 0.029274 -0.012490 0.008944
v 0.029483 -0.013372 0.008903
v 0.028786 -0.015028 0.008865
v 0.028763 -0.016371 0.008888
v 0.027918 -0.017878 0.008895
v 0.027620 -0.019581 0.008848
v 0.027117 -0.020378 0.008852
v 0.027526 -0.020600 0.008996
v 0.026681 -0.021197 0.008856
v 0.027105 -0.021334 0.008999
v 0.026580 -0.021844 0.008933
v 0.025761 -0.022156 0.008870
v 0.026187 -0.022388 0.008946
v 0.025752 -0.022945 0.009005
v 0.024919 -0.023059 0.008895
v 0.028448 -0.010973 0.008947
v 0.027897 -0.013475 0.009040
v 0.027576 -0.016773 0.008951
v 0.026947 -0.018547 0.008956
v 0.026532 -0.019274 0.008859
v 0.024157 -0.023499 0.008899
v 0.022146 -0.023654 0.008897
v 0.028342 0.003392 0.021422
v 0.028364 0.003479 0.022687
v 0.028719 0.003384 0.022316
v 0.028833 0.003263 0.021353
v 0.028659 0.003272 0.020585
v 0.028686 0.003131 0.019796
v 0.028725 0.002986 0.019030
v 0.028643 0.002866 0.018421
v 0.028691 0.002709 0.017896
v 0.028724 0.002477 0.017386
v 0.028993 0.002131 0.016982
v 0.028848 0.001772 0.016070
v 0.028961 0.001430 0.015427
v 0.028803 0.001124 0.014828
v 0.028872 0.000755 0.014276
v 0.028967 -0.000295 0.013180
v 0.029007 0.000345 0.013855
v 0.028679 -0.001483 0.012025
v 0.028986 -0.002079 0.011549
v 0.029175 -0.002616 0.011222
v 0.029308 -0.006196 0.009511
v 0.029417 -0.005577 0.009683
v 0.029477 -0.006790 0.009355
v 0.029555 -0.007470 0.009231
v 0.029729 -0.008134 0.009126
v 0.029789 -0.008818 0.009040
v 0.029575 -0.009440 0.008948
v 0.028417 0.002123 0.016718
v 0.028658 0.001502 0.015404
v 0.028604 0.000771 0.014271
v 0.028559 0.000142 0.013584
v 0.028519 -0.000484 0.013042
v 0.028773 -0.000930 0.012513
v 0.028667 -0.002593 0.011240
v 0.028727 -0.003203 0.010894
v 0.029225 -0.003340 0.010812
v 0.028619 -0.003999 0.010472
v 0.029231 -0.003964 0.010448
v 0.028891 -0.004800 0.010068
v 0.029378 -0.004495 0.010172
v 0.029334 -0.005030 0.009902
v 0.028962 -0.005504 0.009747
v 0.028906 -0.007040 0.009387
v 0.028953 -0.008388 0.009084
v 0.028148 0.003400 0.021886
v 0.028091 0.003244 0.020214
v 0.028134 0.002954 0.018899
v 0.028280 0.002584 0.017677
v 0.028186 0.001556 0.015775
v 0.028402 0.001179 0.015067
v 0.027923 0.000872 0.014579
v 0.027844 0.000425 0.013988
v 0.027832 -0.001010 0.012557
v 0.028588 -0.002092 0.011577
v 0.028039 -0.006124 0.009570
v 0.028985 -0.009208 0.009012
v 0.028008 0.003384 0.022279
v 0.027555 -0.008672 0.009318
v 0.027536 -0.007859 0.009497
v 0.027677 -0.006485 0.009634
v 0.027593 -0.005649 0.010296
v 0.027663 -0.004596 0.010387
v 0.027599 -0.003861 0.011060
v 0.027734 -0.002994 0.011127
v 0.027644 -0.002670 0.011785
v 0.027755 -0.001948 0.011745
v 0.027626 -0.000767 0.012984
v 0.027583 -0.000492 0.013685
v 0.027629 0.000462 0.014332
v 0.027554 0.000495 0.015136
v 0.027655 0.001748 0.016400
v 0.027623 0.002031 0.017286
v 0.027627 0.002557 0.018138
v 0.027623 0.002917 0.019530
v 0.027682 0.003261 0.020898
v 0.027594 0.002906 0.021456
v 0.027570 0.003231 0.022453
v 0.027608 0.003041 0.020283
v 0.027579 0.002645 0.018869
v 0.027653 0.002452 0.017603
v 0.027599 0.001356 0.015903
v 0.027714 -0.001826 0.012055
v 0.027680 -0.004069 0.010565
v 0.027463 -0.007044 0.009744
v 0.027620 -0.009529 0.009146
v 0.027518 -0.010294 0.009216
v 0.027869 0.003388 0.022986
v 0.027552 0.003205 0.022920
v 0.028776 0.003344 0.023051
v 0.028509 0.003392 0.023661
v 0.028582 -0.008898 0.036426
v 0.028577 -0.009466 0.036464
v 0.028383 -0.007481 0.036208
v 0.028395 -0.006795 0.036053
v 0.028340 -0.005910 0.035827
v 0.028179 -0.004520 0.035259
v 0.028160 -0.000822 0.032744
v 0.028333 -0.001521 0.033258
v 0.028280 -0.000409 0.032309
v 0.028249 0.000962 0.030718
v 0.028408 0.000464 0.031160
v 0.028375 0.001409 0.029877
v 0.028156 0.001841 0.029125
v 0.028224 0.002164 0.028490
v 0.028356 0.002717 0.027412
v 0.028317 0.002465 0.027937
v 0.028427 0.002844 0.026812
v 0.028142 -0.008919 0.036393
v 0.027938 -0.006038 0.035820
v 0.027934 -0.005176 0.035556
v 0.028063 -0.003976 0.035026
v 0.027835 -0.003489 0.034712
v 0.028392 -0.003098 0.034320
v 0.027846 -0.002885 0.034359
v 0.028007 -0.002118 0.033808
v 0.027883 -0.001583 0.033403
v 0.027998 -0.001226 0.033158
v 0.028013 -0.000332 0.032357
v 0.027919 0.000051 0.031938
v 0.028347 0.000013 0.031772
v 0.027981 0.000488 0.031408
v 0.027956 0.000856 0.030952
v 0.027973 0.001252 0.030353
v 0.027928 0.001560 0.029767
v 0.027707 0.001974 0.028587
v 0.027959 0.002426 0.027834
v 0.028007 0.002734 0.027212
v 0.028133 0.002900 0.026392
v 0.028390 0.003035 0.026127
v 0.028067 0.003167 0.025372
v 0.028539 0.003101 0.025553
v 0.028110 0.003351 0.024318
v 0.027985 0.003426 0.023660
v 0.028018 -0.010084 0.036421
v 0.027946 -0.007962 0.036247
v 0.027578 -0.006842 0.035976
v 0.027547 -0.004711 0.035255
v 0.027568 -0.004193 0.034999
v 0.027502 -0.003297 0.034570
v 0.027576 -0.001114 0.032813
v 0.027577 -0.000406 0.032263
v 0.027580 0.000596 0.031339
v 0.027580 0.001273 0.030208
v 0.027593 0.001670 0.029606
v 0.027636 0.001671 0.029387
v 0.027616 0.001821 0.028944
v 0.027593 0.002196 0.028058
v 0.027618 0.003246 0.024126
v 0.027520 -0.002500 0.034068
v 0.027604 0.002931 0.025699
v 0.027572 0.002984 0.023560
v 0.027593 0.003090 0.024830
v 0.027581 0.003025 0.025264
v 0.027605 0.002772 0.026652
v 0.027571 0.002541 0.027296
v 0.027533 0.002263 0.027842
v 0.027535 0.001817 0.028760
v 0.027525 0.001463 0.029535
v 0.027515 0.001141 0.029812
v 0.027510 0.000675 0.030660
v 0.027500 0.000691 0.031152
v 0.027507 0.000056 0.031575
v 0.027508 -0.000028 0.032019
v 0.027488 -0.001428 0.033085
v 0.027504 -0.001791 0.033453
v 0.027451 -0.002307 0.033812
v 0.027433 -0.003102 0.034450
v 0.027428 -0.003577 0.034631
v 0.027410 -0.003988 0.034388
v 0.027432 -0.005472 0.035482
v 0.027395 -0.006234 0.035792
v 0.027393 -0.007427 0.036029
v 0.027412 -0.008505 0.036203
v 0.027424 -0.009375 0.036265
v 0.027385 -0.010819 0.035959
v 0.027391 -0.009787 0.036214
v 0.027382 -0.008935 0.036158
v 0.027374 -0.008160 0.036115
v 0.027361 -0.007804 0.036011
v 0.027351 -0.006531 0.035778
v 0.027355 -0.006801 0.035842
v 0.027374 -0.006038 0.035278
v 0.027446 -0.005130 0.035373
v 0.027404 -0.003153 0.033968
v 0.027411 -0.002549 0.034021
v 0.027488 -0.002028 0.033599
v 0.027480 -0.001608 0.033253
v 0.027506 0.000124 0.031870
v 0.027509 0.000847 0.030946
v 0.027532 0.002333 0.027571
v 0.027564 0.002612 0.026929
v 0.027529 0.002341 0.026281
v 0.027585 0.003345 0.023720
v 0.027226 -0.017004 0.034696
v 0.027098 -0.017452 0.034801
v 0.027127 -0.017027 0.035701
v 0.026878 -0.017866 0.034870
v 0.026618 -0.018394 0.034723
v 0.026416 -0.018517 0.035265
v 0.026195 -0.018836 0.034838
v 0.026133 -0.018968 0.036268
v 0.026536 -0.018334 0.035860
v 0.026925 -0.017811 0.036336
v 0.024681 -0.020484 0.035985
v 0.025135 -0.019764 0.034715
v 0.023515 -0.021562 0.034767
v 0.020687 -0.024565 0.036183
v 0.021450 -0.023590 0.034881
v 0.019420 -0.025645 0.035205
v 0.017874 -0.026965 0.035760
v 0.018424 -0.026654 0.034742
v 0.017534 -0.027354 0.034723
v -0.028099 0.010931 0.012470
v 0.016929 -0.027615 0.034663
v 0.016761 -0.027456 0.035285
v 0.016310 -0.027638 0.034669
v 0.016570 -0.027502 0.035952
v 0.009619 -0.028341 0.036530
v 0.009722 -0.027691 0.036320
v 0.009223 -0.027865 0.036476
v 0.011185 -0.027918 0.036297
v 0.027303 -0.015200 0.036201
v 0.009158 -0.028601 0.036474
v 0.008528 -0.029436 0.036406
v 0.008682 -0.029376 0.036381
v 0.008560 -0.029398 0.036149
v 0.009022 -0.028803 0.036217
v 0.009003 -0.029071 0.036445
v 0.009142 -0.028927 0.036510
v 0.008889 -0.029184 0.036262
v 0.008892 -0.029378 0.036492
v 0.008580 -0.029485 0.036484
v 0.009090 -0.029149 0.036537
v 0.009162 -0.027881 0.036143
v 0.009064 -0.028322 0.036253
v 0.009207 -0.027721 0.036383
v 0.009146 -0.028182 0.036447
v 0.009246 -0.027579 0.036462
v 0.009804 -0.027531 0.033975
v 0.009915 -0.027541 0.034492
v 0.010064 -0.027520 0.034128
v 0.010696 -0.027563 0.035040
v 0.003807 -0.027566 0.033337
v -0.007761 -0.027481 0.031807
v -0.006967 -0.027677 0.032354
v -0.006993 -0.027519 0.031327
v -0.007992 -0.027493 0.031161
v 0.015294 -0.027580 0.035175
v 0.011834 -0.027636 0.035078
v 0.013642 -0.027637 0.035082
v 0.010456 -0.027504 0.034557
v 0.010620 -0.027503 0.034544
v -0.003140 -0.027531 0.032372
v -0.003814 -0.027590 0.032139
v -0.005148 -0.027648 0.032124
v -0.004631 -0.027570 0.031912
v 0.012481 -0.027668 0.034695
v -0.008022 -0.027585 0.032268
v -0.009280 -0.027064 0.030411
v -0.008998 -0.027263 0.030409
v -0.008905 -0.027319 0.030430
v -0.008847 -0.027364 0.030514
v -0.008880 -0.027234 0.031771
v -0.009162 -0.027177 0.032189
v -0.008764 -0.027380 0.032291
v -0.009320 -0.026968 0.031564
v -0.008845 -0.027264 0.031270
v -0.009094 -0.027166 0.030846
v -0.008409 -0.027449 0.032148
v -0.008468 -0.027370 0.031655
v -0.008573 -0.027357 0.031313
v -0.008630 -0.027413 0.030858
v -0.009626 -0.026946 0.030191
v -0.009786 -0.026584 0.030735
v -0.024040 -0.012660 0.024541
v -0.024954 -0.011773 0.023876
v -0.022857 -0.013832 0.025202
v -0.020123 -0.016514 0.025994
v -0.018548 -0.018044 0.026717
v -0.016945 -0.019687 0.027474
v -0.014288 -0.022328 0.028581
v -0.010401 -0.026260 0.029957
v -0.011571 -0.024958 0.029592
v -0.012710 -0.023931 0.029159
v -0.013261 -0.023224 0.028894
v -0.013777 -0.022704 0.028709
v -0.015211 -0.021479 0.028118
v -0.016073 -0.020645 0.027749
v -0.017763 -0.018867 0.026985
v -0.019218 -0.017361 0.026281
v -0.020923 -0.015748 0.025630
v -0.021841 -0.014804 0.025248
v -0.022850 -0.013905 0.024787
v -0.017212 -0.019929 0.027105
v -0.018017 -0.019017 0.026703
v -0.018634 -0.018291 0.026475
v -0.014026 -0.022974 0.028421
v -0.012544 -0.024399 0.029006
v -0.013457 -0.023676 0.028593
v -0.011321 -0.025549 0.029466
v -0.009909 -0.027087 0.030020
v -0.019741 -0.017101 0.025945
v -0.020584 -0.016206 0.025592
v -0.021424 -0.015598 0.025263
v -0.023268 -0.013699 0.024547
v -0.024539 -0.012484 0.023986
v -0.026092 -0.011007 0.023273
v -0.025473 -0.011626 0.023555
v -0.024036 -0.013262 0.024092
v -0.019187 -0.017736 0.026196
v -0.015416 -0.021621 0.027846
v -0.011398 -0.025936 0.029286
v -0.011899 -0.025499 0.029015
v -0.012396 -0.024829 0.028903
v -0.027429 -0.001374 0.019397
v -0.026956 -0.007483 0.021906
v -0.027115 -0.004319 0.020652
v -0.028318 0.008929 0.014092
v -0.028203 0.008334 0.014501
v -0.027933 0.008003 0.014844
v -0.027904 0.007616 0.015159
v -0.028100 0.007570 0.015027
v -0.028103 0.006106 0.015859
v -0.027843 0.003301 0.017376
v -0.027780 0.002366 0.017851
v -0.027783 0.001344 0.018185
v -0.027674 0.000250 0.018653
v -0.028048 0.003867 0.016770
v -0.028150 0.005008 0.016304
v -0.028353 0.007205 0.014945
v -0.028092 0.002117 0.017394
v -0.028075 0.003089 0.017062
v -0.028420 0.008270 0.014328
v -0.027914 0.000575 0.018229
v -0.028077 0.000988 0.017773
v -0.028319 0.003456 0.016359
v -0.028357 0.004268 0.016037
v -0.028343 0.005029 0.015897
v -0.028388 0.005548 0.015665
v -0.028494 0.006202 0.015200
v -0.028607 0.008014 0.014217
v -0.028676 0.007222 0.014350
v -0.028716 0.008892 0.013650
v -0.028300 0.002809 0.016673
v -0.028593 0.006776 0.014792
v -0.028262 0.001252 0.017003
v -0.028758 0.008032 0.013883
v -0.028114 -0.000208 0.017223
v -0.028079 0.000161 0.017907
v -0.028308 0.002186 0.016723
v -0.028535 0.005099 0.014969
v -0.028885 0.008797 0.013144
v -0.028354 0.009438 0.013733
v -0.028249 0.000946 0.015521
v -0.028300 0.001617 0.016229
v -0.028367 0.002480 0.015858
v -0.028401 0.002810 0.014332
v -0.028651 0.006351 0.014479
v -0.028652 0.005841 0.013581
v -0.028808 0.007617 0.013134
v -0.027879 -0.000047 0.018424
v -0.027962 -0.000589 0.018279
v -0.028567 0.009431 0.013564
v -0.028604 0.009911 0.013146
v -0.028515 0.010240 0.012883
v -0.028603 0.010465 0.012453
v -0.028578 0.010744 0.011919
v -0.028579 0.010863 0.011556
v -0.028786 0.009676 0.013123
v -0.028764 0.010405 0.012292
v -0.028702 0.010659 0.011901
v -0.028820 0.010076 0.012655
v -0.028714 0.010860 0.011060
v -0.028909 0.010477 0.011419
v -0.028873 0.009338 0.013164
v -0.028917 0.009497 0.012874
v -0.028924 0.009772 0.012617
v -0.028964 0.009875 0.012075
v -0.028975 0.009647 0.011500
v -0.028985 0.010074 0.011125
v -0.028898 0.008618 0.011989
v -0.028866 0.008288 0.010214
v -0.028955 0.010368 0.010623
v -0.029235 0.014480 -0.017268
v -0.029327 0.013604 -0.017347
v -0.029327 0.014186 -0.018421
v -0.029275 0.014195 -0.016304
v -0.029224 0.014031 -0.014034
v -0.029200 0.013977 -0.013039
v -0.029262 0.013404 -0.013257
v -0.029174 0.013784 -0.012081
v -0.029046 0.012113 -0.000480
v -0.029035 0.012037 0.000502
v -0.029110 0.011732 0.000212
v -0.029046 0.011776 0.001334
v -0.029033 0.011507 0.002459
v -0.029014 0.011653 0.003557
v -0.029057 0.011000 0.003986
v -0.029004 0.011572 0.004415
v -0.028961 0.011085 0.006428
v -0.028972 0.011079 0.007713
v -0.029025 0.010631 0.007106
v -0.029017 0.010772 0.008225
v -0.028859 0.011111 0.008895
v -0.028973 0.010264 0.009904
v -0.028969 0.010696 0.009143
v -0.028791 0.010947 0.010007
v -0.029152 0.014774 -0.018110
v -0.029073 0.014764 -0.017084
v -0.029048 0.014688 -0.016060
v -0.029229 0.014186 -0.014985
v -0.029085 0.014475 -0.015120
v -0.029022 0.014456 -0.014079
v -0.029074 0.014242 -0.013176
v -0.029016 0.014141 -0.012252
v -0.029125 0.013676 -0.011062
v -0.028949 0.013996 -0.011212
v -0.029139 0.013511 -0.010122
v -0.029149 0.013412 -0.009166
v -0.028965 0.013761 -0.009173
v -0.029149 0.012916 -0.008401
v -0.028999 0.013564 -0.008268
v -0.029114 0.012837 -0.007236
v -0.029005 0.013362 -0.007420
v -0.029070 0.012834 -0.006223
v -0.029075 0.012644 -0.005223
v -0.029088 0.012660 -0.004273
v -0.028927 0.012976 -0.004372
v -0.029082 0.012570 -0.003498
v -0.028945 0.012826 -0.003547
v -0.029077 0.012367 -0.002624
v -0.028918 0.012736 -0.002608
v -0.029066 0.012219 -0.001556
v -0.028916 0.012549 -0.001703
v -0.028868 0.012288 0.000451
v -0.028873 0.012131 0.001438
v -0.028885 0.011964 0.002408
v -0.028879 0.011881 0.003402
v -0.028862 0.011825 0.004354
v -0.028976 0.011240 0.005288
v -0.028855 0.011672 0.005212
v -0.028772 0.011565 0.006237
v -0.028792 0.011336 0.007720
v -0.028737 0.013233 -0.004365
v -0.028658 0.012482 0.000372
v -0.028683 0.012031 0.003302
v -0.028639 0.011967 0.004230
v -0.028573 0.011418 0.008163
v -0.028945 0.009329 0.008254
v -0.028945 0.009112 0.005460
v -0.028987 0.009631 0.002948
v -0.028977 0.009473 0.000534
v -0.029097 0.011028 -0.001098
v -0.029116 0.011351 -0.002739
v -0.029138 0.011887 -0.004065
v -0.029076 0.010688 -0.006564
v -0.029173 0.012161 -0.007769
v -0.029053 0.009908 -0.009954
v -0.029196 0.012553 -0.009967
v -0.029201 0.012421 -0.011573
v -0.029279 0.013278 -0.015354
v -0.029042 0.010084 -0.018689
v -0.029365 0.013954 -0.019365
v -0.028775 0.015168 -0.019911
v -0.028992 0.015049 -0.019662
v -0.028953 0.014960 -0.020502
v -0.029015 0.014662 -0.021146
v -0.028767 0.014815 -0.021122
v -0.028819 0.014553 -0.021504
v -0.028992 0.015029 -0.019108
v -0.029179 0.014938 -0.019689
v -0.029166 0.014914 -0.020155
v -0.029137 0.014719 -0.020877
v -0.029115 0.014308 -0.021537
v -0.028944 0.014225 -0.021802
v -0.028820 0.013983 -0.022120
v -0.029158 0.013744 -0.021966
v -0.028878 0.013546 -0.022425
v -0.029257 0.014751 -0.019016
v -0.029320 0.014762 -0.020147
v -0.029237 0.014469 -0.021149
v -0.028774 0.013282 -0.022648
v -0.028957 0.012963 -0.022645
v -0.029330 0.014729 -0.019634
v -0.029268 0.014666 -0.020660
v -0.029157 0.013149 -0.022323
v -0.029392 0.014397 -0.020082
v -0.029354 0.014219 -0.020937
v -0.029309 0.014103 -0.021321
v -0.029287 0.013871 -0.021552
v -0.029265 0.013062 -0.022002
v -0.029303 0.013394 -0.021588
v -0.029376 0.014365 -0.020551
v -0.029358 0.014402 -0.018832
v -0.029336 0.013548 -0.020611
v -0.028620 0.012412 -0.023107
v -0.028483 0.012938 -0.023007
v -0.028681 0.012714 -0.022950
v -0.028530 0.013312 -0.022771
v -0.028541 0.013662 -0.022588
v -0.028553 0.014101 -0.022141
v -0.028608 0.014354 -0.021842
v -0.028685 0.014936 -0.020904
v -0.028682 0.015028 -0.020687
v -0.028696 0.015254 -0.019708
v -0.028703 0.015132 -0.019371
v -0.029222 0.012656 -0.022279
v -0.029114 0.012686 -0.022558
v -0.028706 0.015146 -0.020122
v -0.028850 0.012035 -0.023067
v -0.028561 0.009825 -0.024076
v -0.028326 0.008358 -0.024635
v -0.028496 0.008904 -0.024300
v -0.028223 0.005675 -0.025371
v -0.028110 0.004950 -0.025657
v -0.027943 0.005500 -0.025740
v -0.027948 0.004690 -0.025982
v -0.027929 0.002781 -0.026274
v -0.027780 0.001922 -0.026559
v -0.027486 0.001587 -0.026825
v -0.028901 0.011043 -0.023286
v -0.028767 0.010351 -0.023641
v -0.028533 0.007056 -0.024360
v -0.028199 0.007370 -0.024964
v -0.027894 0.003850 -0.026202
v -0.028141 0.003804 -0.025845
v -0.027806 0.000794 -0.026672
v -0.027434 0.000634 -0.027027
v -0.028639 0.008121 -0.024067
v -0.028285 0.006655 -0.024969
v -0.028486 0.005821 -0.024899
v -0.028383 0.004540 -0.025314
v -0.028071 0.001657 -0.026241
v -0.028922 0.010102 -0.023451
v -0.028759 0.009224 -0.023792
v -0.028552 0.006124 -0.024495
v -0.028450 0.005236 -0.025111
v -0.028380 0.003456 -0.025391
v -0.028239 0.002452 -0.025801
v -0.028116 0.000577 -0.026212
v -0.029101 0.011331 -0.022663
v -0.029104 0.010686 -0.021811
v -0.029152 0.012207 -0.022503
v -0.029261 0.012445 -0.021498
v -0.029032 0.010519 -0.023000
v -0.028971 0.009489 -0.022926
v -0.028860 0.008527 -0.022545
v -0.028468 0.003754 -0.024555
v -0.028238 0.001191 -0.025700
v -0.028196 0.000449 -0.025850
v -0.028719 0.007420 -0.023329
v -0.028521 0.004216 -0.021915
v -0.028534 0.004970 -0.024055
v -0.028380 0.002502 -0.024674
v -0.028078 -0.000563 -0.026027
v -0.027569 -0.000443 -0.027107
v -0.027939 -0.000087 -0.026591
v -0.028221 0.000562 -0.024679
v -0.027249 -0.007687 -0.028213
v -0.027445 -0.008168 -0.026807
v -0.027256 -0.009001 -0.028388
v -0.027485 -0.007157 -0.027201
v -0.027430 -0.006415 -0.027730
v -0.027787 -0.002493 -0.026932
v -0.027780 -0.001349 -0.026928
v -0.027933 -0.001842 -0.026528
v -0.027218 -0.006379 -0.028193
v -0.027524 -0.005462 -0.027530
v -0.027318 -0.005452 -0.027974
v -0.027623 -0.004558 -0.027275
v -0.027418 -0.004527 -0.027747
v -0.027711 -0.003462 -0.027118
v -0.027512 -0.003629 -0.027517
v -0.027531 -0.002487 -0.027441
v -0.026936 -0.008074 -0.028682
v -0.026953 -0.008812 -0.028761
v -0.027007 -0.006852 -0.028533
v -0.027528 -0.001508 -0.027287
v -0.027156 -0.004491 -0.028070
v -0.027228 -0.003442 -0.027855
v -0.027920 -0.002745 -0.025178
v -0.027766 -0.004251 -0.026298
v -0.027661 -0.005628 -0.025323
v -0.026761 -0.007594 -0.028816
v -0.027296 -0.001699 -0.027479
v -0.027302 -0.009464 -0.027729
v -0.026711 -0.009287 -0.029004
v -0.026365 -0.010605 -0.029265
v -0.026883 -0.009814 -0.029013
v -0.027051 -0.009439 -0.028819
v -0.026659 -0.010065 -0.029170
v -0.026882 -0.010333 -0.029012
v -0.026448 -0.010246 -0.029261
v -0.027129 -0.009920 -0.028712
v -0.027021 -0.010441 -0.028735
v -0.026884 -0.010660 -0.028874
v -0.027254 -0.009784 -0.028246
v -0.027153 -0.010205 -0.027982
v -0.026848 -0.010864 -0.028311
v -0.028430 0.014213 -0.022036
v -0.028433 0.014306 -0.021944
v -0.028515 0.015068 -0.020752
v -0.028520 0.015125 -0.019223
v -0.028509 0.015201 -0.019086
v -0.027533 -0.008910 -0.030884
v -0.028111 -0.007889 -0.030755
v -0.028437 -0.007289 -0.030577
v -0.028771 -0.008012 -0.030700
v -0.031565 -0.008406 -0.028938
v -0.031351 -0.008989 -0.029031
v -0.030998 -0.009470 -0.029338
v -0.030487 -0.007994 -0.030104
v -0.030533 -0.009048 -0.029911
v -0.029785 -0.008506 -0.030429
v -0.029962 -0.007760 -0.030400
v -0.028677 -0.009293 -0.030742
v -0.029382 -0.009804 -0.030495
v -0.020250 -0.024447 -0.031316
v -0.019185 -0.024962 -0.031731
v -0.019423 -0.025439 -0.031036
v -0.022219 -0.022903 -0.030864
v -0.023316 -0.021984 -0.030536
v -0.027349 -0.017094 -0.029887
v -0.026747 -0.018071 -0.029907
v -0.028095 -0.016139 -0.029542
v -0.029842 -0.012208 -0.029613
v -0.029446 -0.013740 -0.029303
v -0.030314 -0.012054 -0.029059
v -0.030910 -0.010532 -0.029015
v -0.002818 -0.031286 -0.034812
v -0.001343 -0.031546 -0.034920
v -0.001745 -0.031857 -0.034513
v -0.003614 -0.031510 -0.034361
v -0.005439 -0.030786 -0.034378
v -0.006671 -0.030776 -0.033909
v -0.009580 -0.029542 -0.033662
v -0.007995 -0.030497 -0.033557
v -0.011496 -0.029227 -0.033009
v -0.012539 -0.028308 -0.033179
v -0.016920 -0.026036 -0.032358
v -0.016067 -0.027004 -0.032237
v -0.017737 -0.026174 -0.031753
v -0.018128 -0.025236 -0.032149
v -0.020062 -0.023950 -0.031768
v -0.021424 -0.023157 -0.031337
v -0.022717 -0.021671 -0.031241
v -0.024320 -0.020254 -0.030833
v -0.024262 -0.021042 -0.030372
v -0.025083 -0.020172 -0.030143
v -0.025597 -0.018938 -0.030526
v -0.025995 -0.019062 -0.029989
v -0.026838 -0.017156 -0.030341
v -0.027745 -0.015870 -0.030130
v -0.028771 -0.014063 -0.029909
v -0.028826 -0.014988 -0.029328
v -0.030425 -0.010414 -0.029666
v -0.002222 -0.030755 -0.035216
v -0.004054 -0.030745 -0.034829
v -0.007484 -0.029589 -0.034299
v -0.011145 -0.028603 -0.033598
v -0.014081 -0.027468 -0.032965
v -0.014872 -0.027574 -0.032539
v -0.015573 -0.026502 -0.032757
v -0.019075 -0.024544 -0.032031
v -0.021118 -0.022616 -0.031745
v -0.023343 -0.020213 -0.031404
v -0.024317 -0.019198 -0.031238
v -0.025589 -0.017922 -0.030943
v -0.027715 -0.014784 -0.030486
v -0.029440 -0.011559 -0.030157
v -0.005338 -0.030020 -0.034777
v -0.009443 -0.028783 -0.034049
v -0.012096 -0.027714 -0.033579
v -0.013286 -0.027165 -0.033330
v -0.014400 -0.026595 -0.033121
v -0.016460 -0.025387 -0.032755
v -0.017486 -0.024893 -0.032554
v -0.019086 -0.023732 -0.032257
v -0.018261 -0.024077 -0.032458
v -0.020434 -0.022923 -0.031952
v -0.022047 -0.021035 -0.031742
v -0.026499 -0.016006 -0.030880
v -0.028326 -0.012647 -0.030595
v -0.030026 -0.009918 -0.030123
v -0.002775 -0.030048 -0.035277
v -0.001723 -0.030160 -0.035464
v -0.003983 -0.030062 -0.035065
v -0.006307 -0.029421 -0.034639
v -0.008798 -0.028569 -0.034200
v -0.010963 -0.028024 -0.033838
v -0.015283 -0.025720 -0.033004
v -0.020178 -0.022058 -0.032133
v -0.022586 -0.019833 -0.031726
v -0.023592 -0.018702 -0.031538
v -0.024812 -0.017703 -0.031334
v -0.025648 -0.016462 -0.031183
v -0.026934 -0.014164 -0.030945
v -0.027594 -0.013087 -0.030835
v -0.028824 -0.010649 -0.030614
v -0.004974 -0.029253 -0.034888
v -0.009934 -0.027315 -0.034028
v -0.011665 -0.026989 -0.033733
v -0.012606 -0.026524 -0.033545
v -0.013815 -0.025781 -0.033263
v -0.016118 -0.024710 -0.032879
v -0.017057 -0.024216 -0.032726
v -0.018463 -0.022712 -0.032453
v -0.020939 -0.020459 -0.032038
v -0.024226 -0.016837 -0.031494
v -0.024978 -0.015046 -0.031333
v -0.027431 -0.011750 -0.030949
v -0.000230 -0.032021 -0.034590
v -0.001774 -0.028950 -0.035445
v -0.003671 -0.028884 -0.035118
v -0.005874 -0.028838 -0.034672
v -0.006838 -0.028539 -0.034494
v -0.007951 -0.027942 -0.034278
v -0.008617 -0.027603 -0.034250
v -0.009166 -0.027383 -0.034138
v -0.014975 -0.023952 -0.033041
v -0.015986 -0.022220 -0.032797
v -0.018258 -0.020138 -0.032327
v -0.021084 -0.018762 -0.031965
v -0.022650 -0.015972 -0.031609
v -0.026177 -0.012223 -0.031114
v -0.000078 -0.031167 -0.035363
v -0.000810 -0.030470 -0.035564
v -0.000745 -0.029733 -0.035682
v -0.027245 -0.010390 -0.030983
v 0.000313 -0.030380 -0.035771
v 0.001068 -0.030251 -0.035943
v 0.001333 -0.030765 -0.035810
v 0.001800 -0.030216 -0.036061
v 0.002445 -0.030694 -0.036006
v 0.002589 -0.030122 -0.036198
v 0.001259 -0.031460 -0.035346
v 0.002016 -0.031293 -0.035577
v 0.002845 -0.031319 -0.035646
v 0.000902 -0.031833 -0.034941
v -0.000179 -0.030150 -0.035737
v 0.003624 -0.031464 -0.035551
v 0.003369 -0.030954 -0.035985
v 0.003146 -0.030367 -0.036240
v 0.003038 -0.029835 -0.036306
v 0.002672 -0.029625 -0.036197
v 0.002251 -0.029754 -0.036155
v 0.001720 -0.029709 -0.036071
v 0.001258 -0.029881 -0.036019
v 0.000891 -0.029841 -0.035930
v 0.000509 -0.029736 -0.035827
v 0.000128 -0.029827 -0.035795
v -0.000188 -0.029616 -0.035713
v 0.002926 -0.032193 -0.034654
v 0.031028 -0.007908 -0.010680
v 0.030591 -0.006937 -0.010421
v 0.030386 -0.007803 -0.009835
v 0.030898 -0.009015 -0.010221
v 0.031377 -0.011062 -0.010676
v 0.030949 -0.010178 -0.010097
v 0.030679 -0.011178 -0.009630
v 0.031283 -0.012397 -0.010520
v 0.030693 -0.012089 -0.009626
v 0.030636 -0.012914 -0.009652
v 0.030953 -0.013892 -0.010220
v 0.030661 -0.016874 -0.010621
v 0.030745 -0.015938 -0.010379
v 0.030089 -0.016365 -0.009741
v 0.030000 -0.017687 -0.010139
v 0.029959 -0.018788 -0.010580
v 0.029261 -0.018533 -0.009581
v 0.028975 -0.020208 -0.010158
v 0.028521 -0.022154 -0.011064
v 0.027635 -0.021597 -0.009610
v 0.027357 -0.023007 -0.010383
v 0.027049 -0.023839 -0.010790
v 0.026158 -0.023987 -0.009969
v 0.025518 -0.025071 -0.010387
v 0.025303 -0.024600 -0.009696
v 0.024301 -0.025746 -0.010037
v 0.030672 -0.005750 -0.011066
v 0.031620 -0.007519 -0.011801
v 0.031868 -0.008776 -0.011823
v 0.031969 -0.010510 -0.011695
v 0.032131 -0.012326 -0.011912
v 0.031950 -0.013888 -0.011783
v 0.031623 -0.015462 -0.011597
v 0.030813 -0.014971 -0.010183
v 0.031362 -0.017004 -0.011761
v 0.030807 -0.018472 -0.011661
v 0.030088 -0.020306 -0.011786
v 0.029431 -0.021540 -0.011800
v 0.027892 -0.023890 -0.011931
v 0.026808 -0.024938 -0.011727
v 0.025598 -0.025841 -0.011419
v 0.023886 -0.027400 -0.011727
v 0.031071 -0.004761 -0.012293
v 0.031696 -0.006381 -0.012451
v 0.032616 -0.011760 -0.012775
v 0.032552 -0.015573 -0.013385
v 0.031641 -0.018700 -0.013290
v 0.029269 -0.022652 -0.012612
v 0.028678 -0.023513 -0.012636
v 0.026327 -0.026085 -0.012613
v 0.029925 -0.001376 -0.013177
v 0.030103 -0.002710 -0.012235
v 0.030850 -0.002523 -0.013805
v 0.031182 -0.003551 -0.013486
v 0.032424 -0.007303 -0.013422
v 0.032649 -0.008497 -0.013407
v 0.032814 -0.009723 -0.013428
v 0.032973 -0.010960 -0.013582
v 0.032956 -0.012783 -0.013523
v 0.032790 -0.013883 -0.013359
v 0.032165 -0.017115 -0.013325
v 0.031053 -0.020237 -0.013435
v 0.030242 -0.021811 -0.013435
v 0.028345 -0.024633 -0.013550
v 0.027385 -0.025601 -0.013448
v 0.025310 -0.027117 -0.012841
v 0.029760 -0.000412 -0.014029
v 0.030543 -0.001300 -0.014536
v 0.031966 -0.004930 -0.013970
v 0.032203 -0.006152 -0.013586
v 0.033135 -0.011916 -0.013855
v 0.033121 -0.014917 -0.014384
v 0.032201 -0.018684 -0.014478
v 0.029503 -0.023631 -0.014227
v 0.026010 -0.027299 -0.014112
v 0.030111 -0.000048 -0.015344
v 0.029511 0.000400 -0.014664
v 0.031332 -0.002121 -0.015413
v 0.032048 -0.003732 -0.015321
v 0.032705 -0.005379 -0.015394
v 0.032799 -0.006642 -0.014658
v 0.033315 -0.008239 -0.015110
v 0.033339 -0.009436 -0.014697
v 0.033624 -0.010687 -0.015201
v 0.033615 -0.012538 -0.015143
v 0.033345 -0.013858 -0.014614
v 0.033229 -0.016139 -0.015250
v 0.032769 -0.017297 -0.014802
v 0.031770 -0.020446 -0.015204
v 0.030951 -0.021980 -0.015112
v 0.030139 -0.023423 -0.015318
v 0.028775 -0.024914 -0.014734
v 0.028085 -0.025917 -0.015184
v 0.027067 -0.026780 -0.014891
v 0.029507 0.000830 -0.015400
v 0.030912 -0.000886 -0.016133
v 0.033362 -0.006841 -0.016058
v 0.033831 -0.009508 -0.016067
v 0.034014 -0.011793 -0.016247
v 0.033754 -0.014679 -0.016059
v 0.033238 -0.017469 -0.016199
v 0.032676 -0.019120 -0.016176
v 0.031432 -0.021548 -0.015650
v 0.029292 -0.024955 -0.015976
v 0.027324 -0.027166 -0.016223
v 0.026056 -0.028072 -0.015755
v 0.030068 0.000857 -0.017020
v 0.031751 -0.001838 -0.017083
v 0.032248 -0.002934 -0.016946
v 0.032742 -0.004011 -0.017069
v 0.033123 -0.005104 -0.016975
v 0.033360 -0.006155 -0.016603
v 0.033943 -0.008398 -0.016997
v 0.034206 -0.010761 -0.017010
v 0.034215 -0.012922 -0.017092
v 0.034102 -0.014122 -0.017053
v 0.033725 -0.016427 -0.017006
v 0.033176 -0.018555 -0.017100
v 0.032129 -0.020769 -0.016624
v 0.031404 -0.022195 -0.016657
v 0.030635 -0.023572 -0.016898
v 0.029913 -0.024666 -0.017029
v 0.028346 -0.026489 -0.017046
v 0.026232 -0.028459 -0.017197
v 0.029428 0.002143 -0.018357
v 0.029199 0.001983 -0.017090
v 0.031342 -0.000712 -0.017962
v 0.033596 -0.006146 -0.017493
v 0.033826 -0.007170 -0.017415
v 0.034226 -0.009644 -0.017421
v 0.034349 -0.011904 -0.017452
v 0.034043 -0.015325 -0.017425
v 0.033554 -0.017612 -0.017420
v 0.032940 -0.019740 -0.017994
v 0.032416 -0.020687 -0.017490
v 0.031776 -0.022201 -0.018065
v 0.029237 -0.025678 -0.017446
v 0.027447 -0.027538 -0.017540
v 0.030322 0.001176 -0.018997
v 0.030817 0.000298 -0.018384
v 0.032077 -0.001813 -0.018461
v 0.032478 -0.002710 -0.018254
v 0.032953 -0.003771 -0.018364
v 0.033391 -0.004945 -0.018374
v 0.033709 -0.005966 -0.018304
v 0.034021 -0.007070 -0.018463
v 0.034249 -0.008267 -0.018459
v 0.034420 -0.009524 -0.018434
v 0.034509 -0.010701 -0.018397
v 0.034525 -0.011777 -0.018304
v 0.034515 -0.012885 -0.018434
v 0.034419 -0.014085 -0.018447
v 0.034268 -0.015285 -0.018472
v 0.034044 -0.016462 -0.018465
v 0.033742 -0.017640 -0.018415
v 0.033419 -0.018630 -0.018267
v 0.032500 -0.020991 -0.018495
v 0.030883 -0.023755 -0.018314
v 0.030210 -0.024723 -0.018254
v 0.029472 -0.025721 -0.018453
v 0.028636 -0.026660 -0.018464
v 0.027743 -0.027538 -0.018451
v 0.026353 -0.028783 -0.018849
v 0.029642 0.002140 -0.019349
v 0.031391 -0.000195 -0.019797
v 0.032186 -0.001625 -0.019688
v 0.032949 -0.003202 -0.019761
v 0.033600 -0.004903 -0.019781
v 0.034064 -0.006503 -0.019697
v 0.034426 -0.008192 -0.019757
v 0.034620 -0.009536 -0.019793
v 0.034667 -0.010687 -0.019398
v 0.034715 -0.012356 -0.019679
v 0.034612 -0.014058 -0.019742
v 0.034460 -0.015290 -0.019766
v 0.034239 -0.016483 -0.019781
v 0.033922 -0.017752 -0.019808
v 0.033368 -0.019377 -0.019684
v 0.032697 -0.020887 -0.019345
v 0.031963 -0.022420 -0.019786
v 0.030997 -0.023983 -0.019785
v 0.029962 -0.025399 -0.019716
v 0.028755 -0.026810 -0.019803
v 0.027884 -0.027613 -0.019366
v 0.027133 -0.028265 -0.019249
v 0.030627 0.001110 -0.020857
v 0.029337 0.002654 -0.020455
v 0.031030 0.000448 -0.020155
v 0.034014 -0.005995 -0.020322
v 0.034780 -0.010734 -0.020317
v 0.034802 -0.011761 -0.020297
v 0.033650 -0.018836 -0.020321
v 0.032769 -0.020975 -0.020264
v 0.032327 -0.021872 -0.020224
v 0.030338 -0.025047 -0.020347
v 0.027855 -0.027774 -0.020310
v 0.026683 -0.028742 -0.020062
v 0.030068 0.001878 -0.022592
v 0.031638 -0.000397 -0.021059
v 0.032246 -0.001468 -0.021024
v 0.032825 -0.002623 -0.021055
v 0.033307 -0.003721 -0.021190
v 0.033677 -0.004754 -0.021081
v 0.034047 -0.005909 -0.021118
v 0.034323 -0.007012 -0.021108
v 0.034532 -0.008143 -0.021045
v 0.034714 -0.009429 -0.021063
v 0.034824 -0.010628 -0.021124
v 0.034862 -0.011796 -0.021173
v 0.034823 -0.012889 -0.021111
v 0.034723 -0.014070 -0.021044
v 0.034567 -0.015305 -0.021052
v 0.034350 -0.016488 -0.021066
v 0.034070 -0.017642 -0.021074
v 0.033736 -0.018756 -0.021124
v 0.033335 -0.019824 -0.021100
v 0.032887 -0.020837 -0.021020
v 0.032073 -0.022465 -0.021462
v 0.031164 -0.023941 -0.021112
v 0.030424 -0.025019 -0.021148
v 0.029709 -0.025921 -0.021141
v 0.028917 -0.026793 -0.021077
v 0.028066 -0.027650 -0.021067
v 0.026727 -0.028809 -0.021257
v 0.031034 0.000580 -0.022195
v 0.031648 -0.000378 -0.022161
v 0.032296 -0.001512 -0.022160
v 0.032817 -0.002532 -0.022054
v 0.033301 -0.003644 -0.022165
v 0.033735 -0.004831 -0.022152
v 0.034058 -0.005868 -0.022045
v 0.034351 -0.007019 -0.022120
v 0.034581 -0.008188 -0.022090
v 0.034747 -0.009428 -0.022082
v 0.034840 -0.010663 -0.022114
v 0.034876 -0.011774 -0.022059
v 0.034847 -0.012920 -0.022137
v 0.034754 -0.014128 -0.022101
v 0.034597 -0.015331 -0.022084
v 0.034376 -0.016514 -0.022092
v 0.034078 -0.017699 -0.022112
v 0.033772 -0.018716 -0.022043
v 0.033356 -0.019834 -0.022133
v 0.032834 -0.021007 -0.022075
v 0.031123 -0.024063 -0.022125
v 0.030447 -0.025029 -0.022117
v 0.029704 -0.025968 -0.022129
v 0.028914 -0.026849 -0.022108
v 0.028042 -0.027709 -0.022022
v 0.029081 0.002999 -0.023358
v 0.029246 0.002947 -0.022118
v 0.031334 0.000014 -0.023647
v 0.032261 -0.001561 -0.023500
v 0.033073 -0.003261 -0.023572
v 0.033706 -0.004823 -0.023128
v 0.034191 -0.006581 -0.023441
v 0.034560 -0.008202 -0.023061
v 0.034736 -0.009436 -0.023028
v 0.034825 -0.010659 -0.023052
v 0.034809 -0.012480 -0.023443
v 0.034732 -0.014134 -0.023070
v 0.034579 -0.015342 -0.023036
v 0.034360 -0.016515 -0.023030
v 0.034060 -0.017704 -0.023053
v 0.033476 -0.019390 -0.023430
v 0.032816 -0.020986 -0.023140
v 0.031948 -0.022610 -0.023422
v 0.031156 -0.023969 -0.022997
v 0.030432 -0.025015 -0.023033
v 0.029684 -0.025956 -0.023052
v 0.028891 -0.026845 -0.023050
v 0.028026 -0.027705 -0.022991
v 0.027133 -0.028488 -0.022829
v 0.025615 -0.029627 -0.022853
v 0.029724 0.002118 -0.024491
v 0.030645 0.000876 -0.024554
v 0.030987 0.000506 -0.023911
v 0.033664 -0.004870 -0.024040
v 0.033979 -0.005878 -0.024009
v 0.034505 -0.008320 -0.024037
v 0.034670 -0.009472 -0.024012
v 0.034769 -0.010603 -0.023984
v 0.034795 -0.011746 -0.023998
v 0.034655 -0.014225 -0.024016
v 0.034513 -0.015336 -0.023999
v 0.034293 -0.016501 -0.023998
v 0.034020 -0.017637 -0.023974
v 0.033697 -0.018693 -0.023979
v 0.032791 -0.020920 -0.024001
v 0.031984 -0.022329 -0.024579
v 0.031038 -0.024038 -0.023984
v 0.030389 -0.024961 -0.023980
v 0.029636 -0.025899 -0.024018
v 0.028832 -0.026797 -0.024029
v 0.027974 -0.027661 -0.023981
v 0.027009 -0.028510 -0.023854
v 0.030201 0.001208 -0.025672
v 0.031490 -0.000470 -0.024856
v 0.032119 -0.001594 -0.024875
v 0.032686 -0.002704 -0.024814
v 0.033126 -0.003825 -0.025082
v 0.033544 -0.004892 -0.024963
v 0.033885 -0.005880 -0.024838
v 0.034144 -0.006968 -0.024876
v 0.034367 -0.008187 -0.024939
v 0.034537 -0.009503 -0.025038
v 0.034641 -0.010693 -0.025007
v 0.034698 -0.011738 -0.024866
v 0.034653 -0.012861 -0.024908
v 0.034543 -0.014136 -0.024927
v 0.034411 -0.015269 -0.024895
v 0.034173 -0.016438 -0.025004
v 0.033874 -0.017670 -0.024982
v 0.033598 -0.018672 -0.024847
v 0.033194 -0.019744 -0.024875
v 0.032681 -0.020903 -0.024884
v 0.030983 -0.023896 -0.024904
v 0.030334 -0.024858 -0.024868
v 0.029585 -0.025770 -0.024995
v 0.028740 -0.026702 -0.025044
v 0.027856 -0.027593 -0.025010
v 0.027014 -0.028374 -0.024851
v 0.025541 -0.029505 -0.024766
v 0.029292 0.002354 -0.025699
v 0.028881 0.003001 -0.024668
v 0.031087 -0.000258 -0.026244
v 0.031896 -0.001635 -0.026202
v 0.032623 -0.003277 -0.026425
v 0.033331 -0.005137 -0.026420
v 0.033824 -0.006509 -0.026095
v 0.034142 -0.008109 -0.026182
v 0.034292 -0.009415 -0.026312
v 0.034377 -0.010857 -0.026429
v 0.034453 -0.012394 -0.026215
v 0.034336 -0.014058 -0.026200
v 0.034057 -0.015665 -0.026396
v 0.033628 -0.017630 -0.026328
v 0.033119 -0.019280 -0.026245
v 0.032534 -0.020839 -0.025929
v 0.031647 -0.022361 -0.026312
v 0.030714 -0.023850 -0.026316
v 0.029756 -0.025212 -0.026223
v 0.028643 -0.026487 -0.026267
v 0.027637 -0.027456 -0.026363
v 0.026512 -0.028562 -0.025925
v 0.028784 0.002712 -0.026363
v 0.029501 0.001477 -0.027413
v 0.030655 0.000143 -0.026860
v 0.033612 -0.006342 -0.026834
v 0.034316 -0.012048 -0.026889
v 0.033956 -0.015092 -0.027232
v 0.033194 -0.018712 -0.026837
v 0.032335 -0.020806 -0.026867
v 0.031789 -0.021849 -0.026923
v 0.029901 -0.024803 -0.026875
v 0.026694 -0.028166 -0.026845
v 0.030565 -0.000606 -0.028524
v 0.031378 -0.001304 -0.027454
v 0.032093 -0.002697 -0.027507
v 0.032373 -0.003888 -0.028230
v 0.032854 -0.005185 -0.028157
v 0.033341 -0.006880 -0.028193
v 0.033775 -0.007728 -0.027413
v 0.033993 -0.009223 -0.027466
v 0.033922 -0.010628 -0.028091
v 0.033937 -0.012404 -0.028171
v 0.034122 -0.013011 -0.027515
v 0.034083 -0.013931 -0.027366
v 0.033257 -0.016732 -0.028395
v 0.033424 -0.017324 -0.027451
v 0.032847 -0.018658 -0.028013
v 0.032677 -0.019561 -0.027562
v 0.032255 -0.020512 -0.027605
v 0.031364 -0.021806 -0.028284
v 0.030647 -0.023134 -0.028076
v 0.030572 -0.023601 -0.027432
v 0.029446 -0.024784 -0.028147
v 0.029105 -0.025507 -0.027550
v 0.028494 -0.026242 -0.027424
v 0.027665 -0.027050 -0.027497
v 0.026238 -0.028107 -0.028004
v 0.025792 -0.028690 -0.027432
v 0.029514 0.000429 -0.029341
v 0.028847 0.001585 -0.028725
v 0.031625 -0.002466 -0.028542
v 0.033611 -0.009005 -0.028599
v 0.033676 -0.014501 -0.028444
v 0.031834 -0.020373 -0.028902
v 0.027738 -0.026510 -0.028544
v 0.030309 -0.001173 -0.029928
v 0.030974 -0.002302 -0.029874
v 0.031659 -0.003744 -0.029907
v 0.032272 -0.005299 -0.029839
v 0.032749 -0.007161 -0.029937
v 0.033104 -0.008457 -0.029746
v 0.033177 -0.009627 -0.029986
v 0.033292 -0.010846 -0.029918
v 0.033392 -0.012306 -0.029730
v 0.033247 -0.013952 -0.029804
v 0.032883 -0.015728 -0.030025
v 0.032402 -0.017451 -0.030153
v 0.032107 -0.018826 -0.029795
v 0.030617 -0.021715 -0.030115
v 0.029871 -0.023209 -0.029793
v 0.029042 -0.024368 -0.029792
v 0.027828 -0.025729 -0.029859
v 0.026804 -0.026662 -0.030021
v 0.025742 -0.027729 -0.029729
v 0.028900 0.000544 -0.030443
v 0.028785 0.000974 -0.029989
v 0.029579 -0.000449 -0.030479
v 0.032154 -0.006540 -0.030921
v 0.033128 -0.012045 -0.030403
v 0.031930 -0.018475 -0.030523
v 0.030873 -0.020464 -0.030918
v 0.028962 -0.024059 -0.030414
v 0.028796 0.000176 -0.031078
v 0.029112 -0.000689 -0.031570
v 0.030066 -0.002321 -0.031608
v 0.031113 -0.003799 -0.031057
v 0.031500 -0.005422 -0.031495
v 0.032100 -0.007926 -0.031660
v 0.032576 -0.009449 -0.031214
v 0.032742 -0.010695 -0.031128
v 0.032606 -0.012432 -0.031436
v 0.032761 -0.013391 -0.031033
v 0.032390 -0.014958 -0.031397
v 0.032256 -0.016030 -0.031288
v 0.031797 -0.017047 -0.031620
v 0.031230 -0.018489 -0.031802
v 0.031204 -0.019549 -0.031118
v 0.029414 -0.022250 -0.031710
v 0.028735 -0.023417 -0.031529
v 0.027442 -0.025216 -0.031247
v 0.026541 -0.026204 -0.031148
v 0.025151 -0.027265 -0.031347
v 0.024282 -0.028327 -0.030673
v 0.029214 -0.001486 -0.032225
v 0.030724 -0.004522 -0.032254
v 0.031401 -0.007344 -0.032638
v 0.031943 -0.011218 -0.032595
v 0.031818 -0.014514 -0.032512
v 0.031444 -0.016181 -0.032621
v 0.030010 -0.020511 -0.032359
v 0.025234 -0.026141 -0.032752
v 0.028743 -0.001201 -0.032673
v 0.028922 -0.002008 -0.033133
v 0.029314 -0.002968 -0.033288
v 0.030002 -0.004295 -0.033220
v 0.030575 -0.005954 -0.033288
v 0.031371 -0.009331 -0.033267
v 0.031522 -0.013141 -0.033223
v 0.030196 -0.018109 -0.033585
v 0.029857 -0.019633 -0.033207
v 0.028591 -0.021946 -0.033195
v 0.027717 -0.023072 -0.033269
v 0.026757 -0.024493 -0.032963
v 0.023630 -0.027297 -0.032889
v 0.030439 -0.007695 -0.034192
v 0.030871 -0.009095 -0.033985
v 0.031073 -0.011650 -0.033959
v 0.030727 -0.014855 -0.034086
v 0.030562 -0.016142 -0.033936
v 0.028869 -0.020846 -0.033710
v 0.029171 -0.004519 -0.034483
v 0.028736 -0.003455 -0.034321
v 0.029541 -0.005702 -0.034605
v 0.029776 -0.007527 -0.034942
v 0.030595 -0.010626 -0.034568
v 0.030298 -0.013914 -0.034832
v 0.028670 -0.019824 -0.034591
v 0.027379 -0.021740 -0.034755
v 0.025952 -0.023773 -0.034533
v 0.024361 -0.025326 -0.034486
v 0.023049 -0.026698 -0.034098
v 0.029885 -0.009682 -0.035323
v 0.029895 -0.012037 -0.035481
v 0.029354 -0.015902 -0.035505
v 0.029365 -0.017361 -0.035009
v 0.028492 -0.018840 -0.035327
v 0.029146 -0.008741 -0.035963
v 0.029521 -0.013893 -0.035811
v 0.029127 -0.014748 -0.036016
v 0.028418 -0.017733 -0.035885
v 0.027047 -0.020346 -0.035967
v 0.026442 -0.021560 -0.035817
v 0.025612 -0.022436 -0.035885
v 0.024343 -0.023811 -0.035886
v 0.023102 -0.024837 -0.035911
v 0.024728 -0.024557 -0.009234
v 0.024171 -0.024736 -0.009081
v 0.026541 -0.022583 -0.009265
v 0.029164 -0.017617 -0.009175
v 0.029171 -0.016674 -0.009106
v 0.030004 -0.015128 -0.009281
v 0.030319 -0.014417 -0.009458
v 0.029918 -0.013423 -0.009067
v 0.030336 -0.010627 -0.009227
v 0.030377 -0.010323 -0.009278
v 0.030215 -0.009553 -0.009224
v 0.030123 -0.008946 -0.009240
v 0.029941 -0.008263 -0.009231
v 0.029662 -0.006629 -0.009555
v 0.030055 -0.006210 -0.010027
v 0.029492 -0.004811 -0.010145
v 0.029822 -0.004166 -0.010769
v 0.029755 -0.003340 -0.011189
v 0.029242 -0.001779 -0.011917
v 0.029578 -0.001645 -0.012335
v 0.029240 0.000028 -0.013718
v 0.028975 0.003114 -0.021135
v 0.028692 0.002452 -0.027245
v 0.028421 0.001472 -0.029627
v 0.028481 -0.002392 -0.033861
v 0.028858 -0.005727 -0.035410
v 0.028863 -0.006579 -0.035705
v 0.028369 -0.008194 -0.036268
v 0.028513 -0.007220 -0.036061
v 0.028879 -0.009529 -0.036313
v 0.029059 -0.010940 -0.036265
v 0.029025 -0.012443 -0.036344
v 0.029092 -0.013646 -0.036228
v 0.027733 -0.018444 -0.036264
v 0.027239 -0.019112 -0.036334
v 0.024477 -0.023058 -0.036283
v 0.022133 -0.025155 -0.036224
v 0.022011 -0.026203 -0.035361
v 0.023053 -0.028409 -0.031872
v 0.024484 -0.028770 -0.029503
v 0.024570 -0.029267 -0.028224
v 0.024791 -0.029627 -0.026679
v 0.024630 -0.030254 -0.020706
v 0.024410 -0.030034 -0.018252
v 0.024995 -0.029239 -0.016748
v 0.024675 -0.028977 -0.015471
v 0.024314 -0.028434 -0.013839
v 0.022765 -0.026895 -0.010129
v 0.028839 0.003351 -0.022491
v 0.028791 0.002112 -0.027825
v 0.028420 -0.001316 -0.033148
v 0.023551 -0.025615 -0.009347
v 0.011250 -0.031822 -0.010166
v 0.011943 -0.031521 -0.009972
v 0.011936 -0.030976 -0.009364
v 0.010605 -0.031556 -0.009656
v 0.020463 -0.028601 -0.010424
v 0.021357 -0.028395 -0.010850
v 0.021452 -0.027473 -0.009763
v 0.020168 -0.028247 -0.009762
v 0.018685 -0.029588 -0.010556
v 0.017751 -0.029268 -0.009627
v 0.016419 -0.030323 -0.010282
v 0.022285 -0.028519 -0.011827
v 0.020272 -0.029900 -0.012184
v 0.019692 -0.029416 -0.010983
v 0.018387 -0.030653 -0.011934
v 0.016846 -0.031157 -0.011718
v 0.015201 -0.031652 -0.011562
v 0.014785 -0.030804 -0.010161
v 0.013168 -0.031191 -0.009997
v 0.013698 -0.031933 -0.011246
v 0.012470 -0.031880 -0.010621
v 0.012459 -0.032364 -0.011336
v 0.021576 -0.029785 -0.013172
v 0.014018 -0.032788 -0.012848
v 0.012686 -0.032870 -0.012323
v 0.022875 -0.029121 -0.013382
v 0.020117 -0.030890 -0.013812
v 0.018466 -0.031523 -0.013545
v 0.017130 -0.031753 -0.012894
v 0.015523 -0.032490 -0.013185
v 0.012498 -0.033603 -0.013658
v 0.021833 -0.030448 -0.014781
v 0.016959 -0.032293 -0.013801
v 0.013986 -0.033532 -0.014360
v 0.023280 -0.029708 -0.015052
v 0.020292 -0.031394 -0.015087
v 0.018680 -0.032183 -0.015216
v 0.017144 -0.032633 -0.014724
v 0.015610 -0.033147 -0.014617
v 0.022227 -0.030874 -0.016427
v 0.021005 -0.031424 -0.016098
v 0.017166 -0.032977 -0.015624
v 0.015712 -0.033492 -0.015581
v 0.014092 -0.033962 -0.015499
v 0.011897 -0.034331 -0.015040
v 0.012452 -0.034691 -0.016417
v 0.011791 -0.034059 -0.014293
v 0.023641 -0.030119 -0.016721
v 0.019425 -0.032290 -0.016428
v 0.017449 -0.033127 -0.016429
v 0.015843 -0.033739 -0.016480
v 0.014220 -0.034253 -0.016480
v 0.010417 -0.035044 -0.016266
v 0.010864 -0.035310 -0.017459
v 0.022333 -0.031198 -0.017792
v 0.020666 -0.032007 -0.017465
v 0.018963 -0.032805 -0.017467
v 0.017571 -0.033349 -0.017376
v 0.015964 -0.033935 -0.017374
v 0.014325 -0.034467 -0.017399
v 0.012647 -0.034923 -0.017419
v 0.008795 -0.035269 -0.016230
v 0.008281 -0.035784 -0.017902
v 0.006404 -0.035791 -0.017122
v 0.007688 -0.035589 -0.016786
v 0.022871 -0.031180 -0.019208
v 0.020893 -0.032159 -0.018642
v 0.019131 -0.032945 -0.018412
v 0.017605 -0.033561 -0.018340
v 0.016021 -0.034124 -0.018310
v 0.014387 -0.034644 -0.018320
v 0.012730 -0.035100 -0.018346
v 0.011056 -0.035478 -0.018377
v 0.009404 -0.035762 -0.018402
v 0.005524 -0.036076 -0.018189
v 0.003214 -0.036218 -0.018734
v 0.004658 -0.035844 -0.017065
v 0.003605 -0.035862 -0.017092
v 0.002505 -0.035868 -0.017171
v 0.001104 -0.036050 -0.018236
v 0.022574 -0.031509 -0.020261
v 0.020985 -0.032289 -0.019698
v 0.019155 -0.033159 -0.019843
v 0.017616 -0.033719 -0.019260
v 0.016037 -0.034277 -0.019200
v 0.014411 -0.034784 -0.019196
v 0.012759 -0.035231 -0.019212
v 0.011093 -0.035607 -0.019238
v 0.009397 -0.035906 -0.019261
v 0.007714 -0.036102 -0.019219
v 0.005949 -0.036237 -0.019202
v 0.004230 -0.036312 -0.019227
v 0.000953 -0.036257 -0.019606
v 0.021622 -0.032093 -0.021008
v 0.017510 -0.033877 -0.020181
v 0.016032 -0.034400 -0.020135
v 0.014424 -0.034898 -0.020130
v 0.012773 -0.035338 -0.020140
v 0.011102 -0.035709 -0.020157
v 0.009388 -0.036009 -0.020181
v 0.007669 -0.036226 -0.020202
v 0.005942 -0.036366 -0.020212
v 0.004216 -0.036433 -0.020195
v 0.002593 -0.036405 -0.020064
v 0.022742 -0.031492 -0.021674
v 0.019699 -0.033035 -0.021314
v 0.017724 -0.033856 -0.021090
v 0.016063 -0.034462 -0.021088
v 0.014438 -0.034969 -0.021096
v 0.012785 -0.035408 -0.021109
v 0.011111 -0.035775 -0.021120
v 0.009387 -0.036072 -0.021137
v 0.007655 -0.036290 -0.021163
v 0.005926 -0.036432 -0.021183
v 0.004216 -0.036501 -0.021174
v 0.002564 -0.036489 -0.021132
v 0.001048 -0.036399 -0.021012
v 0.023811 -0.030832 -0.022422
v 0.021661 -0.032067 -0.022650
v 0.019200 -0.033256 -0.022786
v 0.017744 -0.033874 -0.022101
v 0.016107 -0.034470 -0.022012
v 0.014454 -0.034989 -0.022014
v 0.012794 -0.035431 -0.022031
v 0.011118 -0.035799 -0.022043
v 0.009393 -0.036094 -0.022054
v 0.007658 -0.036310 -0.022072
v 0.005921 -0.036449 -0.022088
v 0.004206 -0.036517 -0.022069
v 0.002670 -0.036513 -0.021985
v 0.000970 -0.036413 -0.022293
v 0.017561 -0.033930 -0.023008
v 0.016083 -0.034463 -0.022936
v 0.014454 -0.034972 -0.022928
v 0.012793 -0.035414 -0.022944
v 0.011118 -0.035782 -0.022956
v 0.009397 -0.036077 -0.022966
v 0.007663 -0.036292 -0.022978
v 0.005926 -0.036431 -0.022987
v 0.004191 -0.036497 -0.022967
v 0.002524 -0.036488 -0.022867
v 0.023722 -0.030761 -0.024242
v 0.021874 -0.031800 -0.024551
v 0.020544 -0.032590 -0.023596
v 0.019105 -0.033227 -0.023954
v 0.017679 -0.033821 -0.023867
v 0.016066 -0.034406 -0.023863
v 0.014437 -0.034914 -0.023870
v 0.012778 -0.035355 -0.023887
v 0.011106 -0.035722 -0.023900
v 0.009390 -0.036016 -0.023909
v 0.007660 -0.036231 -0.023918
v 0.005920 -0.036369 -0.023923
v 0.004198 -0.036437 -0.023897
v 0.002540 -0.036431 -0.023836
v 0.000872 -0.036337 -0.023741
v 0.022533 -0.031317 -0.025371
v 0.019742 -0.032798 -0.024952
v 0.017722 -0.033682 -0.024830
v 0.016078 -0.034288 -0.024789
v 0.014416 -0.034810 -0.024801
v 0.012752 -0.035253 -0.024823
v 0.011082 -0.035618 -0.024838
v 0.009372 -0.035911 -0.024847
v 0.007651 -0.036126 -0.024854
v 0.005905 -0.036262 -0.024858
v 0.004124 -0.036324 -0.024836
v 0.002605 -0.036335 -0.024717
v 0.001101 -0.036257 -0.024696
v 0.023871 -0.030463 -0.025677
v 0.023002 -0.030738 -0.026754
v 0.020988 -0.031929 -0.026332
v 0.019005 -0.032832 -0.026486
v 0.017657 -0.033531 -0.025828
v 0.016048 -0.034137 -0.025732
v 0.014387 -0.034664 -0.025726
v 0.012718 -0.035109 -0.025745
v 0.011050 -0.035473 -0.025763
v 0.009345 -0.035764 -0.025774
v 0.007635 -0.035977 -0.025780
v 0.005909 -0.036115 -0.025782
v 0.004114 -0.036172 -0.025776
v 0.001674 -0.036123 -0.025699
v 0.017412 -0.033431 -0.026724
v 0.015958 -0.033970 -0.026650
v 0.014334 -0.034485 -0.026634
v 0.012675 -0.034927 -0.026648
v 0.011011 -0.035289 -0.026666
v 0.009312 -0.035577 -0.026680
v 0.007610 -0.035789 -0.026687
v 0.005909 -0.035930 -0.026682
v 0.004201 -0.035996 -0.026666
v 0.002546 -0.035968 -0.026676
v 0.023357 -0.030162 -0.027905
v 0.021408 -0.031134 -0.028231
v 0.020217 -0.032074 -0.027258
v 0.018807 -0.032623 -0.027613
v 0.017453 -0.033187 -0.027561
v 0.015878 -0.033754 -0.027566
v 0.014265 -0.034259 -0.027567
v 0.012620 -0.034697 -0.027580
v 0.010966 -0.035056 -0.027596
v 0.009275 -0.035342 -0.027611
v 0.007581 -0.035552 -0.027619
v 0.005890 -0.035694 -0.027610
v 0.004205 -0.035770 -0.027573
v 0.002638 -0.035771 -0.027508
v 0.022822 -0.030016 -0.029098
v 0.019259 -0.032127 -0.028461
v 0.017406 -0.032921 -0.028444
v 0.015827 -0.033491 -0.028439
v 0.014197 -0.033999 -0.028454
v 0.012557 -0.034434 -0.028471
v 0.010917 -0.034791 -0.028487
v 0.009239 -0.035076 -0.028499
v 0.007556 -0.035285 -0.028506
v 0.005871 -0.035425 -0.028497
v 0.004197 -0.035506 -0.028451
v 0.002555 -0.035516 -0.028362
v 0.018981 -0.031702 -0.029805
v 0.020499 -0.030773 -0.030229
v 0.022746 -0.029448 -0.030424
v 0.017291 -0.032616 -0.029367
v 0.015737 -0.033196 -0.029326
v 0.014114 -0.033699 -0.029337
v 0.012477 -0.034132 -0.029355
v 0.010853 -0.034487 -0.029368
v 0.009195 -0.034770 -0.029378
v 0.007527 -0.034979 -0.029381
v 0.005867 -0.035120 -0.029363
v 0.004171 -0.035187 -0.029337
v 0.002673 -0.035221 -0.029221
v 0.001173 -0.035138 -0.029202
v 0.017005 -0.032348 -0.030252
v 0.015598 -0.032882 -0.030196
v 0.014014 -0.033370 -0.030199
v 0.012368 -0.033796 -0.030221
v 0.010757 -0.034151 -0.030225
v 0.009139 -0.034431 -0.030231
v 0.007489 -0.034636 -0.030238
v 0.005832 -0.034778 -0.030211
v 0.004263 -0.034864 -0.030129
v 0.001986 -0.034765 -0.030222
v 0.019615 -0.030428 -0.031735
v 0.021146 -0.029648 -0.031700
v 0.018463 -0.031210 -0.031274
v 0.016943 -0.031903 -0.031172
v 0.015439 -0.032502 -0.031100
v 0.013920 -0.032985 -0.031080
v 0.012270 -0.033396 -0.031117
v 0.010561 -0.033744 -0.031147
v 0.009084 -0.034040 -0.031077
v 0.007465 -0.034212 -0.031147
v 0.005790 -0.034365 -0.031111
v 0.004058 -0.034433 -0.031048
v 0.021453 -0.028504 -0.033146
v 0.018230 -0.030525 -0.032594
v 0.016707 -0.031031 -0.032773
v 0.015150 -0.032055 -0.032065
v 0.013853 -0.032581 -0.031877
v 0.012272 -0.032946 -0.031965
v 0.010505 -0.033287 -0.032026
v 0.007829 -0.033441 -0.032446
v 0.005763 -0.033898 -0.031998
v 0.004153 -0.033987 -0.031920
v 0.001625 -0.033755 -0.032169
v 0.019549 -0.029460 -0.033252
v 0.014597 -0.031432 -0.033313
v 0.012943 -0.032123 -0.033031
v 0.010603 -0.032630 -0.033076
v 0.008969 -0.033026 -0.032900
v 0.005694 -0.033461 -0.032749
v 0.003650 -0.033431 -0.032866
v 0.019604 -0.028489 -0.034445
v 0.020057 -0.028963 -0.033601
v 0.017218 -0.029608 -0.034400
v 0.013054 -0.031646 -0.033688
v 0.008974 -0.032311 -0.033934
v 0.006962 -0.032660 -0.033785
v 0.005215 -0.032849 -0.033693
v 0.001231 -0.032690 -0.033855
v 0.020930 -0.027504 -0.034722
v 0.015134 -0.030382 -0.034451
v 0.012608 -0.030944 -0.034745
v 0.010684 -0.031698 -0.034350
v 0.007601 -0.031170 -0.035591
v 0.005243 -0.031760 -0.035144
v 0.020486 -0.026757 -0.035738
v 0.019702 -0.027319 -0.035637
v 0.018171 -0.027911 -0.035798
v 0.016741 -0.028363 -0.035990
v 0.015301 -0.029029 -0.035858
v 0.013549 -0.029761 -0.035788
v 0.011864 -0.030120 -0.035913
v 0.009984 -0.030731 -0.035658
v 0.006157 -0.030972 -0.035991
v 0.005171 -0.031013 -0.036023
v 0.004192 -0.031112 -0.035908
v 0.021026 -0.025729 -0.036327
v 0.013620 -0.028910 -0.036432
v 0.010754 -0.030018 -0.036188
v 0.008961 -0.030198 -0.036334
v 0.004610 -0.031024 -0.036008
v 0.012926 -0.030467 -0.009106
v 0.013873 -0.030114 -0.009069
v 0.014819 -0.029860 -0.009082
v 0.015711 -0.029755 -0.009278
v 0.016740 -0.029256 -0.009172
v 0.019312 -0.028175 -0.009240
v 0.019837 -0.026397 -0.036328
v 0.018960 -0.026811 -0.036333
v 0.012883 -0.029456 -0.036291
v 0.001304 -0.035689 -0.016746
v 0.006374 -0.035491 -0.016215
v 0.007269 -0.035513 -0.016386
v 0.007873 -0.035348 -0.016112
v 0.009522 -0.034902 -0.015492
v 0.010366 -0.034619 -0.015134
v 0.010673 -0.030952 -0.009087
v 0.009653 -0.031433 -0.009287
v 0.020445 -0.027461 -0.009157
v 0.015766 -0.028177 -0.036391
v 0.009932 -0.029899 -0.036400
v 0.007211 -0.035291 -0.015878
v 0.005531 -0.035570 -0.016361
v 0.004150 -0.035673 -0.016515
v 0.004473 -0.035570 -0.016298
v 0.003157 -0.035629 -0.016428
v 0.002158 -0.035518 -0.016250
v 0.001283 -0.035352 -0.015952
v 0.000604 -0.035178 -0.015642
v 0.007530 -0.035179 -0.015703
v 0.002626 -0.035636 -0.016467
v 0.000267 -0.035465 -0.016305
v 0.012129 -0.033233 -0.012794
v 0.011604 -0.032231 -0.010894
v 0.009484 -0.031033 -0.008941
v 0.008229 -0.030225 -0.008837
v 0.008196 -0.031087 -0.008908
v 0.008802 -0.030902 -0.008870
v 0.009301 -0.030520 -0.008844
v 0.009093 -0.031067 -0.008906
v 0.008312 -0.031357 -0.009028
v 0.007030 -0.030760 -0.008870
v 0.007666 -0.031289 -0.009007
v 0.006564 -0.031329 -0.009071
v 0.005829 -0.030977 -0.008879
v 0.005335 -0.031310 -0.009051
v 0.004983 -0.030971 -0.008869
v 0.004316 -0.031247 -0.009056
v 0.004131 -0.030800 -0.008836
v 0.002946 -0.031028 -0.008963
v 0.003506 -0.030146 -0.008778
v 0.002069 -0.029939 -0.008792
v 0.001599 -0.031036 -0.008962
v 0.000484 -0.030273 -0.008834
v 0.000290 -0.031196 -0.009009
v 0.005082 -0.029822 -0.008795
v 0.006415 -0.028634 -0.008929
v 0.000066 -0.030919 -0.008854
v -0.000798 -0.031473 -0.009134
v -0.000639 -0.031810 -0.009913
v -0.000600 -0.031411 -0.009063
v -0.000661 -0.031423 -0.009045
v -0.000271 -0.031337 -0.009067
v -0.000784 -0.031242 -0.008932
v -0.000655 -0.031160 -0.008893
v -0.000475 -0.031100 -0.008871
v -0.000377 -0.031126 -0.008878
v -0.000278 -0.030808 -0.008832
v -0.000940 -0.030728 -0.008840
v -0.002414 -0.033596 -0.013481
v -0.000932 -0.033626 -0.013373
v -0.001792 -0.032838 -0.012114
v -0.003674 -0.032771 -0.012360
v -0.005471 -0.032688 -0.012775
v -0.009242 -0.031624 -0.012860
v -0.011979 -0.030621 -0.013167
v -0.002864 -0.032297 -0.011261
v -0.005220 -0.032151 -0.011738
v -0.007005 -0.031518 -0.011385
v -0.008872 -0.031202 -0.011925
v -0.010506 -0.030583 -0.011994
v -0.012169 -0.029938 -0.012244
v -0.001786 -0.032127 -0.010697
v -0.004241 -0.031931 -0.010917
v -0.005855 -0.031554 -0.010834
v -0.008809 -0.030693 -0.010960
v -0.010192 -0.030218 -0.011106
v -0.011527 -0.029451 -0.010813
v -0.012864 -0.029040 -0.011365
v -0.001747 -0.031652 -0.009636
v -0.003175 -0.031652 -0.009962
v -0.005078 -0.031287 -0.009835
v -0.006879 -0.030887 -0.009974
v -0.008584 -0.030360 -0.010084
v -0.010207 -0.029753 -0.010195
v -0.012754 -0.028599 -0.010422
v -0.004034 -0.031163 -0.009099
v -0.005117 -0.030837 -0.008687
v -0.006655 -0.030475 -0.008745
v -0.008442 -0.029994 -0.009054
v -0.010078 -0.029377 -0.009188
v -0.011772 -0.028651 -0.009388
v -0.007117 -0.029999 -0.007722
v -0.006168 -0.030322 -0.007926
v -0.008412 -0.029631 -0.007969
v -0.009861 -0.029131 -0.008248
v -0.011238 -0.028382 -0.007944
v -0.012582 -0.027841 -0.008447
v -0.007875 -0.029490 -0.006934
v -0.008894 -0.029148 -0.006992
v -0.010018 -0.028746 -0.007242
v -0.012451 -0.027580 -0.007459
v -0.009998 -0.028443 -0.006063
v -0.008506 -0.029038 -0.006075
v -0.011597 -0.027754 -0.006422
v -0.010277 -0.027997 -0.004566
v -0.009318 -0.028519 -0.005110
v -0.011435 -0.027551 -0.005148
v -0.009430 -0.028331 -0.004404
v -0.011096 -0.027537 -0.004154
v -0.011912 -0.027060 -0.003818
v -0.009801 -0.028043 -0.003650
v -0.010780 -0.027514 -0.002812
v -0.010883 -0.027365 -0.001878
v -0.011105 -0.027220 -0.001020
v -0.012371 -0.026555 -0.000482
v -0.011340 -0.027091 -0.000106
v -0.012335 -0.026605 0.000544
v -0.011161 -0.027231 0.000848
v -0.010384 -0.027650 0.001705
v -0.011303 -0.027288 0.002226
v -0.012608 -0.026569 0.001776
v -0.010394 -0.027830 0.003097
v -0.011757 -0.027260 0.003481
v -0.012492 -0.026784 0.002882
v -0.011313 -0.027706 0.004648
v -0.012651 -0.026844 0.003705
v -0.009911 -0.028190 0.004123
v -0.010346 -0.028295 0.005372
v -0.012751 -0.026982 0.004590
v -0.009152 -0.028603 0.004808
v -0.009218 -0.028871 0.005937
v -0.010721 -0.028565 0.006874
v -0.011886 -0.027932 0.006493
v -0.012842 -0.027352 0.006139
v -0.008298 -0.029804 0.007985
v -0.008276 -0.029307 0.006424
v -0.007672 -0.029527 0.006671
v -0.009657 -0.029239 0.007641
v -0.010898 -0.028891 0.008023
v -0.012311 -0.028425 0.008396
v -0.013545 -0.027505 0.007652
v -0.004937 -0.031105 0.009318
v -0.004175 -0.030943 0.008650
v -0.003629 -0.031251 0.009234
v -0.007112 -0.030464 0.008886
v -0.008356 -0.030241 0.009159
v -0.009784 -0.029977 0.009598
v -0.011099 -0.029229 0.009035
v -0.013670 -0.027860 0.008660
v -0.000952 -0.032143 0.010903
v -0.002238 -0.032148 0.011044
v -0.003519 -0.031725 0.010343
v -0.005372 -0.031647 0.010767
v -0.006073 -0.030725 0.008932
v -0.006626 -0.031200 0.010342
v -0.008469 -0.030687 0.010249
v -0.011309 -0.029657 0.010136
v -0.012787 -0.029153 0.010375
v -0.013918 -0.028201 0.009615
v -0.003358 -0.032442 0.011822
v -0.008152 -0.031433 0.011580
v -0.009162 -0.031173 0.011629
v -0.010083 -0.030765 0.011405
v -0.011039 -0.030321 0.011208
v -0.012024 -0.029983 0.011297
v -0.014315 -0.028590 0.010694
v -0.002059 -0.032938 0.012545
v -0.000776 -0.032735 0.012070
v -0.005066 -0.032533 0.012389
v -0.006807 -0.031952 0.011936
v -0.013053 -0.029966 0.012003
v -0.014111 -0.029355 0.011794
v -0.015099 -0.028713 0.011566
v -0.003365 -0.033053 0.012936
v -0.004636 -0.032934 0.012996
v -0.007100 -0.032539 0.013092
v -0.009198 -0.031706 0.012585
v -0.002779 -0.031311 -0.009169
v -0.004208 -0.030860 -0.008501
v -0.008025 -0.029029 -0.005733
v -0.008662 -0.028763 -0.005207
v -0.010502 -0.027469 -0.000195
v -0.010062 -0.027658 0.000954
v -0.009895 -0.027890 0.002256
v -0.009791 -0.027992 0.002671
v -0.006158 -0.030289 0.007823
v -0.005360 -0.030610 0.008287
v -0.008285 -0.029090 0.005711
v -0.007008 -0.029943 0.007415
v -0.001046 -0.031508 -0.009220
v -0.009773 -0.027934 -0.002944
v -0.009269 -0.027618 -0.002347
v -0.009092 -0.027659 -0.002935
v -0.009262 -0.027404 -0.002323
v -0.009461 -0.027479 -0.001547
v -0.009395 -0.027322 -0.001662
v -0.009503 -0.027261 -0.000952
v -0.009602 -0.027372 0.000030
v -0.009585 -0.027141 0.000220
v -0.009551 -0.027404 0.000978
v -0.009591 -0.027072 0.000765
v -0.009519 -0.027151 0.001346
v -0.009418 -0.027495 0.001759
v -0.009231 -0.027589 0.002486
v -0.009126 -0.027368 0.002892
v -0.008936 -0.027856 0.003375
v -0.007590 -0.028833 -0.005707
v -0.007223 -0.028681 -0.006017
v -0.007751 -0.027990 -0.005452
v -0.007977 -0.028552 -0.005184
v -0.008028 -0.028183 -0.005035
v -0.008322 -0.028343 -0.004674
v -0.008174 -0.028140 -0.004830
v -0.008460 -0.028009 -0.004390
v -0.008772 -0.028317 -0.004193
v -0.008678 -0.027971 -0.003960
v -0.008979 -0.028019 -0.003498
v -0.008910 -0.027720 -0.003437
v -0.009223 -0.027832 -0.002831
v -0.009390 -0.027732 -0.002241
v -0.009498 -0.027660 -0.001834
v -0.009715 -0.027635 -0.001490
v -0.009672 -0.027525 -0.000864
v -0.009705 -0.027502 -0.000340
v -0.009833 -0.027582 0.000255
v -0.009707 -0.027610 0.000883
v -0.009611 -0.027631 0.001228
v -0.009522 -0.027694 0.001685
v -0.009308 -0.027791 0.002358
v -0.009123 -0.027952 0.002967
v -0.008615 -0.027895 0.004060
v -0.008570 -0.028172 0.004076
v -0.008380 -0.028069 0.004437
v -0.008186 -0.028327 0.004726
v -0.007427 -0.028975 0.005763
v -0.007893 -0.028746 0.005272
v -0.007337 -0.028550 0.005787
v -0.007075 -0.029033 0.006084
v -0.001590 -0.030828 -0.008844
v -0.001046 -0.031212 -0.008953
v -0.004511 -0.030233 -0.008043
v -0.004243 -0.030580 -0.008262
v -0.003685 -0.029723 -0.008354
v -0.005089 -0.029968 -0.007714
v -0.004512 -0.029093 -0.008007
v -0.005144 -0.029599 -0.007610
v -0.005606 -0.029607 -0.007337
v -0.005958 -0.029254 -0.007081
v -0.006340 -0.029637 -0.006975
v -0.006755 -0.029068 -0.006507
v -0.006963 -0.029587 -0.006767
v -0.007431 -0.029307 -0.006316
v -0.007528 -0.029243 0.005998
v -0.007082 -0.029432 0.006387
v -0.006772 -0.028953 0.006397
v -0.006342 -0.029546 0.006837
v -0.005979 -0.029780 0.007157
v -0.005906 -0.029112 0.007104
v -0.005297 -0.029834 0.007538
v -0.001851 -0.031222 -0.008993
v -0.002453 -0.030888 -0.008775
v -0.002275 -0.030158 -0.008710
v -0.002892 -0.030218 -0.008585
v -0.003415 -0.030789 -0.008601
v -0.005271 -0.030341 -0.007834
v -0.004864 -0.030533 -0.008073
v -0.005842 -0.030018 -0.007414
v -0.008294 -0.028685 -0.005046
v -0.009126 -0.028146 -0.003542
v -0.009375 -0.027957 -0.002937
v -0.009589 -0.027794 -0.002241
v -0.010008 -0.027578 -0.000643
v -0.009778 -0.027783 0.001633
v -0.009537 -0.027939 0.002359
v -0.009312 -0.028042 0.002836
v -0.008989 -0.028235 0.003615
v -0.008556 -0.028545 0.004510
v -0.005590 -0.030154 0.007578
v -0.004996 -0.030337 0.007875
v -0.004683 -0.030086 0.007883
v -0.004257 -0.030584 0.008212
v -0.004189 -0.030261 0.008097
v -0.003492 -0.030543 0.008387
v -0.002843 -0.030828 0.008658
v -0.003013 -0.030311 0.008492
v -0.002142 -0.031022 0.008886
v -0.002212 -0.030372 0.008689
v -0.001500 -0.030710 0.008827
v -0.001184 -0.031193 0.009030
v -0.001355 -0.031321 -0.009055
v -0.004565 -0.030718 -0.008284
v -0.005763 -0.030252 -0.007609
v -0.006492 -0.029902 -0.007158
v -0.008830 -0.028525 -0.004588
v -0.009094 -0.028336 -0.004082
v -0.009227 -0.028205 -0.003669
v -0.009426 -0.028078 -0.003253
v -0.009811 -0.027822 -0.002435
v -0.009998 -0.027696 -0.001904
v -0.010145 -0.027595 -0.001303
v -0.010161 -0.027581 0.000235
v -0.009498 -0.028168 0.003268
v -0.009107 -0.028399 0.003990
v -0.008365 -0.028881 0.005230
v -0.007941 -0.029120 0.005713
v -0.006616 -0.029771 0.006892
v -0.006253 -0.029962 0.007215
v -0.004624 -0.030697 0.008296
v -0.003705 -0.030892 0.008535
v -0.003233 -0.030979 0.008682
v -0.002761 -0.031149 0.008973
v -0.001692 -0.031149 0.008989
v -0.001384 -0.031195 0.009033
v -0.003633 -0.029820 0.008297
v -0.004172 -0.029777 0.008087
v -0.004767 -0.028831 0.007844
v -0.007644 -0.028110 0.005513
v -0.009394 -0.027010 0.002118
v -0.009280 -0.027108 0.002549
v -0.009618 -0.026771 0.000473
v -0.009558 -0.027065 -0.000309
v -0.009450 -0.026951 -0.001615
v -0.009250 -0.027115 -0.002627
v -0.009111 -0.027302 -0.003027
v -0.008710 -0.027555 -0.003928
v -0.006867 -0.028328 -0.006437
v -0.006180 -0.028552 -0.006983
v -0.005338 -0.028685 -0.007552
v -0.001633 -0.029452 -0.008829
v -0.007299 -0.028126 -0.006041
v -0.000596 -0.029850 -0.008835
v -0.000881 -0.028316 -0.008924
v -0.002557 -0.029053 -0.008727
v -0.003616 -0.028271 -0.008513
v -0.006677 -0.027844 -0.006818
v -0.007869 -0.027762 0.005253
v -0.006627 -0.027928 0.006757
v -0.005420 -0.028374 0.007531
v -0.005815 -0.027691 0.007459
v -0.003617 -0.028726 0.008399
v -0.002804 -0.029528 0.008554
v -0.002414 -0.028584 0.008731
v -0.001825 -0.029253 0.008765
v -0.000607 -0.028394 0.008939
v -0.009206 -0.027131 0.002972
v -0.009857 -0.026508 0.001087
v -0.009710 -0.026647 -0.000643
v -0.009539 -0.026885 -0.000758
v -0.008898 -0.027344 -0.003834
v -0.008601 -0.027516 -0.004388
v -0.008294 -0.027640 -0.004941
v -0.000043 -0.027727 -0.009134
v 0.000647 -0.028793 -0.008894
v -0.001621 -0.027763 -0.009182
v -0.002834 -0.027843 -0.008828
v -0.004383 -0.027801 -0.008334
v -0.004917 -0.028003 -0.007892
v -0.005405 -0.027734 -0.007878
v -0.006022 -0.027863 -0.007306
v -0.007194 -0.027639 -0.006539
v -0.007716 -0.027595 -0.005964
v -0.007654 -0.027602 0.005593
v -0.006719 -0.027511 0.007126
v -0.006226 -0.027553 0.007300
v -0.005230 -0.027635 0.007813
v -0.004760 -0.027784 0.007948
v -0.004546 -0.027705 0.008385
v -0.003614 -0.027740 0.008518
v -0.002909 -0.027685 0.008927
v -0.002445 -0.027728 0.008792
v -0.001871 -0.027837 0.008890
v -0.008928 -0.027252 -0.004994
v -0.009572 -0.026761 -0.003046
v -0.008924 -0.027184 -0.005887
v -0.008997 -0.027195 -0.006726
v -0.009438 -0.026889 -0.005622
v -0.008467 -0.027444 -0.005735
v -0.008252 -0.027444 -0.006821
v -0.008641 -0.027378 -0.007393
v -0.008113 -0.027612 -0.005454
v -0.008163 -0.027467 -0.007735
v -0.008190 -0.027551 -0.008224
v -0.008685 -0.027460 -0.007957
v -0.009138 -0.027323 -0.007560
v -0.009448 -0.027042 -0.007017
v -0.006998 -0.027586 -0.007828
v -0.010178 -0.026201 -0.004711
v -0.010133 -0.026261 0.004725
v -0.009825 -0.026540 0.005261
v -0.009572 -0.026779 0.003200
v -0.010501 -0.025916 0.003185
v -0.010658 -0.025740 -0.001119
v -0.010506 -0.025907 -0.003277
v -0.010640 -0.025772 0.001033
v -0.010970 -0.025494 -0.000091
v -0.010987 -0.025470 0.001664
v -0.010872 -0.025549 0.002157
v -0.011067 -0.025488 0.001066
v -0.009658 -0.026783 0.006421
v -0.009611 -0.026812 -0.006642
v -0.009778 -0.026648 -0.006296
v -0.010032 -0.026443 -0.005761
v -0.010492 -0.025914 -0.004318
v -0.010649 -0.025846 -0.003865
v -0.010866 -0.025595 0.002701
v -0.010660 -0.025824 0.003900
v -0.010554 -0.025894 0.004282
v -0.010421 -0.026011 0.004656
v -0.011071 -0.025487 0.000497
v -0.010843 -0.025661 -0.002253
v -0.010982 -0.025491 -0.000662
v -0.011254 -0.025605 -0.000502
v -0.010986 -0.025513 -0.000927
v -0.011091 -0.025658 -0.001572
v -0.011228 -0.025645 0.001806
v -0.010118 -0.026934 -0.006476
v -0.009883 -0.026816 -0.006485
v -0.009933 -0.027114 -0.006864
v -0.010277 -0.026757 -0.006062
v -0.010453 -0.026563 -0.005571
v -0.010756 -0.026392 -0.005146
v -0.010463 -0.026321 -0.005123
v -0.010820 -0.026151 -0.004377
v -0.010620 -0.026041 -0.004464
v -0.011189 -0.026035 -0.003745
v -0.011031 -0.025955 -0.003271
v -0.011268 -0.025993 -0.003195
v -0.011239 -0.025807 -0.002206
v -0.011396 -0.025887 -0.002486
v -0.010395 -0.026975 -0.006477
v -0.010652 -0.026631 -0.005724
v -0.011312 -0.026113 -0.004476
v -0.011317 -0.026233 -0.005559
v -0.011643 -0.025895 -0.003309
v -0.011834 -0.025735 -0.003880
v -0.011678 -0.025873 -0.002843
v -0.011639 -0.025869 -0.002456
v -0.011866 -0.025696 -0.002033
v -0.010518 -0.027069 -0.007045
v -0.010732 -0.026817 -0.006367
v -0.010879 -0.026641 -0.005961
v -0.010054 -0.027294 -0.007172
v -0.010233 -0.027345 -0.007558
v -0.011439 -0.026119 -0.004953
v -0.011230 -0.026429 -0.006605
v -0.011982 -0.025660 -0.004980
v -0.012026 -0.025613 -0.002532
v -0.013336 -0.024396 -0.001907
v -0.009672 -0.027341 -0.007319
v -0.009747 -0.027606 -0.007748
v -0.011251 -0.026472 -0.008598
v -0.014128 -0.023612 -0.004346
v -0.012573 -0.025099 -0.003363
v -0.012046 -0.025546 -0.001610
v -0.011653 -0.025748 -0.001652
v -0.010431 -0.026050 -0.004731
v -0.013920 -0.023855 -0.008301
v -0.012132 -0.025444 -0.000975
v -0.012023 -0.025506 0.001166
v -0.011700 -0.025626 0.000368
v -0.012263 -0.025340 0.000442
v -0.011535 -0.025687 0.001305
v -0.011989 -0.025606 0.002114
v -0.011776 -0.025628 -0.000395
v -0.011623 -0.025690 -0.001051
v -0.011383 -0.025737 -0.001445
v -0.011373 -0.025643 0.000430
v -0.011020 -0.025500 0.001916
v -0.013193 -0.024510 -0.000089
v -0.013822 -0.023912 0.002378
v -0.010143 -0.026841 0.006376
v -0.011148 -0.025697 0.002360
v -0.011379 -0.025823 0.002675
v -0.011048 -0.025846 0.003079
v -0.011111 -0.026021 0.003712
v -0.010875 -0.025936 0.003743
v -0.010918 -0.026149 0.004374
v -0.010655 -0.026163 0.004755
v -0.010867 -0.026334 0.005024
v -0.010593 -0.026552 0.005719
v -0.010339 -0.026478 0.005518
v -0.009984 -0.026699 0.006111
v -0.010198 -0.027116 0.006898
v 0.001861 -0.028346 0.011432
v 0.002341 -0.028322 0.011311
v 0.001956 -0.028124 0.011035
v -0.011152 -0.026178 0.004407
v -0.010404 -0.026818 0.006340
v -0.011400 -0.026016 0.003752
v -0.011144 -0.026308 0.005021
v -0.011099 -0.026433 0.005742
v -0.010728 -0.026776 0.006444
v -0.011764 -0.025818 0.003223
v -0.011617 -0.025996 0.004808
v -0.010504 -0.027083 0.007139
v -0.010224 -0.027330 0.007367
v -0.012228 -0.025472 0.002633
v -0.012008 -0.025658 0.002834
v -0.012326 -0.025372 0.003841
v -0.010478 -0.027199 0.008142
v -0.010259 -0.027369 0.007663
v -0.014063 -0.023724 0.006717
v -0.011742 -0.025930 0.006092
v -0.011508 -0.026163 0.006927
v -0.010028 -0.027482 0.007543
v -0.009806 -0.027381 0.007342
v -0.010420 -0.026209 0.005037
v -0.008136 -0.028283 0.009217
v -0.008681 -0.028205 0.008923
v -0.008627 -0.028298 0.009550
v -0.009092 -0.028046 0.008586
v -0.009457 -0.027990 0.008781
v -0.009471 -0.027778 0.008067
v -0.009909 -0.027664 0.008084
v -0.009750 -0.027605 0.007720
v -0.008651 -0.028034 0.008632
v -0.009013 -0.027840 0.008254
v -0.007700 -0.028105 0.009098
v -0.008075 -0.027951 0.008774
v -0.008517 -0.027806 0.008429
v -0.009108 -0.027568 0.007866
v -0.009473 -0.027466 0.007572
v -0.009799 -0.027786 0.008830
v -0.009433 -0.027996 0.009756
v -0.007297 -0.028032 0.009213
v -0.007396 -0.027642 0.008766
v -0.007565 -0.028422 0.009840
v -0.007187 -0.028300 0.009605
v -0.008060 -0.028408 0.009756
v 0.026385 -0.019866 0.011714
v 0.026803 -0.019532 0.013069
v 0.026857 -0.019340 0.011469
v 0.018852 -0.027180 0.011386
v 0.019191 -0.027034 0.012612
v 0.019300 -0.026832 0.011671
v 0.026011 -0.019998 0.011231
v 0.025920 -0.020283 0.011581
v 0.020355 -0.025672 0.011553
v 0.019466 -0.026494 0.011352
v 0.019803 -0.026391 0.012427
v 0.025098 -0.021008 0.011627
v 0.024380 -0.021758 0.011557
v 0.024141 -0.021726 0.011190
v 0.023839 -0.022295 0.011599
v 0.023306 -0.022846 0.011745
v 0.023049 -0.022891 0.011310
v 0.022734 -0.023559 0.012409
v 0.021947 -0.023913 0.011251
v 0.021796 -0.024299 0.011765
v 0.021347 -0.024997 0.012861
v 0.021213 -0.024703 0.011433
v 0.002416 -0.028378 0.011463
v 0.002863 -0.028292 0.011262
v 0.018826 -0.026888 0.011036
v 0.019161 -0.026545 0.011034
v 0.025117 -0.020657 0.011078
v 0.023327 -0.022212 0.010922
v 0.022512 -0.023016 0.010856
v 0.019747 -0.025856 0.010974
v 0.025740 -0.019803 0.010872
v 0.026723 -0.019176 0.011031
v 0.024972 -0.020481 0.010846
v 0.024078 -0.021281 0.010833
v 0.021770 -0.023761 0.010829
v 0.020838 -0.024735 0.010934
v 0.018820 -0.026468 0.010800
v 0.024706 -0.020154 0.010660
v 0.023093 -0.022151 0.010697
v 0.021640 -0.023345 0.010432
v 0.019519 -0.025424 0.010539
v 0.020401 -0.025811 0.012821
v 0.023394 -0.022881 0.013018
v 0.024437 -0.021840 0.012787
v 0.024843 -0.021484 0.015307
v 0.025897 -0.020402 0.012718
v 0.026121 -0.018893 0.010680
v 0.026586 -0.018937 0.010849
v 0.023754 -0.021384 0.010683
v 0.021923 -0.024320 0.013070
v 0.018260 -0.027087 0.010821
v 0.018243 -0.027680 0.011300
v 0.018439 -0.027692 0.011977
v 0.018616 -0.027516 0.011655
v 0.017902 -0.027977 0.011458
v 0.017437 -0.028149 0.011300
v 0.017471 -0.028194 0.011720
v 0.016709 -0.028266 0.011287
v 0.016754 -0.028381 0.011925
v 0.015877 -0.028378 0.011548
v 0.018376 -0.027341 0.011040
v 0.017731 -0.027936 0.011147
v 0.017234 -0.028093 0.011104
v 0.017769 -0.027626 0.010916
v 0.016628 -0.028044 0.010986
v 0.017270 -0.027880 0.010929
v 0.016892 -0.027801 0.010833
v 0.017173 -0.027478 0.010679
v 0.016440 -0.027689 0.010753
v 0.015880 -0.028458 0.012530
v 0.017804 -0.028084 0.012443
v 0.017740 -0.027214 0.010683
v 0.015674 -0.027514 0.010705
v 0.015835 -0.027940 0.010900
v 0.015834 -0.028182 0.011138
v 0.014692 -0.028523 0.012530
v 0.016936 -0.028357 0.013004
v 0.014585 -0.028287 0.011352
v 0.013742 -0.028437 0.011950
v 0.013236 -0.028310 0.011434
v 0.011380 -0.028310 0.011452
v 0.010340 -0.028173 0.011139
v 0.010263 -0.028402 0.012010
v 0.009460 -0.028261 0.011264
v 0.006487 -0.028282 0.011346
v 0.005108 -0.028261 0.011265
v 0.005824 -0.028412 0.011987
v 0.004772 -0.028395 0.011866
v 0.003588 -0.028270 0.011267
v 0.003596 -0.028412 0.011820
v 0.000992 -0.028217 0.011228
v 0.014645 -0.027976 0.010938
v 0.013352 -0.028090 0.011069
v 0.012258 -0.028305 0.011411
v 0.012329 -0.028113 0.011090
v 0.011356 -0.028126 0.011097
v 0.009360 -0.028083 0.011005
v 0.008598 -0.028306 0.011524
v 0.008533 -0.028101 0.011044
v 0.007438 -0.028283 0.011362
v 0.007610 -0.028107 0.011052
v 0.006620 -0.028092 0.011007
v 0.005604 -0.028080 0.010973
v 0.004755 -0.028077 0.010952
v 0.003914 -0.028082 0.010951
v 0.002983 -0.028080 0.010972
v 0.015100 -0.027787 0.010763
v 0.014120 -0.027753 0.010738
v 0.013315 -0.027828 0.010831
v 0.012278 -0.027799 0.010834
v 0.011422 -0.027893 0.010888
v 0.010442 -0.027883 0.010867
v 0.009511 -0.027893 0.010869
v 0.008690 -0.027936 0.010828
v 0.007691 -0.027888 0.010841
v 0.006959 -0.027911 0.010824
v 0.005885 -0.027769 0.010761
v 0.004555 -0.027895 0.010785
v 0.002979 -0.027654 0.010722
v 0.001129 -0.027716 0.010806
v 0.001267 -0.028416 0.012411
v 0.002870 -0.028463 0.012690
v 0.005791 -0.028458 0.013680
v 0.007348 -0.028419 0.012557
v 0.009622 -0.028450 0.013553
v 0.012276 -0.028446 0.012918
v 0.009255 -0.027453 0.010701
v 0.007353 -0.027510 0.010608
v 0.012725 -0.027696 0.010763
v 0.001639 -0.027487 0.010607
v 0.000117 -0.028239 0.011303
v 0.000352 -0.028367 0.011616
v -0.000920 -0.028171 0.011166
v -0.000374 -0.028389 0.011944
v -0.001603 -0.028321 0.011549
v -0.006387 -0.028362 0.010047
v -0.006987 -0.028418 0.009991
v -0.005030 -0.028330 0.010519
v -0.004268 -0.028262 0.010595
v -0.004732 -0.028108 0.010264
v -0.005760 -0.028343 0.010270
v -0.005505 -0.028180 0.010103
v -0.006199 -0.028221 0.009882
v -0.006782 -0.028271 0.009704
v -0.001982 -0.028111 0.010970
v -0.002673 -0.028321 0.011362
v -0.006768 -0.028115 0.009531
v 0.000082 -0.027946 0.010961
v -0.002964 -0.028050 0.010682
v -0.003521 -0.028306 0.010957
v -0.003954 -0.028043 0.010406
v -0.005316 -0.027971 0.009964
v -0.006022 -0.027869 0.009627
v -0.001646 -0.027840 0.010745
v -0.002438 -0.027870 0.010567
v -0.003162 -0.027596 0.010175
v -0.004478 -0.027665 0.010016
v -0.000107 -0.027521 0.010655
v -0.000886 -0.027787 0.010770
v 0.000715 -0.027454 0.010662
v -0.006317 -0.028455 0.010975
v -0.004419 -0.028412 0.011097
v -0.003444 -0.028440 0.012071
v -0.002225 -0.028459 0.014032
v -0.001125 -0.027487 0.010554
v -0.001757 -0.027600 0.010524
v -0.005227 -0.027552 0.009733
v -0.006697 -0.027656 0.009209
v 0.000693 -0.027448 0.010259
v -0.002265 -0.027516 0.010354
v -0.004824 -0.027511 0.009830
v -0.006162 -0.027550 0.009026
v -0.005723 -0.027530 0.009493
v 0.012543 -0.027514 0.010408
v 0.014932 -0.027542 0.010246
v 0.012877 -0.027574 0.009326
v 0.009620 -0.027549 0.009552
v 0.003522 -0.027717 0.009298
v 0.000985 -0.027595 0.009292
v -0.001205 -0.027562 0.009685
v -0.004636 -0.027530 0.009280
v -0.006455 -0.027529 0.008165
v -0.000259 -0.027763 0.009090
v 0.005124 -0.027581 0.010574
v 0.006321 -0.027677 0.009585
v 0.010942 -0.027556 0.010697
v 0.016406 -0.027626 0.009085
v 0.014824 -0.027706 0.008986
v 0.012710 -0.027836 0.008924
v 0.011063 -0.027700 0.009010
v 0.010089 -0.027779 0.008998
v 0.008523 -0.027868 0.009024
v 0.016527 -0.027510 0.010237
v 0.016691 -0.027464 0.009670
v 0.016953 -0.027483 0.009088
v 0.017686 -0.027090 0.010098
v 0.018071 -0.026872 0.010580
v 0.018494 -0.026550 0.009341
v 0.017334 -0.027321 0.009158
v 0.001891 -0.028379 0.008986
v 0.027627 -0.011707 0.009158
v 0.027542 -0.015291 0.009137
v 0.025421 -0.020377 0.008913
v 0.023858 -0.021784 0.009089
v 0.019964 -0.025336 0.009195
v 0.026949 -0.017952 0.009137
v 0.027232 -0.017476 0.009052
v 0.027195 -0.017035 0.009787
v 0.025924 -0.019288 0.009742
v 0.027221 -0.016501 0.010692
v 0.027185 -0.017266 0.010680
v 0.026860 -0.018197 0.010727
v 0.026653 -0.018257 0.010154
v 0.027162 -0.017669 0.010726
v 0.023645 -0.021407 0.010353
v 0.026869 -0.018478 0.010822
v 0.027511 -0.016943 0.010860
v 0.027611 -0.009907 0.010786
v 0.027400 -0.010409 0.010504
v 0.027647 -0.010756 0.010890
v 0.027455 -0.012132 0.010559
v 0.027691 -0.011692 0.010929
v 0.027460 -0.013682 0.010547
v 0.027735 -0.012354 0.011034
v 0.027705 -0.014940 0.010898
v 0.027317 -0.015572 0.010561
v 0.027551 -0.015807 0.010784
v 0.027683 0.001569 0.022817
v 0.027545 0.002049 0.022686
v 0.027702 0.001557 0.022612
v 0.027579 0.001590 0.022377
v 0.027873 0.001431 0.022415
v 0.027604 0.001631 0.022993
v 0.027566 0.001516 0.024174
v 0.027731 0.001408 0.024664
v 0.027519 0.001948 0.024357
v 0.027557 0.001471 0.024893
v 0.027628 0.001296 0.025650
v 0.027501 0.001926 0.025214
v 0.027575 0.001129 0.026572
v 0.027810 0.000800 0.026988
v 0.027514 0.001434 0.026937
v 0.027818 0.000535 0.027559
v 0.027532 0.000799 0.027288
v 0.027709 0.000326 0.028076
v 0.027519 0.000576 0.027785
v 0.027634 0.000054 0.028579
v 0.027496 0.000720 0.028597
v 0.027643 -0.000250 0.029017
v 0.027466 -0.000046 0.028873
v 0.027746 -0.000545 0.029427
v 0.027471 -0.000141 0.029416
v 0.027842 -0.001006 0.029934
v 0.027490 -0.000655 0.029723
v 0.027569 -0.001123 0.030319
v 0.027501 -0.001001 0.030176
v 0.027696 -0.001475 0.030670
v 0.027461 -0.001315 0.030628
v 0.027843 -0.002214 0.031286
v 0.027472 -0.001582 0.031342
v 0.027597 -0.002427 0.031739
v 0.027455 -0.002228 0.031596
v 0.027734 -0.002787 0.031930
v 0.027440 -0.002508 0.032429
v 0.027532 -0.003169 0.032322
v 0.027444 -0.002945 0.032207
v 0.027633 -0.004097 0.032905
v 0.027404 -0.003412 0.032712
v 0.027485 -0.004851 0.033383
v 0.027377 -0.004484 0.033351
v 0.027455 -0.005673 0.033729
v 0.027535 -0.006216 0.033936
v 0.027391 -0.005377 0.034150
v 0.027719 -0.007105 0.034038
v 0.027359 -0.006637 0.034215
v 0.027503 -0.007499 0.034287
v 0.027373 -0.007228 0.034271
v 0.027436 -0.007993 0.034379
v 0.027338 -0.007824 0.034502
v 0.027408 -0.008564 0.034511
v 0.027483 -0.009006 0.034618
v 0.027323 -0.008459 0.034979
v 0.027605 -0.009627 0.034536
v 0.027314 -0.009577 0.035093
v 0.027325 -0.009828 0.034724
v 0.027288 -0.009029 0.034764
v 0.027342 -0.007260 0.034818
v 0.027367 -0.006993 0.034243
v 0.027346 -0.006189 0.034137
v 0.027357 -0.005957 0.033999
v 0.027371 -0.004756 0.033566
v 0.027370 -0.004155 0.033275
v 0.027372 -0.003961 0.033121
v 0.027377 -0.003819 0.033020
v 0.027384 -0.003666 0.032910
v 0.027444 -0.002789 0.032115
v 0.027429 -0.002417 0.031833
v 0.027479 -0.002038 0.031341
v 0.027492 -0.001915 0.031216
v 0.027460 -0.001488 0.030817
v 0.027476 -0.000766 0.030320
v 0.027478 -0.000506 0.029508
v 0.027461 -0.000219 0.029080
v 0.027467 0.000126 0.028652
v 0.027473 0.000225 0.028519
v 0.027499 0.000555 0.028015
v 0.027508 0.001097 0.027682
v 0.027515 0.000969 0.027097
v 0.027469 0.001352 0.025878
v 0.027516 0.001203 0.026201
v 0.027464 0.001467 0.025660
v 0.027511 0.001510 0.024639
v 0.027491 0.001382 0.018587
v 0.027481 0.000964 0.017603
v 0.027499 0.001632 0.020905
v 0.027508 0.001661 0.019903
v 0.027464 -0.001011 0.014723
v 0.027506 -0.001860 0.013117
v 0.027496 0.000557 0.016748
v 0.027401 -0.005401 0.011444
v 0.027349 -0.007767 0.010782
v 0.027367 -0.008392 0.010617
v 0.027405 -0.009156 0.010400
v 0.027420 -0.009563 0.010506
v 0.027292 -0.014004 0.034914
v 0.027358 -0.012205 0.034874
v 0.027612 0.001613 0.023447
v 0.027521 -0.005444 0.033575
v 0.027333 -0.010263 0.034737
v 0.027161 -0.015578 0.034868
v 0.027419 -0.008801 0.010623
v 0.027343 -0.008083 0.010714
v 0.027328 -0.007419 0.010997
v 0.027328 -0.007083 0.011009
v 0.027368 -0.006779 0.011012
v 0.027369 -0.006508 0.011125
v 0.027365 -0.006244 0.011273
v 0.027362 -0.006013 0.011486
v 0.027478 -0.005871 0.011659
v 0.027339 -0.005369 0.011809
v 0.027368 -0.005182 0.011880
v 0.027449 -0.004841 0.011907
v 0.027429 -0.004504 0.012008
v 0.027448 -0.004279 0.012098
v 0.027518 -0.003914 0.012287
v 0.027568 -0.003384 0.012693
v 0.027544 -0.003111 0.012835
v 0.027513 -0.002767 0.013151
v 0.027490 -0.002468 0.013451
v 0.027533 -0.002329 0.013626
v 0.027518 -0.002134 0.013848
v 0.027429 -0.001936 0.013942
v 0.027437 -0.001692 0.014063
v 0.027435 -0.001492 0.014274
v 0.027441 -0.001341 0.014448
v 0.027462 -0.001147 0.014937
v 0.027477 -0.000878 0.015171
v 0.027507 -0.000690 0.015460
v 0.027503 -0.000502 0.015663
v 0.027485 -0.000382 0.015854
v 0.027457 -0.000255 0.015969
v 0.027449 -0.000153 0.016111
v 0.027451 -0.000009 0.016338
v 0.027483 0.000065 0.016541
v 0.027533 0.000109 0.016786
v 0.027491 0.000462 0.017438
v 0.027532 0.000672 0.018098
v 0.027459 0.000891 0.018363
v 0.027453 0.000992 0.018594
v 0.027515 0.001137 0.019138
v 0.027578 0.001187 0.019612
v 0.027511 0.001300 0.019885
v 0.027475 0.001404 0.020475
v 0.027498 0.001372 0.020782
v 0.027551 0.001413 0.021068
v 0.027569 0.001598 0.021494
v 0.027553 0.001704 0.022043
v 0.027830 0.001461 0.021910
v 0.027578 0.001335 0.020368
v 0.027749 0.001262 0.020090
v 0.027666 0.000915 0.018653
v 0.027652 0.000257 0.017131
v 0.027678 -0.000148 0.016351
v 0.027832 -0.000480 0.016057
v 0.027790 -0.001088 0.015215
v 0.027680 -0.001609 0.014430
v 0.027749 -0.004477 0.012261
v 0.027445 -0.005450 0.011827
v 0.027536 -0.006721 0.011297
v 0.027601 -0.008085 0.010919
v 0.027665 -0.007485 0.011223
v 0.028363 -0.000124 0.021796
v 0.028251 0.000808 0.020990
v 0.028346 0.000464 0.020743
v 0.028183 0.000757 0.019628
v 0.028357 0.000454 0.020132
v 0.028356 0.000370 0.019663
v 0.028332 0.000273 0.019021
v 0.028138 0.000326 0.018137
v 0.028336 0.000055 0.018247
v 0.028302 -0.000107 0.017800
v 0.028321 -0.000641 0.017440
v 0.028148 -0.000420 0.016909
v 0.028322 -0.001784 0.016559
v -0.028203 0.012208 0.010165
v 0.028097 -0.002197 0.014595
v 0.028272 -0.002854 0.014955
v 0.028219 -0.001996 0.015482
v 0.028134 -0.002668 0.014231
v 0.028253 -0.003177 0.014490
v 0.028201 -0.003391 0.013966
v 0.028165 -0.003778 0.013403
v 0.028244 -0.004136 0.013742
v 0.028247 -0.006397 0.012423
v 0.028071 -0.006789 0.011912
v 0.028275 -0.007739 0.013389
v 0.028155 -0.007768 0.011806
v 0.028273 -0.008176 0.012238
v 0.028264 0.000876 0.021903
v 0.028107 0.001127 0.021320
v 0.027969 0.001090 0.020199
v 0.028092 -0.001244 0.015725
v 0.028061 -0.003619 0.013234
v 0.027894 -0.003168 0.013253
v 0.028218 -0.004982 0.013141
v 0.028027 -0.004401 0.012788
v 0.028188 -0.005780 0.012490
v 0.027912 -0.005815 0.012094
v 0.028148 -0.008611 0.011638
v 0.028146 -0.009556 0.011678
v 0.027903 -0.009656 0.011188
v 0.028132 0.001186 0.022244
v 0.027851 0.001269 0.020783
v 0.027867 0.000076 0.017106
v 0.027976 -0.001685 0.014887
v 0.027860 -0.001980 0.014335
v 0.027844 -0.002496 0.013755
v 0.027810 -0.006947 0.011529
v 0.027945 -0.007996 0.011397
v 0.027896 -0.008911 0.011233
v 0.027807 -0.003814 0.012696
v 0.027744 -0.005281 0.012050
v 0.027845 0.001365 0.021315
v 0.027885 0.000943 0.019221
v 0.027904 0.000702 0.018598
v 0.027879 0.000468 0.017971
v 0.027703 -0.008990 0.010943
v 0.027740 0.000355 0.017516
v 0.027584 -0.005118 0.011985
v 0.027876 -0.010388 0.011214
v 0.028058 -0.010173 0.011526
v 0.028204 -0.009873 0.012397
v 0.028290 -0.005747 0.013326
v 0.028306 -0.005832 0.016370
v 0.028367 -0.002544 0.018405
v 0.028375 -0.000886 0.018419
v 0.028392 -0.001104 0.020183
v 0.028141 0.001203 0.022547
v 0.028221 -0.009096 0.012286
v 0.028311 0.000767 0.022627
v 0.028345 0.000727 0.023212
v 0.028220 0.001088 0.022927
v 0.027951 0.001398 0.022763
v 0.028034 0.001337 0.023234
v 0.027821 0.001496 0.023016
v 0.028220 0.001076 0.023603
v 0.028378 -0.000944 0.023827
v 0.028268 -0.009228 0.032799
v 0.028183 -0.009293 0.033780
v 0.028184 -0.008705 0.033669
v 0.028156 -0.009777 0.033818
v 0.028065 -0.007663 0.033681
v 0.028230 -0.007856 0.032900
v 0.028179 -0.006763 0.033128
v 0.028255 -0.005659 0.032303
v 0.028073 -0.004430 0.032409
v 0.028297 -0.004967 0.031313
v 0.028205 -0.003701 0.031747
v 0.028330 -0.004317 0.031046
v 0.028157 -0.002826 0.031316
v 0.028300 -0.003338 0.030777
v 0.028182 -0.002414 0.030870
v 0.028289 -0.002630 0.030445
v 0.028184 -0.001758 0.030130
v 0.028331 -0.002228 0.029536
v 0.028161 -0.001105 0.029317
v 0.028329 -0.001432 0.028735
v 0.028311 -0.000738 0.027872
v 0.028283 0.000024 0.027201
v 0.028383 -0.000741 0.026256
v 0.028349 0.000127 0.026677
v 0.028229 0.000477 0.026497
v 0.028332 0.000330 0.026168
v 0.028148 0.000747 0.025902
v 0.028304 0.000527 0.025354
v 0.028223 0.000884 0.024437
v 0.028334 0.000723 0.023949
v 0.028015 -0.009208 0.034056
v 0.028034 -0.006476 0.033444
v 0.028216 -0.006216 0.032754
v 0.027964 -0.005411 0.033096
v 0.027995 -0.002917 0.031662
v 0.028168 -0.000626 0.028622
v 0.028001 -0.000017 0.028101
v 0.028147 0.000150 0.027483
v 0.028054 0.000522 0.026968
v 0.028350 0.000727 0.023556
v 0.027810 -0.008503 0.034230
v 0.027849 -0.007822 0.034016
v 0.027844 -0.006657 0.033749
v 0.027826 -0.005852 0.033521
v 0.027926 -0.003670 0.032273
v 0.028060 -0.002696 0.031430
v 0.027987 -0.001721 0.030567
v 0.027899 0.000903 0.026274
v 0.028105 0.000939 0.025103
v 0.027730 -0.007978 0.034173
v 0.027965 -0.000454 0.028937
v 0.027902 0.001109 0.025375
v 0.027815 -0.010214 0.034331
v 0.027973 0.001260 0.024336
v 0.028022 0.001286 0.023799
v 0.027800 -0.000013 0.028415
v 0.028350 -0.003439 0.026630
v 0.028334 -0.004856 0.029551
v 0.028275 -0.007285 0.031428
v 0.028224 -0.010870 0.031351
v 0.028215 -0.010891 0.033424
v 0.028049 -0.010345 0.034014
v 0.027563 -0.010240 0.034546
v 0.019961 -0.026189 0.033700
v 0.019198 -0.026967 0.033397
v 0.019210 -0.026782 0.034002
v 0.026822 -0.019438 0.033879
v 0.026536 -0.019840 0.032617
v 0.026412 -0.019860 0.033836
v 0.019809 -0.026419 0.032734
v 0.020757 -0.025530 0.032880
v 0.025281 -0.020866 0.033866
v 0.025890 -0.020288 0.034010
v 0.025905 -0.020416 0.033085
v 0.026163 -0.019966 0.034165
v 0.026697 -0.019472 0.034125
v 0.020710 -0.025219 0.034120
v 0.021293 -0.024802 0.033797
v 0.021875 -0.024240 0.033811
v 0.021643 -0.024236 0.034211
v 0.022375 -0.023776 0.033706
v 0.022532 -0.023404 0.034132
v 0.022967 -0.023400 0.032870
v 0.023554 -0.022400 0.034124
v 0.023847 -0.022307 0.033762
v 0.024700 -0.021614 0.033210
v 0.024398 -0.021632 0.034078
v 0.025488 -0.020379 0.034330
v 0.026396 -0.019473 0.034373
v 0.019614 -0.026176 0.034312
v 0.018756 -0.027000 0.034316
v 0.024818 -0.021089 0.034248
v 0.020289 -0.025224 0.034633
v 0.021261 -0.024372 0.034518
v 0.022180 -0.023378 0.034534
v 0.023256 -0.022297 0.034521
v 0.024361 -0.021278 0.034431
v 0.025920 -0.019600 0.034521
v 0.019110 -0.026160 0.034668
v 0.022470 -0.022819 0.034703
v 0.023868 -0.021451 0.034608
v 0.024390 -0.020961 0.034616
v 0.025042 -0.020498 0.034530
v 0.026370 -0.019031 0.034581
v 0.025034 -0.021313 0.031513
v 0.022405 -0.023854 0.032568
v 0.021516 -0.024737 0.032537
v 0.023821 -0.022474 0.032390
v 0.027593 -0.017548 0.034442
v 0.027566 -0.016971 0.034462
v 0.027796 -0.017308 0.034301
v 0.027221 -0.017906 0.034576
v 0.026983 -0.018767 0.034394
v 0.027649 -0.017912 0.034326
v 0.027366 -0.018524 0.034224
v 0.027873 -0.017670 0.034131
v 0.027965 -0.017150 0.033965
v 0.027042 -0.019053 0.034143
v 0.027950 -0.017547 0.033944
v 0.027764 -0.018071 0.034103
v 0.027605 -0.018394 0.034017
v 0.028007 -0.017394 0.033397
v 0.028115 -0.016021 0.032897
v 0.027877 -0.017962 0.033453
v 0.027323 -0.018929 0.033437
v 0.027909 -0.016537 0.034051
v 0.027606 -0.018568 0.033280
v 0.028011 -0.015359 0.033709
v 0.028022 -0.012293 0.033863
v 0.028174 -0.011677 0.033219
v 0.027649 -0.015893 0.034429
v 0.028069 -0.014276 0.033599
v 0.027825 -0.014457 0.034185
v 0.027868 -0.013224 0.034132
v 0.028054 -0.013139 0.033758
v 0.027951 -0.011230 0.034128
v 0.027585 -0.014465 0.034587
v 0.027613 -0.013283 0.034496
v 0.027760 -0.012049 0.034376
v 0.027569 -0.010975 0.034543
v 0.027380 -0.013490 0.034720
v 0.028159 -0.013239 0.032490
v 0.028110 -0.014572 0.032619
v 0.028144 -0.014230 0.030826
v 0.028239 -0.010692 0.027569
v 0.028320 -0.005529 0.022589
v 0.028218 -0.012799 0.024440
v 0.028245 -0.011915 0.021447
v 0.028223 -0.012574 0.017349
v 0.028214 -0.010763 0.013800
v 0.028154 -0.014565 0.015392
v 0.028130 -0.014070 0.012932
v 0.028120 -0.012683 0.012724
v 0.028129 -0.015613 0.012947
v 0.028101 -0.016127 0.029735
v 0.028102 -0.016247 0.031396
v 0.028079 -0.013296 0.011872
v 0.028053 -0.014758 0.011716
v 0.028056 -0.015594 0.011695
v 0.028132 -0.015538 0.026554
v 0.028131 -0.016117 0.019585
v 0.028131 -0.016523 0.013964
v 0.027978 -0.016409 0.011463
v 0.027978 -0.011110 0.011499
v 0.028020 -0.012164 0.011735
v 0.027934 -0.015459 0.011317
v 0.027977 -0.012819 0.011501
v 0.027739 -0.013550 0.011036
v 0.028008 -0.013819 0.011535
v 0.027917 -0.014309 0.011268
v 0.027719 -0.016115 0.011006
v 0.028068 -0.016925 0.011980
v 0.027912 -0.017147 0.011316
v 0.027862 -0.017711 0.011427
v 0.027561 -0.018214 0.011168
v 0.027788 -0.018146 0.011747
v 0.027549 -0.018508 0.011405
v 0.027213 -0.018915 0.011262
v 0.027339 -0.018900 0.011826
v 0.027680 -0.017535 0.011067
v 0.027300 -0.018669 0.011112
v 0.027798 -0.016939 0.011140
v 0.027286 -0.018080 0.010895
v 0.027106 -0.018576 0.010946
v 0.027528 -0.018665 0.012457
v 0.027882 -0.017997 0.013236
v 0.027992 -0.017600 0.012108
v 0.026600 -0.019880 0.029698
v 0.027420 -0.018892 0.031927
v 0.027544 -0.018768 0.029743
v 0.027433 -0.018939 0.027736
v 0.026962 -0.019537 0.027639
v 0.027299 -0.019077 0.025784
v 0.025261 -0.021222 0.026245
v 0.027163 -0.019218 0.023878
v 0.026446 -0.020006 0.022468
v 0.027369 -0.018918 0.021837
v 0.027316 -0.018948 0.019711
v 0.025729 -0.020707 0.018898
v 0.027374 -0.018891 0.017415
v 0.026879 -0.019492 0.015972
v 0.027440 -0.018842 0.015620
v 0.027451 -0.018802 0.013966
v 0.027733 -0.018388 0.031467
v 0.027783 -0.018249 0.032501
v 0.027884 -0.017940 0.029752
v 0.027838 -0.018029 0.027784
v 0.027806 -0.018065 0.025710
v 0.027766 -0.018107 0.023006
v 0.027895 -0.017688 0.019979
v 0.027833 -0.017964 0.017689
v 0.027812 -0.018138 0.015529
v 0.027991 -0.017437 0.031913
v 0.028026 -0.017481 0.013929
v 0.028015 -0.017274 0.029827
v 0.028037 -0.016770 0.028018
v 0.028034 -0.016878 0.025880
v 0.028044 -0.016715 0.023662
v 0.028053 -0.016789 0.021612
v 0.028073 -0.016708 0.017596
v 0.028052 -0.017194 0.015585
v 0.028060 -0.017271 0.012864
v 0.022299 -0.023991 0.029756
v 0.022289 -0.023996 0.015885
v 0.019861 -0.026479 0.018368
v 0.022490 -0.023878 0.023024
v 0.019840 -0.026451 0.014984
v 0.019535 -0.026685 0.030971
v 0.019886 -0.026399 0.027180
v 0.019633 -0.026695 0.021435
v 0.019341 -0.026947 0.023992
v 0.018582 -0.027574 0.033441
v 0.018515 -0.027620 0.032289
v 0.018492 -0.027677 0.013531
v 0.018558 -0.027642 0.015440
v 0.018383 -0.027736 0.017567
v 0.018426 -0.027743 0.019817
v 0.018870 -0.027427 0.020164
v 0.018306 -0.027834 0.021828
v 0.018438 -0.027720 0.023728
v 0.018386 -0.027714 0.025871
v 0.018398 -0.027645 0.028310
v 0.018186 -0.027803 0.030426
v 0.017976 -0.028009 0.033186
v 0.018306 -0.027792 0.033533
v 0.017732 -0.028114 0.013768
v 0.017899 -0.028040 0.015558
v 0.017652 -0.028138 0.032236
v 0.017302 -0.028228 0.017586
v 0.017378 -0.028219 0.020716
v 0.017429 -0.028228 0.024603
v 0.017476 -0.028188 0.027560
v 0.016687 -0.028372 0.030256
v 0.017452 -0.028251 0.033438
v 0.016907 -0.028342 0.014964
v 0.017131 -0.028332 0.032604
v 0.016215 -0.028404 0.017151
v 0.016136 -0.028411 0.019447
v 0.016277 -0.028427 0.021507
v 0.016344 -0.028434 0.023463
v 0.016453 -0.028447 0.025416
v 0.016504 -0.028421 0.027319
v 0.017081 -0.028363 0.033443
v 0.016398 -0.028431 0.031877
v 0.016664 -0.028417 0.033215
v 0.015772 -0.028465 0.032852
v 0.014641 -0.028466 0.014697
v 0.012582 -0.028470 0.017052
v 0.013670 -0.028502 0.021828
v 0.013816 -0.028520 0.025500
v 0.014174 -0.028492 0.028101
v 0.014067 -0.028465 0.031135
v 0.018086 -0.027296 0.034543
v 0.017652 -0.027728 0.034447
v 0.017066 -0.027897 0.034467
v 0.016581 -0.027933 0.034492
v 0.018203 -0.027587 0.034264
v 0.017675 -0.027978 0.034189
v 0.017060 -0.028135 0.034219
v 0.016346 -0.028195 0.034235
v 0.017978 -0.027920 0.033996
v 0.018438 -0.027574 0.033960
v 0.017645 -0.028117 0.033949
v 0.017132 -0.028264 0.033950
v 0.016306 -0.028340 0.033921
v 0.015949 -0.027973 0.034455
v 0.015859 -0.027771 0.034649
v 0.011844 -0.028269 0.034127
v 0.012059 -0.028438 0.033266
v 0.011466 -0.028395 0.033839
v 0.012550 -0.028343 0.033974
v 0.013072 -0.028200 0.034227
v 0.013229 -0.028364 0.033831
v 0.014063 -0.028422 0.033439
v 0.014378 -0.028277 0.034032
v 0.015056 -0.028416 0.033401
v 0.015576 -0.028247 0.034118
v 0.015058 -0.028040 0.034389
v 0.011769 -0.028147 0.034304
v 0.012106 -0.027974 0.034449
v 0.011358 -0.028096 0.034324
v 0.013209 -0.027945 0.034562
v 0.014333 -0.027944 0.034525
v 0.015341 -0.027822 0.034609
v 0.012962 -0.028451 0.032642
v 0.010928 -0.028409 0.033289
v 0.011231 -0.028335 0.033998
v 0.011593 -0.027789 0.034570
v 0.014801 -0.027645 0.034737
v 0.011084 -0.027737 0.034608
v 0.010039 -0.027684 0.033978
v 0.010164 -0.027709 0.034124
v 0.010468 -0.027665 0.034354
v 0.010761 -0.027643 0.034540
v 0.010745 -0.028322 0.033893
v 0.010383 -0.028264 0.033660
v 0.010532 -0.028066 0.034126
v 0.010897 -0.028230 0.034122
v 0.010309 -0.027976 0.034021
v 0.010131 -0.028084 0.033670
v 0.010957 -0.027991 0.034366
v 0.010742 -0.027850 0.034394
v 0.010192 -0.028276 0.033357
v 0.009786 -0.028131 0.033046
v 0.009934 -0.028038 0.033398
v 0.009493 -0.027957 0.032908
v 0.009328 -0.028080 0.032653
v 0.009023 -0.028057 0.032512
v 0.008685 -0.027936 0.032496
v 0.008419 -0.028033 0.032379
v 0.009585 -0.028155 0.032804
v 0.008729 -0.028165 0.032338
v 0.009670 -0.028320 0.032529
v 0.009244 -0.028320 0.032262
v 0.010127 -0.028352 0.032915
v 0.008743 -0.028315 0.032125
v 0.008523 -0.028401 0.031547
v 0.010697 -0.028452 0.031217
v -0.006434 -0.028462 0.026598
v -0.005093 -0.028479 0.023349
v 0.001321 -0.028444 0.014088
v -0.005865 -0.028503 0.015799
v 0.003993 -0.028444 0.013696
v -0.005103 -0.028475 0.013128
v -0.007142 -0.028474 0.018207
v -0.007886 -0.028432 0.028599
v -0.007890 -0.028413 0.012892
v -0.007958 -0.028428 0.010732
v -0.008738 -0.028260 0.011179
v -0.008404 -0.028352 0.015741
v -0.008159 -0.028396 0.017747
v -0.008307 -0.028365 0.019890
v -0.007063 -0.028459 0.020294
v -0.008238 -0.028351 0.022321
v -0.007765 -0.028434 0.024474
v -0.008579 -0.028337 0.024191
v -0.008555 -0.028342 0.025962
v -0.007897 -0.028432 0.027065
v -0.008600 -0.028334 0.028084
v -0.009008 -0.028168 0.013630
v -0.009883 -0.027670 0.011640
v -0.009427 -0.028006 0.015817
v -0.009308 -0.028076 0.018694
v -0.009346 -0.028041 0.021768
v -0.009346 -0.028043 0.024251
v -0.009371 -0.028050 0.026840
v -0.009860 -0.027725 0.013871
v -0.010271 -0.027408 0.027046
v -0.010147 -0.027500 0.009622
v -0.010175 -0.027477 0.015720
v -0.010072 -0.027594 0.017753
v -0.009983 -0.027703 0.019499
v -0.010093 -0.027590 0.021300
v -0.010188 -0.027481 0.023749
v -0.009951 -0.027636 0.028989
v -0.011476 -0.026229 0.009365
v -0.011555 -0.026181 0.013293
v -0.012470 -0.025323 0.016781
v -0.010722 -0.027049 0.019652
v -0.012365 -0.025436 0.021516
v -0.011707 -0.026039 0.024743
v -0.010270 -0.027319 0.029106
v -0.009735 -0.027610 0.029796
v -0.009691 -0.027404 0.030029
v -0.010271 -0.027025 0.029693
v -0.025835 -0.011974 0.022966
v -0.024771 -0.012897 0.023474
v -0.025231 -0.012633 0.022899
v -0.024524 -0.013373 0.022778
v -0.023204 -0.014576 0.023913
v -0.022636 -0.014941 0.024449
v -0.022663 -0.015135 0.024192
v -0.022144 -0.015588 0.024421
v -0.014650 -0.022843 0.027550
v -0.014009 -0.023412 0.028051
v -0.014114 -0.023529 0.027345
v -0.013580 -0.023974 0.028033
v -0.012449 -0.025110 0.028529
v -0.011971 -0.025615 0.028713
v -0.011419 -0.026125 0.028936
v -0.026066 -0.011544 0.023133
v -0.025607 -0.011913 0.023381
v -0.025258 -0.012332 0.023457
v -0.023715 -0.014141 0.023415
v -0.023597 -0.014053 0.023947
v -0.021644 -0.015801 0.024922
v -0.021304 -0.016418 0.024582
v -0.020559 -0.016864 0.025346
v -0.020370 -0.017312 0.025074
v -0.019744 -0.017844 0.025572
v -0.019253 -0.018407 0.025671
v -0.018832 -0.018556 0.026136
v -0.018909 -0.018829 0.025616
v -0.018054 -0.019551 0.026188
v -0.016494 -0.021176 0.026391
v -0.017098 -0.020455 0.026619
v -0.016178 -0.021366 0.027039
v -0.015369 -0.022102 0.027379
v -0.013230 -0.024126 0.028500
v -0.013034 -0.024525 0.028253
v -0.010792 -0.026743 0.029170
v -0.010908 -0.026431 0.029464
v -0.024938 -0.012452 0.023684
v -0.020948 -0.016249 0.025357
v -0.019451 -0.017769 0.025964
v -0.017829 -0.019544 0.026605
v -0.016165 -0.021117 0.027382
v -0.022660 -0.014527 0.024694
v -0.010665 -0.027009 0.028454
v -0.011012 -0.026664 0.028266
v -0.011379 -0.026316 0.027382
v -0.012033 -0.025628 0.028105
v -0.012719 -0.024991 0.026985
v -0.013386 -0.024290 0.027144
v -0.013406 -0.024335 0.025056
v -0.014830 -0.022886 0.025925
v -0.015933 -0.021755 0.026494
v -0.016087 -0.021673 0.024958
v -0.017048 -0.020722 0.024759
v -0.017624 -0.020118 0.025748
v -0.018318 -0.019490 0.024800
v -0.018900 -0.018917 0.024587
v -0.019722 -0.018060 0.024858
v -0.020610 -0.017225 0.023970
v -0.021678 -0.016202 0.022302
v -0.021820 -0.016020 0.024037
v -0.022419 -0.015449 0.023341
v -0.023428 -0.014474 0.022448
v -0.025969 -0.011338 0.023288
v -0.025788 -0.012142 0.022283
v -0.026439 -0.010897 0.023009
v -0.026541 -0.011143 0.022707
v -0.026376 -0.011520 0.022329
v -0.026729 -0.011120 0.021661
v -0.027140 -0.009728 0.022334
v -0.027166 -0.010142 0.022026
v -0.027303 -0.009502 0.021839
v -0.027278 -0.009219 0.021988
v -0.026913 -0.010472 0.022547
v -0.026921 -0.010770 0.022104
v -0.027075 -0.009227 0.022347
v -0.026783 -0.010025 0.022727
v -0.026796 -0.009073 0.022503
v -0.027099 -0.010480 0.020652
v -0.027308 -0.009708 0.020512
v -0.027388 -0.008894 0.021238
v -0.027412 -0.008214 0.021044
v -0.027277 -0.008387 0.021739
v -0.027728 -0.001495 0.018993
v -0.027955 -0.001416 0.018396
v -0.027804 -0.002153 0.019023
v -0.027454 -0.005965 0.020658
v -0.027390 -0.006796 0.021084
v -0.027505 -0.007255 0.020191
v -0.027376 -0.007731 0.021349
v -0.027617 -0.000647 0.018910
v -0.027672 -0.002972 0.019480
v -0.027496 -0.002606 0.019694
v -0.027619 -0.003845 0.019723
v -0.027402 -0.003627 0.020089
v -0.027534 -0.004907 0.020108
v -0.027334 -0.004572 0.020466
v -0.027270 -0.005593 0.020931
v -0.027223 -0.006582 0.021341
v -0.027213 -0.007470 0.021625
v -0.027051 -0.008285 0.022074
v -0.027572 -0.006204 0.019624
v -0.027737 -0.004412 0.018233
v -0.027799 -0.003211 0.018986
v -0.027925 -0.002414 0.018065
v -0.028005 -0.001625 0.016350
v -0.027391 -0.008707 -0.024362
v -0.027993 -0.002101 -0.022110
v -0.027554 -0.007261 -0.021025
v -0.027764 -0.005465 -0.011975
v -0.027567 -0.007501 -0.017164
v -0.028319 0.001478 -0.015469
v -0.029091 0.010721 -0.014331
v -0.027730 -0.005817 -0.005067
v -0.028419 0.002657 -0.006721
v -0.027864 -0.004079 0.001646
v -0.028614 0.005130 0.001289
v -0.028914 0.008784 -0.003646
v -0.027690 -0.006332 0.008844
v -0.028395 0.002512 0.006964
v -0.027958 -0.002778 0.013301
v -0.028559 0.004520 0.011516
v -0.027517 -0.007786 0.018202
v -0.027526 -0.008556 -0.012310
v -0.027522 -0.008506 -0.009589
v -0.027400 -0.009291 -0.005162
v -0.027373 -0.009396 -0.003373
v -0.027433 -0.008818 -0.001273
v -0.027483 -0.008427 0.002807
v -0.027461 -0.008813 0.004336
v -0.027523 -0.008510 0.006078
v -0.027478 -0.008591 0.015210
v -0.027194 -0.009983 -0.026643
v -0.027188 -0.010163 0.018972
v -0.027276 -0.009910 0.016717
v -0.027412 -0.009307 0.016472
v -0.027293 -0.009881 0.014714
v -0.027457 -0.008893 0.012439
v -0.027334 -0.009973 0.010550
v -0.027465 -0.009155 0.010311
v -0.027363 -0.009770 0.008479
v -0.027333 -0.009981 0.006643
v -0.027313 -0.009943 0.005025
v -0.027122 -0.010286 0.002923
v -0.027377 -0.009205 0.000746
v -0.027259 -0.009885 -0.001334
v -0.027256 -0.010019 -0.005211
v -0.027371 -0.009460 -0.007036
v -0.027242 -0.010063 -0.009234
v -0.027323 -0.009844 -0.011138
v -0.027243 -0.010070 -0.013063
v -0.027398 -0.009211 -0.014805
v -0.027256 -0.009837 -0.016996
v -0.027351 -0.009353 -0.019073
v -0.027219 -0.009937 -0.020870
v -0.027216 -0.009872 -0.022763
v -0.027092 -0.010410 -0.024685
v -0.026837 -0.010948 -0.026665
v -0.026796 -0.011020 0.020494
v -0.026796 -0.011004 0.018724
v -0.026814 -0.010951 0.015834
v -0.026981 -0.010725 0.012018
v -0.026998 -0.010821 0.008976
v -0.026967 -0.010819 0.005996
v -0.026888 -0.010785 -0.000313
v -0.026995 -0.010668 -0.003907
v -0.026884 -0.010866 -0.007644
v -0.026747 -0.011014 -0.011890
v -0.026837 -0.010902 -0.015933
v -0.026957 -0.010789 -0.019646
v -0.026940 -0.010842 -0.022557
v -0.026461 -0.011465 0.020818
v -0.026323 -0.011617 0.021541
v -0.026347 -0.011580 0.019324
v -0.026080 -0.011857 0.017282
v -0.026014 -0.011950 0.015346
v -0.026127 -0.011847 0.013263
v -0.026345 -0.011659 0.010220
v -0.026279 -0.011737 0.007238
v -0.025928 -0.012117 0.005144
v -0.026443 -0.011501 0.003305
v -0.026268 -0.011657 0.001026
v -0.026257 -0.011707 -0.001143
v -0.026483 -0.011462 -0.003048
v -0.026568 -0.011364 -0.005108
v -0.026277 -0.011715 -0.006743
v -0.026225 -0.011703 -0.010344
v -0.025627 -0.012314 -0.012511
v -0.025801 -0.012151 -0.015018
v -0.026207 -0.011792 -0.017260
v -0.026488 -0.011533 -0.019066
v -0.026550 -0.011486 -0.021374
v -0.026573 -0.011427 -0.024180
v -0.026213 -0.011793 -0.026797
v -0.025150 -0.012868 0.011803
v -0.025938 -0.012132 -0.024045
v -0.025615 -0.012320 0.021234
v -0.024206 -0.013731 0.019677
v -0.022128 -0.015822 0.016834
v -0.024834 -0.013212 0.009048
v -0.023720 -0.014294 0.006545
v -0.024254 -0.013761 0.002953
v -0.023727 -0.014274 -0.001512
v -0.025661 -0.012375 -0.002183
v -0.024578 -0.013437 -0.005265
v -0.025998 -0.011987 -0.007938
v -0.023659 -0.014333 -0.009725
v -0.020887 -0.017045 -0.014188
v -0.024114 -0.013893 -0.018533
v -0.025745 -0.012324 -0.018586
v -0.025295 -0.012758 -0.022182
v -0.016113 -0.021687 0.019967
v -0.018587 -0.019238 0.022159
v -0.013645 -0.024118 0.012427
v -0.020022 -0.017877 0.010740
v -0.018003 -0.019841 0.001790
v -0.019706 -0.018180 -0.005612
v -0.011093 -0.026639 -0.011417
v -0.013672 -0.024147 -0.015365
v -0.012510 -0.025313 -0.018953
v -0.017089 -0.020745 -0.023157
v -0.012271 -0.025549 -0.023209
v -0.021158 -0.016754 -0.022121
v -0.022503 -0.015413 -0.023924
v -0.013114 -0.024641 -0.029214
v -0.013912 -0.023864 -0.026337
v -0.011752 -0.025991 -0.029688
v -0.011005 -0.026708 -0.026469
v -0.015367 -0.022426 -0.028911
v -0.014129 -0.023657 -0.029449
v -0.016557 -0.021270 -0.028390
v -0.018393 -0.019370 -0.028690
v -0.021029 -0.016882 -0.026437
v -0.019656 -0.018126 -0.028529
v -0.024531 -0.013450 -0.026436
v -0.010369 -0.027294 -0.014192
v -0.010211 -0.027466 -0.019770
v -0.010618 -0.027124 -0.020986
v -0.010673 -0.027010 -0.029026
v -0.010197 -0.027458 -0.030651
v -0.010706 -0.026909 -0.030928
v -0.014234 -0.023463 -0.030578
v -0.015050 -0.022691 -0.030195
v -0.015897 -0.021864 -0.029850
v -0.022091 -0.015726 -0.028813
v -0.023186 -0.014633 -0.028801
v -0.023979 -0.013864 -0.028796
v -0.012690 -0.024959 -0.030616
v -0.017738 -0.019800 -0.030078
v -0.020730 -0.017062 -0.029234
v -0.010488 -0.026956 -0.031572
v -0.010486 -0.026362 -0.031879
v -0.011138 -0.026280 -0.031333
v -0.010337 -0.027254 -0.031311
v -0.011311 -0.025852 -0.031605
v -0.011986 -0.025330 -0.031294
v -0.011139 -0.025529 -0.031858
v -0.012367 -0.024529 -0.031578
v -0.013092 -0.024135 -0.031299
v -0.012980 -0.024546 -0.031021
v -0.013309 -0.023520 -0.031520
v -0.013742 -0.023782 -0.030982
v -0.013563 -0.024129 -0.030605
v -0.013879 -0.023380 -0.031199
v -0.014437 -0.022607 -0.031216
v -0.014499 -0.023026 -0.030895
v -0.015232 -0.021506 -0.031174
v -0.015165 -0.022096 -0.031015
v -0.015088 -0.022411 -0.030831
v -0.015718 -0.021517 -0.030941
v -0.015672 -0.021894 -0.030646
v -0.016437 -0.020867 -0.030763
v -0.015993 -0.020906 -0.031030
v -0.016254 -0.021289 -0.030453
v -0.016899 -0.020254 -0.030813
v -0.016949 -0.020568 -0.030334
v -0.017917 -0.019220 -0.030666
v -0.018583 -0.018904 -0.030129
v -0.019037 -0.018128 -0.030538
v -0.019366 -0.018250 -0.029787
v -0.019921 -0.017613 -0.030038
v -0.019374 -0.017240 -0.030653
v -0.019936 -0.017180 -0.030466
v -0.020319 -0.016474 -0.030474
v -0.020755 -0.016589 -0.030258
v -0.020914 -0.016737 -0.029889
v -0.021013 -0.016092 -0.030309
v -0.021257 -0.016531 -0.029289
v -0.021537 -0.015514 -0.030213
v -0.021636 -0.015932 -0.029870
v -0.022172 -0.015206 -0.029985
v -0.022344 -0.015337 -0.029552
v -0.021792 -0.015081 -0.030183
v -0.022793 -0.014391 -0.029946
v -0.022824 -0.014769 -0.029639
v -0.023611 -0.014050 -0.029394
v -0.023023 -0.013738 -0.030013
v -0.024160 -0.013256 -0.029617
v -0.024665 -0.012176 -0.029687
v -0.024489 -0.013310 -0.028992
v -0.024947 -0.012719 -0.029318
v -0.025082 -0.012323 -0.029506
v -0.025120 -0.012746 -0.028760
v -0.025116 -0.011733 -0.029567
v -0.025509 -0.011748 -0.029458
v -0.009663 -0.026824 -0.032156
v -0.010025 -0.027031 -0.031957
v -0.012166 -0.024454 -0.031794
v -0.017244 -0.019420 -0.030968
v -0.021255 -0.015434 -0.030301
v -0.022430 -0.014396 -0.030087
v -0.009914 -0.027356 -0.031888
v -0.009604 -0.027898 -0.030754
v -0.009846 -0.027602 -0.031590
v -0.009506 -0.027777 -0.031856
v -0.009413 -0.027711 -0.031992
v -0.009455 -0.027479 -0.032063
v -0.009345 -0.028001 -0.031493
v -0.009190 -0.027367 -0.032124
v -0.010307 -0.026250 -0.032044
v -0.016127 -0.021079 0.029716
v -0.014176 -0.022337 -0.031479
v -0.014327 -0.022311 -0.031349
v -0.014938 -0.021555 -0.031345
v -0.016128 -0.020440 -0.031149
v -0.020467 -0.016028 -0.030514
v -0.025071 -0.011544 -0.029626
v -0.018111 -0.018536 -0.030848
v -0.021974 -0.014605 -0.030188
v -0.009238 -0.027116 -0.032155
v -0.024605 -0.012014 -0.029862
v -0.023701 -0.012986 -0.030151
v -0.021300 -0.015218 -0.030331
v -0.013401 -0.023126 -0.031719
v -0.012524 -0.023982 -0.031867
v -0.011549 -0.025009 -0.032411
v -0.010221 -0.026188 -0.032349
v -0.015402 -0.021499 -0.031814
v -0.018543 -0.017993 -0.030827
v -0.021816 -0.014962 -0.030925
v -0.019677 -0.016927 -0.031111
v -0.017636 -0.019095 -0.031451
v -0.020006 -0.017204 -0.031855
v -0.009439 -0.026847 -0.032926
v -0.009947 -0.026526 -0.033732
v -0.013460 -0.023570 -0.032980
v -0.011570 -0.025529 -0.033571
v -0.024099 -0.013094 -0.031205
v -0.009156 -0.027077 -0.033641
v -0.008770 -0.027312 -0.032616
v -0.009187 -0.027104 -0.032397
v -0.008689 -0.027313 -0.033236
v -0.008610 -0.027401 -0.033875
v -0.009053 -0.027203 -0.033973
v -0.008816 -0.027375 -0.032250
v -0.008452 -0.027466 -0.032496
v -0.008168 -0.027523 -0.033717
v -0.007887 -0.027474 -0.032974
v -0.008169 -0.027504 -0.032511
v -0.007378 -0.027604 -0.033962
v -0.009037 -0.027235 -0.032193
v -0.008639 -0.027508 -0.032192
v -0.008205 -0.027618 -0.032294
v -0.007914 -0.027556 -0.032427
v -0.008401 -0.027545 -0.034195
v -0.008771 -0.027376 -0.034209
v -0.008893 -0.027342 -0.034215
v -0.009253 -0.027093 -0.034049
v 0.008263 -0.029427 -0.035100
v 0.007895 -0.029468 -0.035527
v 0.008009 -0.029401 -0.034970
v 0.008470 -0.029403 -0.035279
v 0.008504 -0.029409 -0.035525
v 0.008458 -0.029338 -0.035011
v 0.008586 -0.029344 -0.035154
v 0.008382 -0.029438 -0.035691
v 0.008749 -0.029287 -0.035803
v 0.008461 -0.029220 -0.034928
v 0.008030 -0.029182 -0.034707
v 0.008782 -0.029236 -0.035441
v 0.008758 -0.029155 -0.035167
v 0.008477 -0.028924 -0.034789
v 0.007968 -0.028947 -0.034591
v 0.008791 -0.028809 -0.035038
v 0.008917 -0.028958 -0.035402
v 0.008346 -0.028539 -0.034610
v 0.007934 -0.028682 -0.034527
v 0.008661 -0.028497 -0.034780
v 0.008995 -0.028524 -0.035410
v 0.009062 -0.028203 -0.035823
v 0.009013 -0.028753 -0.035731
v 0.008959 -0.029004 -0.035882
v 0.008347 -0.029460 -0.036091
v 0.007360 -0.028362 -0.034414
v 0.008082 -0.027948 -0.034382
v 0.008786 -0.028191 -0.034827
v 0.008945 -0.028226 -0.035101
v 0.007193 -0.029455 -0.035130
v 0.007220 -0.029320 -0.034766
v 0.007438 -0.029124 -0.034600
v 0.007080 -0.028911 -0.034535
v 0.001513 -0.029184 -0.034783
v 0.001740 -0.029446 -0.035357
v 0.000891 -0.029366 -0.034933
v 0.002363 -0.029305 -0.034920
v 0.003187 -0.029338 -0.035046
v 0.003121 -0.029450 -0.035520
v 0.004441 -0.029434 -0.035664
v 0.005284 -0.029267 -0.034891
v 0.005345 -0.029428 -0.035270
v 0.006253 -0.029389 -0.034994
v 0.006660 -0.029469 -0.035538
v 0.004201 -0.029177 -0.034838
v 0.002853 -0.029124 -0.034740
v 0.006439 -0.029232 -0.034722
v 0.002183 -0.028642 -0.034489
v 0.003774 -0.028738 -0.034509
v 0.005573 -0.028935 -0.034586
v 0.001203 -0.028782 -0.034546
v 0.002643 -0.028261 -0.034394
v 0.005265 -0.028241 -0.034314
v 0.006352 -0.028576 -0.034431
v 0.005705 -0.029468 -0.036060
v 0.000870 -0.029464 -0.035243
v 0.000710 -0.028123 -0.034436
v 0.001565 -0.027884 -0.034368
v 0.003987 -0.027847 -0.034281
v 0.007043 -0.027896 -0.034264
v -0.000993 -0.027554 -0.035301
v -0.000758 -0.027628 -0.035606
v -0.001027 -0.027913 -0.035567
v -0.000703 -0.027722 -0.035655
v -0.000734 -0.027886 -0.035669
v -0.000680 -0.027543 -0.035610
v -0.000595 -0.027872 -0.035586
v -0.000584 -0.028386 -0.035566
v -0.000905 -0.028388 -0.035634
v -0.000681 -0.028052 -0.035648
v -0.000636 -0.027573 -0.035541
v -0.000671 -0.028680 -0.035624
v -0.000500 -0.028752 -0.035449
v 0.000114 -0.028398 -0.034608
v 0.000171 -0.028029 -0.034494
v 0.000433 -0.027757 -0.034354
v 0.000021 -0.028049 -0.034554
v -0.000104 -0.028153 -0.034679
v -0.000248 -0.027804 -0.034748
v -0.000323 -0.028260 -0.034971
v -0.000487 -0.027851 -0.035275
v -0.000424 -0.028514 -0.035244
v -0.000563 -0.027666 -0.035298
v -0.000032 -0.027617 -0.034308
v 0.000719 -0.027678 -0.034332
v -0.000530 -0.027628 -0.034828
v 0.002364 -0.027662 -0.034242
v 0.005020 -0.027626 -0.034101
v 0.006643 -0.027616 -0.033943
v 0.009020 -0.028059 -0.035380
v 0.009113 -0.027750 -0.035268
v 0.008932 -0.027760 -0.034872
v 0.009022 -0.027742 -0.035025
v 0.008653 -0.028084 -0.034682
v 0.008480 -0.028071 -0.034562
v 0.008378 -0.027676 -0.034369
v 0.008689 -0.027650 -0.034447
v 0.009127 -0.027625 -0.035510
v 0.009120 -0.027621 -0.035833
v 0.009101 -0.027858 -0.036206
v 0.009055 -0.028308 -0.036264
v 0.009471 -0.027526 -0.035954
v 0.009154 -0.027582 -0.036345
v 0.009042 -0.028660 -0.036137
v 0.009118 -0.028080 -0.036408
v 0.008839 -0.029235 -0.036126
v 0.008635 -0.029378 -0.036157
v 0.008975 -0.029021 -0.036127
v 0.008916 -0.029174 -0.036368
v 0.008749 -0.029318 -0.036316
v 0.008574 -0.029445 -0.036408
v 0.009052 -0.029098 -0.036495
v 0.009494 -0.029070 -0.036550
v 0.008884 -0.029487 -0.036517
v 0.008504 -0.029566 -0.036504
v 0.008379 -0.029812 -0.036516
v 0.009158 -0.028885 -0.036516
v 0.008852 -0.029297 -0.036458
v 0.009059 -0.028872 -0.036405
v 0.009000 -0.029052 -0.036405
v 0.008193 -0.029569 -0.036451
v 0.009146 -0.028493 -0.036468
v 0.007857 -0.029547 -0.036344
v 0.007570 -0.029790 -0.036519
v 0.007405 -0.029640 -0.036462
v 0.006916 -0.029523 -0.036337
v 0.007040 -0.029761 -0.036517
v 0.006776 -0.029568 -0.036454
v 0.006294 -0.029589 -0.036464
v 0.006530 -0.029492 -0.036286
v 0.006430 -0.030012 -0.036538
v 0.005980 -0.029749 -0.036535
v 0.005876 -0.029535 -0.036431
v 0.005572 -0.029726 -0.036532
v 0.005544 -0.029504 -0.036420
v 0.007403 -0.029506 -0.036216
v 0.006731 -0.029874 -0.036526
v 0.007917 -0.029844 -0.036518
v 0.005075 -0.029486 -0.036379
v 0.005368 -0.029532 -0.036480
v 0.000621 -0.029519 -0.035631
v 0.003135 -0.029468 -0.036070
v 0.002390 -0.029487 -0.035962
v 0.003710 -0.029458 -0.036241
v 0.003401 -0.029497 -0.036289
v 0.004139 -0.029496 -0.036311
v 0.003882 -0.029482 -0.036346
v 0.004432 -0.029472 -0.036281
v 0.002641 -0.029496 -0.036085
v 0.001687 -0.029522 -0.035919
v 0.001044 -0.029562 -0.035825
v 0.000528 -0.029459 -0.035173
v -0.000214 -0.029377 -0.035513
v 0.000249 -0.029465 -0.035288
v 0.000133 -0.029521 -0.035577
v 0.000325 -0.029359 -0.034998
v 0.000087 -0.029316 -0.035080
v -0.000069 -0.029145 -0.035057
v -0.000372 -0.029111 -0.035400
v 0.000483 -0.029101 -0.034745
v -0.000294 -0.028861 -0.035130
v -0.000116 -0.028757 -0.034855
v 0.000162 -0.028889 -0.034727
v 0.000457 -0.028681 -0.034574
v -0.000581 -0.028954 -0.035587
v -0.000656 -0.029177 -0.035618
v -0.000392 -0.029464 -0.035658
v -0.000864 -0.028841 -0.035632
v 0.000179 -0.029591 -0.035723
v -0.002921 -0.027933 -0.035088
v -0.005366 -0.027932 -0.034696
v -0.005885 -0.027717 -0.034177
v -0.007109 -0.027762 -0.034309
v -0.004255 -0.027898 -0.034679
v -0.002441 -0.027791 -0.035129
v -0.001653 -0.027680 -0.035205
v 0.001983 -0.029565 -0.036057
v 0.001357 -0.029648 -0.035995
v 0.000359 -0.029609 -0.035764
v 0.003071 -0.029568 -0.036260
v 0.005076 -0.029548 -0.036486
v 0.005241 -0.029620 -0.036509
v 0.004905 -0.029655 -0.036482
v 0.004732 -0.029496 -0.036347
v 0.004487 -0.029563 -0.036400
v 0.004564 -0.029481 -0.036301
v 0.004282 -0.029823 -0.036450
v 0.003893 -0.029604 -0.036411
v 0.003586 -0.029525 -0.036364
v 0.003527 -0.029477 -0.036319
v 0.003518 -0.029797 -0.036377
v 0.005045 -0.030162 -0.036495
v 0.004891 -0.030600 -0.036366
v 0.005268 -0.030508 -0.036429
v 0.003758 -0.030672 -0.036205
v 0.004307 -0.030503 -0.036340
v 0.003796 -0.030256 -0.036362
v 0.005700 -0.030653 -0.036324
v 0.006571 -0.030562 -0.036311
v 0.005867 -0.030207 -0.036500
v 0.018062 -0.027141 -0.036398
v 0.017218 -0.027666 -0.036347
v 0.017842 -0.027046 -0.036327
v 0.007081 -0.030264 -0.036436
v 0.007700 -0.030225 -0.036443
v 0.008207 -0.030261 -0.036398
v 0.009330 -0.029850 -0.036482
v 0.011361 -0.029380 -0.036493
v 0.012342 -0.029313 -0.036454
v 0.013991 -0.028478 -0.036507
v 0.014462 -0.028632 -0.036439
v 0.014612 -0.028185 -0.036431
v 0.016688 -0.027799 -0.036424
v 0.019572 -0.025636 -0.036441
v 0.020457 -0.025652 -0.036518
v 0.021099 -0.025246 -0.036560
v 0.021455 -0.025085 -0.036534
v 0.010469 -0.029448 -0.036519
v 0.020870 -0.024481 -0.036506
v 0.020783 -0.025560 -0.036539
v 0.018364 -0.026513 -0.036403
v 0.018028 -0.026975 -0.036449
v 0.017141 -0.027388 -0.036288
v 0.016670 -0.027537 -0.036408
v 0.016110 -0.027617 -0.036441
v 0.015524 -0.027588 -0.036289
v 0.013163 -0.027912 -0.036395
v 0.012062 -0.028469 -0.036510
v 0.008044 -0.030046 -0.036515
v 0.007306 -0.030021 -0.036517
v 0.021912 -0.024718 -0.036535
v 0.022538 -0.023936 -0.036532
v 0.022526 -0.024519 -0.036455
v 0.028426 -0.012123 -0.036543
v 0.028326 -0.010446 -0.036491
v 0.023510 -0.023861 -0.036372
v 0.023782 -0.022850 -0.036495
v 0.024734 -0.022411 -0.036452
v 0.026205 -0.020498 -0.036472
v 0.026580 -0.019834 -0.036448
v 0.027423 -0.018223 -0.036426
v -0.017671 -0.021949 0.029821
v 0.028322 -0.015906 -0.036350
v 0.028343 -0.014367 -0.036484
v 0.028669 -0.013173 -0.036510
v 0.025882 -0.021162 -0.036422
v 0.028010 -0.017034 -0.036330
v 0.027497 -0.011879 -0.036309
v 0.028192 -0.012993 -0.036495
v 0.027381 -0.014100 -0.036295
v 0.027714 -0.015281 -0.036429
v 0.027358 -0.016774 -0.036370
v 0.027221 -0.017674 -0.036368
v 0.026854 -0.018291 -0.036412
v 0.026377 -0.018955 -0.036415
v 0.025307 -0.020150 -0.036455
v 0.025771 -0.020803 -0.036536
v 0.025021 -0.021744 -0.036471
v 0.027292 -0.010787 -0.035962
v 0.027329 -0.009847 -0.036205
v 0.027619 -0.010289 -0.036334
v 0.027657 0.003251 -0.023048
v 0.028085 0.003421 -0.023527
v 0.027676 0.003179 -0.024094
v 0.027667 0.002997 -0.025614
v 0.028124 0.003090 -0.026048
v 0.027611 0.002974 -0.026008
v 0.027962 0.002898 -0.026396
v 0.027526 0.002424 -0.026241
v 0.027566 0.002767 -0.026566
v 0.027694 0.002678 -0.026887
v 0.028159 0.002530 -0.027652
v 0.027594 0.002549 -0.027328
v 0.027668 0.002261 -0.028248
v 0.028061 0.002054 -0.028730
v 0.027546 0.002061 -0.028467
v 0.027551 0.001927 -0.028733
v 0.027600 0.001834 -0.028989
v 0.027849 0.001667 -0.029564
v 0.027508 0.001460 -0.029463
v 0.027498 0.001388 -0.029886
v 0.027882 0.001325 -0.030176
v 0.027517 0.001225 -0.030133
v 0.027606 0.001020 -0.030488
v 0.027973 0.000903 -0.030807
v 0.027504 0.000732 -0.030792
v 0.027535 0.000597 -0.031091
v 0.027646 0.000529 -0.031268
v 0.027911 0.000178 -0.031682
v 0.027486 -0.000130 -0.031281
v 0.027885 -0.000168 -0.032072
v 0.027509 -0.000017 -0.031813
v 0.027488 -0.000171 -0.031997
v 0.027675 -0.000484 -0.032346
v 0.027448 -0.000414 -0.032107
v 0.027427 -0.001107 -0.032205
v 0.027530 -0.000975 -0.032805
v 0.027426 -0.001177 -0.032773
v 0.027454 -0.001291 -0.033014
v 0.027861 -0.001257 -0.033171
v 0.027463 -0.001481 -0.033185
v 0.027483 -0.001688 -0.033365
v 0.027866 -0.001793 -0.033573
v 0.027466 -0.002057 -0.033517
v 0.027506 -0.002308 -0.033779
v 0.028025 -0.002539 -0.034081
v 0.027497 -0.002570 -0.033929
v 0.027498 -0.002772 -0.034070
v 0.027497 -0.003500 -0.034678
v 0.027840 -0.003661 -0.034816
v 0.027455 -0.003719 -0.034773
v 0.027434 -0.003966 -0.034422
v 0.027571 -0.004087 -0.035023
v 0.027997 -0.004506 -0.035267
v 0.027475 -0.004560 -0.035073
v 0.027575 -0.004976 -0.035289
v 0.027999 -0.005403 -0.035634
v 0.027443 -0.005323 -0.035384
v 0.027451 -0.005576 -0.035597
v 0.027788 -0.005863 -0.035753
v 0.027383 -0.006003 -0.035288
v 0.027436 -0.006124 -0.035793
v 0.028000 -0.006255 -0.035927
v 0.027410 -0.006444 -0.035797
v 0.027446 -0.006758 -0.035930
v 0.028008 -0.007003 -0.036102
v 0.027429 -0.007066 -0.035970
v 0.027441 -0.007378 -0.036042
v 0.028098 -0.007652 -0.036184
v 0.027404 -0.007762 -0.036012
v 0.027485 -0.008149 -0.036155
v 0.027457 -0.008583 -0.036181
v 0.027607 -0.009321 -0.036305
v 0.027352 -0.008946 -0.036090
v 0.028073 -0.003337 -0.034657
v 0.027529 -0.003156 -0.034363
v -0.020921 -0.019618 0.028752
v 0.027584 0.001599 -0.029707
v 0.027517 0.002043 -0.028033
v 0.027617 0.002400 -0.027708
v 0.027580 0.002986 -0.025160
v 0.027752 0.003160 -0.024924
v 0.028244 0.003496 -0.022807
v 0.028431 0.003315 -0.024148
v 0.028445 0.003459 -0.023388
v 0.028427 0.003257 -0.024902
v 0.028513 0.003127 -0.025561
v 0.028424 0.003054 -0.026170
v 0.028301 0.002875 -0.026708
v 0.028360 0.002192 -0.028388
v 0.028214 0.000512 -0.031285
v 0.028334 0.000846 -0.030807
v 0.028316 0.000051 -0.031742
v 0.028185 -0.001301 -0.033234
v 0.028248 -0.000874 -0.032833
v 0.028263 -0.001790 -0.033577
v 0.028434 -0.006323 -0.035908
v 0.028665 -0.008871 -0.036395
v 0.028346 -0.009188 -0.036477
v 0.028204 0.003200 -0.025439
v 0.028330 0.001183 -0.030283
v 0.028369 -0.000503 -0.032320
v 0.027999 -0.000712 -0.032687
v 0.028286 -0.002839 -0.034299
v 0.028335 -0.003978 -0.034968
v 0.028042 -0.003910 -0.035023
v 0.028390 -0.004842 -0.035372
v 0.028353 -0.005686 -0.035742
v 0.028634 0.003456 -0.022846
v 0.028516 0.003509 -0.022295
v 0.028019 0.003403 -0.022142
v 0.027593 0.003186 -0.022441
v 0.027591 0.002972 -0.021770
v 0.027446 -0.010300 -0.009349
v 0.028152 -0.010117 -0.009056
v 0.027430 -0.009456 -0.009366
v 0.027562 -0.008703 -0.009327
v 0.028995 -0.008223 -0.009117
v 0.027556 -0.007874 -0.009472
v 0.028943 -0.007438 -0.009280
v 0.027553 -0.007046 -0.009687
v 0.028964 -0.006738 -0.009424
v 0.027700 -0.006330 -0.009654
v 0.028894 -0.005954 -0.009589
v 0.027699 -0.005682 -0.009802
v 0.028846 -0.005012 -0.009916
v 0.027606 -0.005083 -0.010088
v 0.027665 -0.004487 -0.010217
v 0.028577 -0.004092 -0.010335
v 0.027627 -0.004093 -0.010433
v 0.027523 -0.004182 -0.010910
v 0.028565 -0.003234 -0.010869
v 0.027550 -0.002927 -0.011751
v 0.028544 -0.002608 -0.011242
v 0.027667 -0.002310 -0.011568
v 0.028683 -0.002074 -0.011514
v 0.027696 -0.001853 -0.011825
v 0.028538 -0.001470 -0.012077
v 0.027653 -0.001550 -0.012129
v 0.027540 -0.001679 -0.012636
v 0.027899 -0.000923 -0.012585
v 0.028523 -0.000330 -0.013118
v 0.027618 -0.000527 -0.013650
v 0.028473 0.000070 -0.013535
v 0.027696 0.000234 -0.013862
v 0.028269 0.000628 -0.014174
v 0.027630 0.000422 -0.014304
v 0.027678 0.000828 -0.014815
v 0.028341 0.001352 -0.015445
v 0.027550 0.000689 -0.015509
v 0.027654 0.001475 -0.015924
v 0.028461 0.001803 -0.016044
v 0.027675 0.001817 -0.016427
v 0.028325 0.002121 -0.016658
v 0.027642 0.002035 -0.017248
v 0.028362 0.002447 -0.017199
v 0.027716 0.002490 -0.017505
v 0.028308 0.002662 -0.017774
v 0.027667 0.002575 -0.018058
v 0.028315 0.002829 -0.018360
v 0.027650 0.002709 -0.018767
v 0.028327 0.002993 -0.019041
v 0.027674 0.002920 -0.019402
v 0.028313 0.003131 -0.019743
v 0.027649 0.002983 -0.020088
v 0.028280 0.003196 -0.020499
v 0.027560 0.002587 -0.020963
v 0.028104 0.003286 -0.021284
v 0.028553 0.001091 -0.014790
v 0.029133 -0.008998 -0.008976
v 0.029244 -0.010296 -0.008821
v 0.029476 -0.008061 -0.009077
v 0.029596 -0.008704 -0.008972
v 0.029536 -0.007460 -0.009234
v 0.029078 -0.004115 -0.010248
v 0.029310 -0.003278 -0.010777
v 0.029280 -0.002602 -0.011252
v 0.029158 -0.001051 -0.012433
v 0.028891 -0.000095 -0.013299
v 0.029114 -0.000534 -0.012918
v 0.028773 0.002241 -0.016809
v 0.028776 0.002520 -0.017639
v 0.028708 0.002809 -0.018466
v 0.028824 0.002911 -0.019243
v 0.028628 0.003304 -0.020898
v 0.028704 0.003144 -0.020060
v 0.028599 0.003407 -0.021516
v 0.028780 0.003395 -0.021895
v 0.029780 -0.009461 -0.008934
v 0.029494 -0.005644 -0.009815
v 0.028924 -0.003300 -0.010646
v 0.028901 -0.002698 -0.011034
v 0.028826 -0.001064 -0.012327
v 0.028820 -0.000568 -0.012781
v 0.028731 0.000358 -0.013757
v 0.028758 0.000722 -0.014214
v 0.028977 0.000751 -0.014364
v 0.028986 0.001104 -0.014946
v 0.028678 0.001457 -0.015386
v 0.028999 0.001450 -0.015647
v 0.028923 0.001855 -0.016287
v 0.028586 0.002181 -0.016611
v 0.029954 -0.010510 -0.008922
v 0.029614 -0.010664 -0.008793
v 0.029814 -0.011369 -0.008858
v 0.029320 -0.011167 -0.008846
v 0.029560 -0.012176 -0.008902
v 0.029767 -0.014376 -0.009034
v 0.029174 -0.014532 -0.008973
v 0.029409 -0.015271 -0.009039
v 0.028694 -0.018154 -0.008974
v 0.028760 -0.017468 -0.008950
v 0.028142 -0.018217 -0.008900
v 0.028444 -0.018966 -0.009050
v 0.027942 -0.019389 -0.008913
v 0.023523 -0.024349 -0.008899
v 0.023027 -0.025466 -0.009029
v 0.022740 -0.025024 -0.008863
v 0.022198 -0.025316 -0.008843
v 0.030184 -0.011552 -0.009051
v 0.030072 -0.012390 -0.009031
v 0.030225 -0.010792 -0.009124
v 0.028228 -0.019723 -0.009115
v 0.027790 -0.020384 -0.009078
v 0.027431 -0.020195 -0.008879
v 0.027123 -0.020991 -0.008914
v 0.026697 -0.021829 -0.008993
v 0.025925 -0.022776 -0.009020
v 0.025131 -0.023773 -0.009054
v 0.024570 -0.023524 -0.008907
v 0.025204 -0.022864 -0.008901
v 0.025872 -0.021952 -0.008874
v 0.026551 -0.021106 -0.008821
v 0.026933 -0.020394 -0.008824
v 0.026680 -0.018988 -0.008901
v 0.027719 -0.017032 -0.008957
v 0.027751 -0.015543 -0.009120
v 0.029216 -0.012987 -0.008927
v 0.029183 -0.012392 -0.008890
v 0.027873 -0.012092 -0.009064
v 0.021213 -0.026033 -0.008857
v 0.022040 -0.026227 -0.009059
v 0.020971 -0.026737 -0.008944
v 0.020454 -0.026298 -0.008865
v 0.019941 -0.027339 -0.008932
v 0.010116 -0.030501 -0.008865
v 0.019075 -0.027833 -0.008917
v 0.018390 -0.028398 -0.009022
v 0.018204 -0.028148 -0.008886
v 0.017610 -0.028725 -0.009012
v 0.017256 -0.028572 -0.008903
v 0.016360 -0.029042 -0.008937
v 0.015473 -0.029336 -0.008913
v 0.014669 -0.029655 -0.008915
v 0.012920 -0.029927 -0.008908
v 0.011858 -0.030290 -0.008910
v 0.010955 -0.030420 -0.008859
v 0.011217 -0.029185 -0.008873
v 0.012249 -0.028991 -0.008888
v 0.014166 -0.028981 -0.008847
v 0.015933 -0.028202 -0.008845
v 0.017417 -0.027613 -0.008891
v 0.018916 -0.027191 -0.008849
v 0.021494 -0.024557 -0.009053
v 0.009640 -0.028534 -0.008962
v 0.018754 -0.026460 -0.009055
v 0.016278 -0.027725 -0.009007
v 0.014345 -0.027881 -0.008983
v 0.003437 -0.028314 -0.008933
v 0.027690 -0.013652 -0.009149
v 0.027025 -0.018154 -0.008953
v 0.025440 -0.020310 -0.008930
v 0.023958 -0.021800 -0.009112
v 0.001822 -0.027707 -0.009163
v 0.012262 -0.027857 -0.009268
v 0.016981 -0.027434 -0.008991
v 0.017319 -0.027302 -0.009037
v 0.017714 -0.027124 -0.009031
v 0.027188 -0.017753 -0.008996
v 0.020080 -0.025067 -0.009415
v 0.007740 -0.027797 -0.009185
v 0.026769 -0.018238 -0.009477
v 0.027234 -0.017189 -0.009532
v 0.027231 -0.017000 -0.010336
v 0.026909 -0.017845 -0.010520
v 0.026650 -0.018318 -0.010646
v 0.026091 -0.019120 -0.009967
v 0.026188 -0.018850 -0.010747
v 0.018391 -0.026583 -0.010379
v 0.024588 -0.020655 -0.010646
v 0.022175 -0.022923 -0.010530
v 0.020047 -0.025043 -0.010680
v 0.017778 -0.027010 -0.009596
v 0.016758 -0.027420 -0.009515
v 0.017680 -0.027139 -0.010541
v 0.017187 -0.027373 -0.010537
v 0.016760 -0.027612 -0.010720
v 0.015603 -0.027583 -0.009832
v 0.016127 -0.027582 -0.010713
v 0.001368 -0.027513 -0.009975
v 0.004677 -0.027660 -0.009763
v -0.005679 -0.027601 -0.009137
v -0.006817 -0.027611 -0.008967
v -0.003750 -0.027633 -0.009429
v 0.010182 -0.027732 -0.009721
v 0.013673 -0.027576 -0.010713
v 0.010648 -0.027677 -0.010617
v 0.007898 -0.027485 -0.010532
v 0.005679 -0.027464 -0.010643
v 0.003437 -0.027457 -0.010622
v 0.001760 -0.027369 -0.010630
v 0.000174 -0.027508 -0.010514
v -0.001056 -0.027639 -0.010535
v -0.002490 -0.027658 -0.010352
v -0.003564 -0.027547 -0.010098
v -0.004024 -0.027600 -0.010059
v -0.004508 -0.027640 -0.009972
v -0.005088 -0.027657 -0.009769
v -0.006525 -0.027653 -0.009282
v -0.007724 -0.027677 -0.008612
v -0.003384 -0.027801 -0.010332
v -0.005729 -0.027809 -0.009669
v -0.006986 -0.027888 -0.009266
v 0.001482 -0.027723 -0.010760
v -0.007412 -0.027953 -0.009081
v -0.006254 -0.027855 -0.009504
v -0.001601 -0.028056 -0.010819
v 0.000426 -0.027841 -0.010778
v -0.002525 -0.028053 -0.010691
v -0.003382 -0.028044 -0.010603
v -0.004198 -0.028020 -0.010397
v 0.000141 -0.028215 -0.011170
v -0.000415 -0.027964 -0.010847
v -0.002709 -0.028283 -0.011148
v -0.003613 -0.028286 -0.011010
v -0.004323 -0.028294 -0.010964
v -0.005005 -0.028046 -0.010183
v -0.005111 -0.028291 -0.010688
v -0.005635 -0.028062 -0.009961
v -0.005677 -0.028229 -0.010243
v -0.006156 -0.028062 -0.009764
v -0.006268 -0.028245 -0.010012
v -0.006753 -0.028107 -0.009586
v -0.007039 -0.028350 -0.009935
v -0.000818 -0.028258 -0.011311
v -0.001705 -0.028303 -0.011368
v -0.007360 -0.028216 -0.009436
v -0.006080 -0.028403 -0.011008
v 0.000974 -0.028306 -0.011385
v 0.000226 -0.028386 -0.011873
v -0.002238 -0.028412 -0.012343
v -0.001215 -0.028413 -0.012872
v -0.003554 -0.028407 -0.012047
v -0.005264 -0.028463 -0.012866
v -0.007191 -0.028480 -0.011292
v -0.007801 -0.028465 -0.010383
v -0.007927 -0.028383 -0.009583
v 0.001416 -0.028041 -0.010982
v 0.001315 -0.028419 -0.011977
v -0.008049 -0.028110 -0.008934
v -0.008704 -0.027923 -0.008420
v -0.008733 -0.028151 -0.008780
v -0.008961 -0.028031 -0.008482
v -0.009208 -0.027856 -0.008181
v -0.009251 -0.027609 -0.007832
v -0.008225 -0.028276 -0.009142
v -0.009138 -0.028089 -0.008611
v -0.009495 -0.027891 -0.008279
v -0.008733 -0.028273 -0.009196
v -0.009990 -0.027615 -0.008148
v -0.009574 -0.027949 -0.008981
v -0.008555 -0.028374 -0.010037
v -0.010097 -0.027583 -0.009774
v -0.010088 -0.027572 -0.008725
v -0.008044 -0.028421 -0.030755
v -0.008200 -0.028426 -0.029503
v -0.006189 -0.028497 -0.029796
v -0.008328 -0.028399 -0.011761
v -0.007561 -0.028473 -0.012235
v -0.008674 -0.028295 -0.030905
v -0.008687 -0.028330 -0.027359
v -0.007835 -0.028484 -0.027455
v -0.008439 -0.028365 -0.025166
v -0.006656 -0.028522 -0.025609
v -0.008241 -0.028374 -0.022754
v -0.005973 -0.028532 -0.021867
v -0.008165 -0.028429 -0.020629
v -0.007575 -0.028519 -0.020366
v -0.008328 -0.028404 -0.018582
v -0.006197 -0.028540 -0.018627
v -0.008121 -0.028403 -0.016341
v -0.005549 -0.028528 -0.016717
v -0.007799 -0.028450 -0.013986
v -0.009138 -0.028157 -0.029360
v -0.008862 -0.028205 -0.014073
v -0.008940 -0.028260 -0.010842
v -0.009215 -0.028137 -0.009838
v -0.009631 -0.027880 -0.027481
v -0.009318 -0.028066 -0.025283
v -0.009663 -0.027815 -0.022781
v -0.009280 -0.028051 -0.019626
v -0.009305 -0.028028 -0.016475
v -0.009573 -0.027897 -0.011322
v -0.009795 -0.027778 -0.029498
v -0.010089 -0.027536 -0.025090
v -0.010380 -0.027294 -0.016883
v -0.004107 -0.028517 -0.025174
v -0.007595 -0.028413 -0.031558
v -0.008932 -0.028101 -0.031788
v -0.008238 -0.028290 -0.031776
v -0.008903 -0.027997 -0.031978
v -0.007841 -0.028293 -0.031976
v -0.008361 -0.028061 -0.032102
v -0.007795 -0.028097 -0.032214
v -0.008469 -0.027842 -0.032183
v -0.008841 -0.027715 -0.032134
v -0.007366 -0.027841 -0.032466
v -0.003315 -0.028367 -0.032619
v -0.002723 -0.028310 -0.032892
v -0.003528 -0.028243 -0.032806
v -0.003984 -0.028378 -0.032143
v -0.004769 -0.028223 -0.032534
v -0.005090 -0.028420 -0.031740
v -0.006388 -0.028431 -0.031703
v -0.006020 -0.028288 -0.032269
v -0.007020 -0.028328 -0.032047
v -0.006829 -0.028080 -0.032426
v -0.002781 -0.028155 -0.033080
v -0.004441 -0.027980 -0.032907
v -0.003171 -0.027944 -0.033113
v -0.002259 -0.028067 -0.033192
v -0.005804 -0.028037 -0.032626
v -0.002910 -0.027666 -0.033220
v -0.002379 -0.027829 -0.033243
v -0.003739 -0.027650 -0.033174
v -0.004546 -0.027554 -0.033111
v -0.006032 -0.027589 -0.032859
v -0.003622 -0.028479 -0.029231
v -0.002826 -0.028433 -0.032188
v -0.001676 -0.028441 -0.031384
v -0.001810 -0.028423 -0.032550
v -0.002094 -0.028341 -0.032948
v -0.007287 -0.027556 -0.032621
v -0.002430 -0.027499 -0.033280
v -0.004963 -0.027554 -0.033325
v -0.006935 -0.027550 -0.032994
v -0.004288 -0.027572 -0.033489
v -0.002937 -0.027503 -0.033395
v -0.002146 -0.027587 -0.033292
v -0.002282 -0.027487 -0.033354
v -0.002128 -0.027488 -0.033530
v -0.001950 -0.027617 -0.033325
v 0.008509 -0.027517 -0.032602
v 0.008611 -0.027686 -0.032538
v 0.008636 -0.027506 -0.032554
v 0.008659 -0.027522 -0.032684
v 0.008880 -0.027711 -0.032616
v 0.008907 -0.027538 -0.032663
v 0.009167 -0.027748 -0.032784
v 0.009019 -0.027519 -0.032937
v 0.009259 -0.027669 -0.032880
v 0.009299 -0.027510 -0.032981
v 0.009407 -0.027564 -0.033045
v 0.009570 -0.027671 -0.033133
v 0.009535 -0.027513 -0.033164
v 0.009641 -0.027509 -0.033326
v 0.009742 -0.027642 -0.033339
v 0.009728 -0.027501 -0.033298
v 0.009766 -0.027503 -0.033369
v 0.009784 -0.027527 -0.033480
v 0.009896 -0.027837 -0.033628
v 0.009426 -0.027526 -0.033529
v 0.008010 -0.027591 -0.032618
v 0.007579 -0.027798 -0.032526
v 0.008156 -0.027768 -0.032494
v 0.008304 -0.027598 -0.032576
v 0.008725 -0.027950 -0.032525
v 0.008960 -0.028095 -0.032556
v 0.009086 -0.027994 -0.032672
v 0.009438 -0.027901 -0.032955
v 0.009709 -0.028078 -0.033098
v 0.009717 -0.027833 -0.033282
v 0.009878 -0.028037 -0.033376
v 0.008414 -0.027947 -0.032457
v 0.008710 -0.028136 -0.032427
v 0.008455 -0.028163 -0.032339
v 0.009286 -0.028198 -0.032623
v 0.009488 -0.028134 -0.032846
v 0.008939 -0.028299 -0.032240
v 0.009784 -0.028295 -0.032778
v 0.010142 -0.028324 -0.033163
v 0.008439 -0.028311 -0.032076
v 0.009518 -0.028356 -0.032347
v 0.009447 -0.028420 -0.031773
v 0.010643 -0.028457 -0.031801
v 0.008770 -0.028410 -0.031464
v 0.010341 -0.028364 -0.033503
v 0.010162 -0.028224 -0.033611
v 0.009701 -0.028467 -0.028410
v 0.007933 -0.028124 -0.032291
v 0.007176 -0.028226 -0.032096
v 0.008059 -0.028323 -0.031915
v 0.007690 -0.028441 -0.031135
v 0.010862 -0.028424 -0.033132
v 0.006611 -0.028392 -0.031533
v 0.005929 -0.028294 -0.032018
v 0.005871 -0.028414 -0.031531
v 0.005207 -0.028363 -0.031887
v 0.004760 -0.028199 -0.032210
v 0.004472 -0.028351 -0.031914
v 0.003332 -0.028411 -0.031554
v 0.003846 -0.028217 -0.032177
v 0.002878 -0.028193 -0.032159
v 0.001961 -0.028378 -0.031657
v 0.002464 -0.028355 -0.031820
v 0.001466 -0.028281 -0.031957
v 0.005351 -0.028024 -0.032463
v 0.002184 -0.028011 -0.032415
v 0.001074 -0.027961 -0.032412
v 0.000799 -0.028249 -0.032045
v 0.006618 -0.027948 -0.032483
v 0.007332 -0.027965 -0.032419
v 0.003633 -0.027961 -0.032465
v 0.006888 -0.027721 -0.032591
v 0.005976 -0.027593 -0.032789
v 0.004174 -0.027779 -0.032603
v 0.002663 -0.027623 -0.032744
v 0.001535 -0.027632 -0.032680
v 0.000708 -0.027615 -0.032656
v 0.000693 -0.028366 -0.031457
v 0.002362 -0.028435 -0.030284
v 0.004555 -0.028440 -0.030822
v 0.000427 -0.028022 -0.032366
v 0.006696 -0.028468 -0.029937
v 0.003696 -0.027588 -0.032708
v 0.007180 -0.027562 -0.032739
v 0.004743 -0.027550 -0.032772
v -0.000762 -0.027538 -0.032914
v -0.000720 -0.027831 -0.032785
v -0.000620 -0.027544 -0.032809
v -0.000264 -0.027525 -0.032714
v -0.000143 -0.027733 -0.032536
v -0.000180 -0.027522 -0.032583
v -0.000039 -0.027527 -0.032595
v 0.000117 -0.027780 -0.032551
v 0.000195 -0.027534 -0.032970
v -0.000469 -0.027669 -0.032653
v -0.000853 -0.027577 -0.032987
v -0.001750 -0.027511 -0.033348
v -0.001058 -0.027637 -0.033198
v -0.000938 -0.027495 -0.033104
v -0.000606 -0.027505 -0.033168
v -0.001334 -0.027513 -0.033758
v -0.001336 -0.027485 -0.033411
v -0.001316 -0.027657 -0.033315
v -0.001432 -0.027487 -0.033397
v -0.001573 -0.027485 -0.033438
v -0.001554 -0.027656 -0.033325
v -0.001826 -0.027753 -0.033305
v -0.001617 -0.028357 -0.032982
v -0.001674 -0.028271 -0.033135
v -0.001525 -0.027950 -0.033237
v -0.001732 -0.028172 -0.033190
v -0.001352 -0.028213 -0.033077
v -0.001427 -0.028088 -0.033192
v -0.001413 -0.028348 -0.032865
v -0.001121 -0.027893 -0.033095
v -0.001264 -0.028391 -0.032318
v -0.001152 -0.028229 -0.032855
v -0.000529 -0.028019 -0.032523
v -0.000319 -0.027940 -0.032461
v -0.000056 -0.027998 -0.032367
v -0.000926 -0.028047 -0.032835
v -0.000836 -0.028213 -0.032525
v -0.000177 -0.028245 -0.031884
v 0.000088 -0.028242 -0.032073
v -0.000677 -0.028368 -0.031816
v 0.000622 -0.028459 -0.029348
v 0.012410 -0.028455 -0.014703
v 0.009586 -0.028430 -0.013333
v 0.007324 -0.028422 -0.013232
v 0.001901 -0.028451 -0.014814
v 0.003819 -0.028456 -0.014014
v 0.005673 -0.028440 -0.013470
v 0.004114 -0.028456 -0.012799
v 0.002863 -0.028464 -0.012846
v 0.013244 -0.028492 -0.018046
v 0.013293 -0.028488 -0.020917
v 0.013804 -0.028484 -0.026163
v 0.014164 -0.028497 -0.023037
v 0.013939 -0.028470 -0.030422
v 0.013400 -0.028425 -0.032655
v 0.014942 -0.028439 -0.032797
v 0.012315 -0.028430 -0.032613
v 0.011714 -0.028323 -0.033946
v 0.010897 -0.028387 -0.033862
v 0.015105 -0.028475 -0.013538
v 0.015436 -0.028474 -0.015916
v 0.015690 -0.028447 -0.032403
v 0.009833 -0.028355 -0.011912
v 0.011630 -0.028387 -0.012113
v 0.013709 -0.028436 -0.012610
v 0.014218 -0.028390 -0.033643
v 0.002338 -0.028242 -0.011302
v 0.002216 -0.028410 -0.012059
v 0.003453 -0.028351 -0.011619
v 0.010594 -0.028229 -0.011315
v 0.011617 -0.028225 -0.011308
v 0.012587 -0.028277 -0.011377
v 0.013632 -0.028310 -0.011371
v 0.014724 -0.028302 -0.011296
v 0.014700 -0.028428 -0.011764
v 0.015589 -0.028416 -0.011744
v 0.015741 -0.028309 -0.011343
v 0.002521 -0.027990 -0.010950
v 0.003752 -0.028031 -0.010984
v 0.004832 -0.028318 -0.011584
v 0.004574 -0.028139 -0.011145
v 0.005940 -0.028282 -0.011588
v 0.005534 -0.028121 -0.011145
v 0.006871 -0.028237 -0.011417
v 0.006481 -0.027977 -0.010998
v 0.007714 -0.028246 -0.011414
v 0.007530 -0.028048 -0.011049
v 0.008715 -0.028263 -0.011524
v 0.008400 -0.028075 -0.011102
v 0.009650 -0.028214 -0.011284
v 0.009220 -0.027989 -0.010938
v 0.010396 -0.028042 -0.010990
v 0.011445 -0.028014 -0.010943
v 0.012572 -0.028068 -0.011022
v 0.013455 -0.028111 -0.011066
v 0.014316 -0.028154 -0.011084
v 0.015253 -0.028068 -0.011014
v 0.002796 -0.027782 -0.010799
v 0.005108 -0.027925 -0.010861
v 0.007357 -0.027678 -0.010762
v 0.008148 -0.027926 -0.010844
v 0.013433 -0.027914 -0.010882
v 0.014325 -0.027874 -0.010888
v 0.015457 -0.027820 -0.010852
v 0.016173 -0.028429 -0.011999
v 0.013903 -0.028426 -0.011925
v 0.016197 -0.028063 -0.011017
v 0.017806 -0.027436 -0.010777
v 0.018221 -0.026980 -0.010743
v 0.018338 -0.027209 -0.010910
v 0.016885 -0.027957 -0.010965
v 0.016401 -0.027774 -0.010847
v 0.017268 -0.027728 -0.010819
v 0.017323 -0.027955 -0.011043
v 0.017989 -0.027718 -0.011169
v 0.018598 -0.027249 -0.011176
v 0.018510 -0.027575 -0.011841
v 0.017485 -0.028171 -0.011449
v 0.016596 -0.028263 -0.011294
v 0.017896 -0.027977 -0.011497
v 0.017036 -0.028282 -0.011410
v 0.017659 -0.028172 -0.011831
v 0.016783 -0.028389 -0.011840
v 0.018961 -0.026321 -0.010763
v 0.018672 -0.026956 -0.010945
v 0.018974 -0.027008 -0.011423
v 0.019268 -0.026902 -0.012043
v 0.017976 -0.027998 -0.012397
v 0.017288 -0.028307 -0.012343
v 0.018449 -0.027701 -0.032066
v 0.018916 -0.027275 -0.033228
v 0.018531 -0.027625 -0.033388
v 0.018222 -0.027863 -0.033396
v 0.018459 -0.027711 -0.029988
v 0.019475 -0.026776 -0.030063
v 0.018321 -0.027786 -0.027866
v 0.019469 -0.026811 -0.026389
v 0.018301 -0.027808 -0.025465
v 0.018483 -0.027671 -0.023637
v 0.019775 -0.026554 -0.022596
v 0.018327 -0.027790 -0.021487
v 0.018897 -0.027367 -0.021092
v 0.018405 -0.027727 -0.019536
v 0.019877 -0.026420 -0.018632
v 0.018295 -0.027796 -0.017504
v 0.018858 -0.027353 -0.016570
v 0.018213 -0.027876 -0.015485
v 0.018399 -0.027706 -0.014025
v 0.018995 -0.027180 -0.012972
v 0.017796 -0.028096 -0.033034
v 0.017706 -0.028127 -0.031750
v 0.017831 -0.028074 -0.029950
v 0.017701 -0.028151 -0.013779
v 0.017348 -0.028246 -0.027934
v 0.017449 -0.028224 -0.025708
v 0.017391 -0.028214 -0.022647
v 0.017414 -0.028213 -0.018718
v 0.017543 -0.028212 -0.015744
v 0.017124 -0.028323 -0.032698
v 0.016888 -0.028341 -0.030568
v 0.016847 -0.028395 -0.013751
v 0.016444 -0.028409 -0.032120
v 0.016354 -0.028408 -0.028571
v 0.016595 -0.028403 -0.026081
v 0.016444 -0.028411 -0.023998
v 0.016194 -0.028423 -0.021913
v 0.016234 -0.028412 -0.019823
v 0.016263 -0.028422 -0.017650
v 0.016680 -0.028408 -0.015703
v 0.016622 -0.028385 -0.033332
v 0.016551 -0.028432 -0.012607
v 0.020206 -0.026025 -0.014210
v 0.019350 -0.026844 -0.033041
v 0.017435 -0.028177 -0.033734
v 0.016194 -0.028374 -0.033747
v 0.025955 -0.020197 -0.033894
v 0.026224 -0.020072 -0.032908
v 0.026493 -0.019625 -0.034011
v 0.018774 -0.027260 -0.033992
v 0.019775 -0.026319 -0.033596
v 0.019426 -0.026527 -0.034100
v 0.025766 -0.019942 -0.034385
v 0.025443 -0.020845 -0.033233
v 0.024962 -0.021062 -0.034042
v 0.024649 -0.021576 -0.033563
v 0.024039 -0.022011 -0.034032
v 0.023610 -0.022597 -0.033570
v 0.023007 -0.022942 -0.034136
v 0.022321 -0.023819 -0.033725
v 0.022799 -0.023314 -0.033856
v 0.021918 -0.023988 -0.034182
v 0.021905 -0.024303 -0.033073
v 0.021327 -0.024778 -0.033495
v 0.021172 -0.024753 -0.034063
v 0.020402 -0.025654 -0.033727
v 0.018762 -0.027089 -0.034285
v 0.026665 -0.019213 -0.034323
v 0.023354 -0.022265 -0.034417
v 0.022452 -0.023090 -0.034549
v 0.020624 -0.025172 -0.034279
v 0.018793 -0.026814 -0.034458
v 0.026422 -0.019134 -0.034512
v 0.014910 -0.028304 -0.033978
v 0.014692 -0.028038 -0.034452
v 0.014192 -0.028158 -0.034278
v 0.024833 -0.020769 -0.034413
v 0.024107 -0.021513 -0.034367
v 0.021054 -0.024183 -0.034706
v 0.020836 -0.024797 -0.034448
v 0.019943 -0.025593 -0.034519
v 0.018839 -0.026350 -0.034635
v 0.025872 -0.019246 -0.034648
v 0.024898 -0.020214 -0.034665
v 0.023997 -0.021285 -0.034569
v 0.023561 -0.021858 -0.034497
v 0.023087 -0.022195 -0.034647
v 0.021739 -0.023163 -0.035002
v 0.022227 -0.024028 -0.030251
v 0.022281 -0.023955 -0.032614
v 0.022840 -0.023421 -0.032648
v 0.018305 -0.027070 -0.034540
v 0.026875 -0.019388 -0.033588
v 0.024674 -0.021620 -0.031522
v 0.020071 -0.026126 -0.032327
v 0.026960 -0.018773 -0.034424
v 0.018230 -0.027726 -0.034053
v 0.017883 -0.027970 -0.033957
v 0.016702 -0.028249 -0.034038
v 0.018346 -0.027481 -0.034279
v 0.017858 -0.027809 -0.034264
v 0.017323 -0.028068 -0.034185
v 0.017935 -0.027493 -0.034493
v 0.017276 -0.027823 -0.034453
v 0.016626 -0.027943 -0.034463
v 0.017480 -0.027401 -0.034670
v 0.018005 -0.026962 -0.034712
v 0.017028 -0.027572 -0.034644
v 0.015569 -0.028381 -0.033729
v 0.013969 -0.028061 -0.034376
v 0.015887 -0.027811 -0.034603
v 0.015898 -0.028205 -0.034187
v 0.016363 -0.027759 -0.034657
v 0.013654 -0.028251 -0.034094
v 0.013016 -0.028119 -0.034308
v 0.012653 -0.028331 -0.033870
v 0.012360 -0.028143 -0.034242
v 0.011550 -0.028115 -0.034292
v 0.011642 -0.027944 -0.034447
v 0.012404 -0.027939 -0.034500
v 0.015005 -0.027590 -0.034797
v 0.013723 -0.027636 -0.034702
v 0.011892 -0.027709 -0.034603
v 0.011347 -0.027727 -0.034614
v 0.010578 -0.028400 -0.033720
v 0.010401 -0.028365 -0.033657
v 0.010890 -0.028199 -0.034160
v 0.010501 -0.028296 -0.033898
v 0.010449 -0.028028 -0.034145
v 0.010236 -0.028124 -0.033861
v 0.010923 -0.027933 -0.034392
v 0.010623 -0.027971 -0.034265
v 0.010141 -0.027789 -0.034013
v 0.010485 -0.027722 -0.034317
v 0.010851 -0.027662 -0.034563
v 0.009926 -0.027536 -0.034041
v 0.010222 -0.027526 -0.034163
v 0.010501 -0.027508 -0.034581
v 0.011081 -0.027534 -0.035160
v 0.011885 -0.027526 -0.034877
v 0.010450 -0.027498 -0.034369
v 0.010349 -0.027504 -0.034277
v 0.010112 -0.027540 -0.034049
v 0.023670 -0.021350 -0.034971
v 0.019311 -0.025660 -0.035205
v 0.017255 -0.027375 -0.034754
v 0.016632 -0.027565 -0.034698
v 0.015881 -0.027552 -0.035092
v 0.012472 -0.027566 -0.034706
v 0.026695 -0.018519 -0.034657
v 0.027196 -0.018027 -0.034605
v 0.026863 -0.017975 -0.034863
v 0.027234 -0.017408 -0.034687
v 0.027521 -0.017071 -0.034511
v 0.027280 -0.016322 -0.034671
v 0.027240 -0.015107 -0.034926
v 0.027364 -0.013881 -0.034711
v 0.027307 -0.013302 -0.035057
v 0.027512 -0.012585 -0.034608
v 0.027313 -0.011710 -0.034874
v 0.027299 -0.010508 -0.034744
v 0.027648 -0.010984 -0.034528
v 0.027314 -0.013323 -0.034743
v 0.027513 -0.015037 -0.034601
v 0.027322 -0.010316 -0.010608
v 0.027327 -0.009639 -0.010599
v 0.027420 -0.010239 -0.010767
v 0.027332 -0.009110 -0.010561
v 0.027461 -0.009058 -0.010775
v 0.027330 -0.008726 -0.010640
v 0.027378 -0.008391 -0.010608
v 0.027527 -0.008245 -0.010859
v 0.027365 -0.008094 -0.010693
v 0.027388 -0.007777 -0.010759
v 0.027400 -0.007411 -0.010990
v 0.027355 -0.006847 -0.011086
v 0.027516 -0.006682 -0.011314
v 0.027327 -0.006588 -0.011210
v 0.027421 -0.006084 -0.011049
v 0.027330 -0.006170 -0.011448
v 0.027337 -0.005912 -0.011520
v 0.027589 -0.006087 -0.011588
v 0.027391 -0.005487 -0.011647
v 0.027429 -0.005055 -0.011825
v 0.027818 -0.005544 -0.011886
v 0.027482 -0.004634 -0.012067
v 0.027416 -0.004284 -0.012145
v 0.027598 -0.003958 -0.012512
v 0.027416 -0.003995 -0.012249
v 0.027406 -0.003760 -0.012447
v 0.027414 -0.003600 -0.012581
v 0.027473 -0.003374 -0.012784
v 0.027461 -0.002957 -0.013022
v 0.027457 -0.002739 -0.013253
v 0.027843 -0.003221 -0.013232
v 0.027440 -0.002550 -0.013451
v 0.027409 -0.002322 -0.013576
v 0.027632 -0.002164 -0.013894
v 0.027403 -0.002180 -0.013680
v 0.027412 -0.002032 -0.013794
v 0.027450 -0.001783 -0.013970
v 0.027475 -0.001613 -0.014295
v 0.027523 -0.001313 -0.014671
v 0.027786 -0.001772 -0.014458
v 0.027491 -0.000524 -0.015162
v 0.027436 -0.000776 -0.015410
v 0.027623 -0.000857 -0.015410
v 0.027450 -0.000682 -0.015571
v 0.027465 -0.000456 -0.015754
v 0.027774 -0.000708 -0.015733
v 0.027473 -0.000304 -0.015997
v 0.027531 -0.000041 -0.016416
v 0.027443 0.000154 -0.016696
v 0.027473 0.000205 -0.016826
v 0.027503 0.000587 -0.016778
v 0.027528 0.000419 -0.017368
v 0.027686 0.000121 -0.016868
v 0.027478 0.000733 -0.018146
v 0.027477 0.000873 -0.018337
v 0.027767 0.000760 -0.018344
v 0.027526 0.001383 -0.018588
v 0.027490 0.001164 -0.019102
v 0.027768 0.000994 -0.019073
v 0.027489 0.001174 -0.019349
v 0.027516 0.001650 -0.019711
v 0.027649 0.001181 -0.019570
v 0.027549 0.001267 -0.019787
v 0.027510 0.001357 -0.020147
v 0.027490 0.001514 -0.020431
v 0.027582 0.001450 -0.020636
v 0.027502 0.001616 -0.021417
v 0.027494 0.001662 -0.021657
v 0.027705 0.001503 -0.021731
v 0.027500 0.001848 -0.021991
v 0.027497 0.001646 -0.022394
v 0.027649 0.001547 -0.022185
v 0.027542 0.001527 -0.021183
v 0.027534 0.000613 -0.017940
v 0.027495 -0.001056 -0.015099
v 0.027672 0.001544 -0.022517
v 0.027593 0.001581 -0.022995
v 0.027741 0.001546 -0.022727
v 0.027525 0.002032 -0.022690
v 0.027622 -0.009863 -0.034499
v 0.027391 -0.009752 -0.034682
v 0.027840 0.001439 -0.023476
v 0.027529 0.001660 -0.023323
v 0.027561 0.001593 -0.023924
v 0.027516 0.001831 -0.024750
v 0.027466 0.001453 -0.024945
v 0.027664 0.001359 -0.025069
v 0.027465 0.001406 -0.025155
v 0.027467 0.001344 -0.025922
v 0.027461 0.001324 -0.026157
v 0.027662 0.001127 -0.026296
v 0.027467 0.001314 -0.026407
v 0.027506 0.001516 -0.026988
v 0.027572 0.000787 -0.027149
v 0.027480 0.000839 -0.028249
v 0.027470 0.000244 -0.028448
v 0.027536 0.000333 -0.028192
v 0.027452 0.000156 -0.028747
v 0.027805 -0.000044 -0.028596
v 0.027455 -0.000055 -0.028993
v 0.027451 0.000227 -0.029642
v 0.027526 -0.000352 -0.029340
v 0.027453 -0.000568 -0.029585
v 0.027454 -0.000455 -0.029860
v 0.027586 -0.000731 -0.029760
v 0.027475 -0.000789 -0.030110
v 0.027483 -0.000903 -0.030342
v 0.027785 -0.001083 -0.030136
v 0.027485 -0.001024 -0.030497
v 0.027401 -0.001987 -0.031539
v 0.027393 -0.002132 -0.031740
v 0.027599 -0.002284 -0.031675
v 0.027394 -0.002310 -0.031865
v 0.027417 -0.002228 -0.032341
v 0.027477 -0.002945 -0.032188
v 0.027445 -0.003456 -0.032615
v 0.027436 -0.003347 -0.033028
v 0.027649 -0.003594 -0.032570
v 0.027563 -0.004042 -0.032862
v 0.027387 -0.004243 -0.033225
v 0.027380 -0.004524 -0.033360
v 0.027621 -0.004562 -0.033159
v 0.027440 -0.004860 -0.033486
v 0.027382 -0.005371 -0.033618
v 0.027395 -0.005419 -0.034046
v 0.027505 -0.005465 -0.033571
v 0.027498 -0.005828 -0.033702
v 0.027339 -0.006316 -0.034132
v 0.027309 -0.006672 -0.034287
v 0.027428 -0.006726 -0.034123
v 0.027292 -0.006939 -0.034283
v 0.027294 -0.007104 -0.034322
v 0.027337 -0.007219 -0.034794
v 0.027353 -0.007782 -0.034517
v 0.027530 -0.007295 -0.034270
v 0.027341 -0.008376 -0.034966
v 0.027312 -0.009038 -0.034682
v 0.027503 -0.008541 -0.034471
v 0.027294 -0.009607 -0.035088
v 0.027476 -0.009362 -0.034585
v 0.027259 -0.009848 -0.034757
v 0.027373 -0.008394 -0.034546
v 0.027421 -0.006049 -0.033866
v 0.027410 -0.005186 -0.033521
v 0.027428 -0.004050 -0.033000
v 0.027496 -0.003320 -0.032466
v 0.027448 -0.001824 -0.031327
v 0.027544 -0.001218 -0.030706
v 0.027547 0.001374 -0.025521
v 0.027531 0.001414 -0.024663
v 0.028265 0.000637 -0.024201
v 0.028181 0.000482 -0.025665
v 0.028342 -0.000676 -0.024478
v 0.028385 -0.001658 -0.026276
v 0.028234 0.000249 -0.026534
v 0.028325 -0.000928 -0.028549
v 0.028239 -0.000779 -0.028966
v 0.028195 -0.001268 -0.029672
v 0.028278 -0.001652 -0.029949
v 0.028317 -0.001773 -0.029462
v 0.028248 -0.002166 -0.030509
v 0.028325 -0.002121 -0.030200
v 0.028347 -0.002542 -0.029767
v 0.028278 -0.002899 -0.030789
v 0.028230 -0.003374 -0.031450
v 0.028228 -0.003848 -0.031962
v 0.028299 -0.004384 -0.031698
v 0.028256 -0.005338 -0.032619
v 0.028148 -0.004983 -0.032787
v 0.028130 -0.005634 -0.033133
v 0.028117 -0.006393 -0.033357
v 0.028255 -0.006397 -0.032389
v 0.028184 -0.006900 -0.033305
v 0.028273 0.000901 -0.023390
v 0.028125 0.001089 -0.023967
v 0.027936 0.001082 -0.025136
v 0.028329 -0.000110 -0.027020
v 0.028195 0.000072 -0.027421
v 0.028277 -0.000344 -0.027981
v 0.028172 -0.000603 -0.028830
v 0.028172 -0.002775 -0.031235
v 0.028076 -0.003903 -0.032262
v 0.027941 -0.003263 -0.032021
v 0.028142 -0.008021 -0.033519
v 0.027963 -0.007413 -0.033858
v 0.028138 0.001193 -0.023142
v 0.028003 0.000495 -0.026916
v 0.027881 0.000296 -0.027773
v 0.028037 -0.000153 -0.028302
v 0.028071 -0.000921 -0.029489
v 0.028100 -0.001872 -0.030564
v 0.027906 -0.004637 -0.032910
v 0.027988 -0.005636 -0.033318
v 0.027846 -0.006156 -0.033627
v 0.027802 -0.007012 -0.033940
v 0.028081 -0.009700 -0.033761
v 0.027828 -0.009058 -0.034257
v 0.027905 -0.009707 -0.034238
v 0.027903 -0.000571 -0.029204
v 0.027823 -0.003923 -0.032574
v 0.027831 -0.005407 -0.033340
v 0.027823 -0.008163 -0.034145
v 0.027859 0.001345 -0.024120
v 0.027897 0.000798 -0.026325
v 0.027800 -0.001755 -0.030948
v 0.027843 -0.002536 -0.031530
v 0.027493 -0.007857 -0.034342
v 0.027648 -0.005117 -0.033342
v 0.027570 0.001440 -0.024423
v 0.027533 0.000509 -0.027879
v 0.027466 -0.001486 -0.031102
v 0.027869 -0.010335 -0.034259
v 0.028312 -0.004730 -0.029501
v 0.028342 -0.002076 -0.028356
v 0.028363 -0.000185 -0.022557
v 0.028315 0.000873 -0.022889
v 0.027902 0.001409 -0.022976
v 0.028323 0.000899 -0.022612
v 0.028339 0.000805 -0.022335
v 0.028213 0.001120 -0.022346
v 0.028172 0.001186 -0.022723
v 0.027957 0.001375 -0.022578
v 0.027918 0.001367 -0.022136
v 0.028060 -0.008803 -0.011539
v 0.028187 -0.007443 -0.011998
v 0.028248 -0.008406 -0.012917
v 0.028139 -0.004690 -0.012638
v 0.028125 -0.004130 -0.013047
v 0.028248 -0.004648 -0.013118
v 0.028197 -0.003749 -0.013570
v 0.028317 -0.005230 -0.014301
v 0.028130 -0.002853 -0.013968
v 0.028287 -0.002889 -0.014463
v 0.028182 -0.002421 -0.014379
v 0.028234 -0.002142 -0.014750
v 0.028220 -0.001567 -0.015321
v 0.028336 -0.002122 -0.015579
v 0.028172 -0.000887 -0.016156
v 0.028333 -0.001309 -0.016356
v 0.028350 -0.000681 -0.017521
v 0.028223 -0.000002 -0.017795
v 0.028370 -0.000554 -0.018160
v 0.028299 -0.000688 -0.017018
v 0.028339 0.000074 -0.018726
v 0.028282 0.000532 -0.019527
v 0.028303 0.000727 -0.020264
v 0.028368 0.000434 -0.019917
v 0.028263 0.000917 -0.020948
v 0.028381 0.000523 -0.021163
v 0.028086 -0.010189 -0.011570
v 0.027854 -0.009603 -0.011137
v 0.028179 -0.009421 -0.011919
v 0.027969 -0.007565 -0.011521
v 0.028202 -0.006465 -0.012096
v 0.028049 -0.006538 -0.011832
v 0.028229 -0.005860 -0.012323
v 0.028074 -0.005477 -0.012185
v 0.028215 -0.005375 -0.012426
v 0.028085 -0.001496 -0.015153
v 0.028020 -0.001797 -0.014733
v 0.028141 -0.000211 -0.017118
v 0.028218 0.000465 -0.018834
v 0.027997 0.000574 -0.018410
v 0.028273 0.000952 -0.021843
v 0.027756 -0.008930 -0.011058
v 0.027754 -0.007829 -0.011231
v 0.027998 -0.004770 -0.012426
v 0.027911 -0.004133 -0.012711
v 0.027945 -0.002351 -0.014104
v 0.028038 -0.000980 -0.015708
v 0.028004 0.000849 -0.019317
v 0.028090 0.000977 -0.020174
v 0.028119 0.001078 -0.020776
v 0.028028 0.001247 -0.021558
v 0.027862 -0.000416 -0.016274
v 0.027897 0.000041 -0.017085
v 0.027928 0.000353 -0.017775
v 0.027809 -0.010348 -0.011054
v 0.027593 -0.009594 -0.010881
v 0.027750 -0.006629 -0.011564
v 0.027822 -0.004608 -0.012358
v 0.027814 -0.001256 -0.015100
v 0.027858 0.001130 -0.019924
v 0.027899 0.001270 -0.020928
v 0.027585 0.000463 -0.017644
v 0.028356 -0.002532 -0.017632
v 0.028329 -0.003917 -0.015248
v 0.028281 -0.005503 -0.012950
v 0.028280 -0.006584 -0.013096
v 0.028237 -0.010164 -0.013489
v 0.028375 -0.001010 -0.020289
v 0.028392 0.000124 -0.020371
v 0.027648 -0.017568 -0.011011
v 0.027491 -0.017172 -0.010864
v 0.027766 -0.016832 -0.011033
v 0.027313 -0.017566 -0.010788
v 0.026956 -0.018272 -0.010819
v 0.027332 -0.018190 -0.010971
v 0.026990 -0.018718 -0.010985
v 0.026772 -0.018638 -0.010886
v 0.027885 -0.017227 -0.011197
v 0.027285 -0.018646 -0.011097
v 0.027558 -0.018220 -0.011129
v 0.026849 -0.019077 -0.011040
v 0.027784 -0.017906 -0.011325
v 0.027970 -0.017260 -0.011480
v 0.027573 -0.018542 -0.011500
v 0.027168 -0.018996 -0.011264
v 0.028023 -0.017333 -0.012045
v 0.028086 -0.016562 -0.012386
v 0.027932 -0.017745 -0.011919
v 0.027823 -0.018069 -0.012075
v 0.026673 -0.019665 -0.012256
v 0.026712 -0.019502 -0.011406
v 0.027195 -0.019084 -0.011830
v 0.026438 -0.018979 -0.010880
v 0.027279 -0.016514 -0.010712
v 0.027597 -0.015972 -0.010858
v 0.027867 -0.015992 -0.011185
v 0.027945 -0.016568 -0.011349
v 0.027567 -0.018607 -0.012109
v 0.028043 -0.015443 -0.011815
v 0.028118 -0.015651 -0.013225
v 0.028042 -0.014306 -0.011810
v 0.027786 -0.014783 -0.011057
v 0.027808 -0.013315 -0.011069
v 0.028009 -0.013061 -0.011562
v 0.028077 -0.012403 -0.011754
v 0.027896 -0.012295 -0.011210
v 0.028015 -0.011206 -0.011490
v 0.027812 -0.011358 -0.011031
v 0.027657 -0.014026 -0.010770
v 0.027641 -0.013096 -0.010762
v 0.027613 -0.012105 -0.010776
v 0.027528 -0.010879 -0.010749
v 0.027381 -0.015193 -0.010542
v 0.027435 -0.013271 -0.010496
v 0.028153 -0.011917 -0.012280
v 0.028141 -0.013247 -0.013132
v 0.028108 -0.014568 -0.013084
v 0.028154 -0.014614 -0.029727
v 0.028145 -0.014070 -0.032504
v 0.028131 -0.015613 -0.032520
v 0.028219 -0.010468 -0.028150
v 0.028171 -0.011216 -0.032505
v 0.028152 -0.012526 -0.032489
v 0.028231 -0.008856 -0.032190
v 0.028309 -0.005287 -0.031962
v 0.028198 -0.013888 -0.026997
v 0.028232 -0.011571 -0.021735
v 0.028331 -0.004184 -0.022690
v 0.028364 -0.000668 -0.027400
v 0.028204 -0.011255 -0.015776
v 0.028151 -0.014415 -0.016528
v 0.028290 -0.006885 -0.016220
v 0.028078 -0.016674 -0.015523
v 0.028099 -0.016363 -0.014036
v 0.028107 -0.013291 -0.033590
v 0.028075 -0.014791 -0.033770
v 0.028076 -0.015612 -0.033781
v 0.028117 -0.016506 -0.031499
v 0.028162 -0.015655 -0.024275
v 0.028004 -0.016416 -0.033980
v 0.027995 -0.011112 -0.033920
v 0.028059 -0.012176 -0.033731
v 0.027979 -0.015495 -0.034104
v 0.027821 -0.012422 -0.034229
v 0.028015 -0.012840 -0.033947
v 0.027720 -0.013610 -0.034407
v 0.028031 -0.013865 -0.033956
v 0.027951 -0.014377 -0.034172
v 0.027805 -0.016071 -0.034317
v 0.027793 -0.014987 -0.034365
v 0.027561 -0.015924 -0.034495
v 0.027622 -0.016582 -0.034452
v 0.028070 -0.016951 -0.033524
v 0.027936 -0.017184 -0.034132
v 0.027998 -0.017488 -0.033840
v 0.027851 -0.017743 -0.034124
v 0.027851 -0.017991 -0.033742
v 0.027706 -0.018069 -0.034147
v 0.027557 -0.018457 -0.033952
v 0.027158 -0.018920 -0.034059
v 0.027302 -0.018937 -0.033452
v 0.027358 -0.018344 -0.034361
v 0.027821 -0.016929 -0.034275
v 0.027644 -0.017661 -0.034376
v 0.027522 -0.018644 -0.032965
v 0.027868 -0.017968 -0.032239
v 0.028003 -0.017562 -0.033364
v 0.026737 -0.019594 -0.032050
v 0.027245 -0.019045 -0.013575
v 0.027001 -0.019326 -0.030549
v 0.027436 -0.018748 -0.031536
v 0.027596 -0.018553 -0.015705
v 0.027055 -0.019301 -0.016279
v 0.027540 -0.018651 -0.017791
v 0.027136 -0.019231 -0.017793
v 0.027391 -0.018850 -0.019492
v 0.026221 -0.020166 -0.018523
v 0.027341 -0.018878 -0.021590
v 0.026632 -0.019734 -0.021983
v 0.027298 -0.018954 -0.023730
v 0.026683 -0.019676 -0.024342
v 0.027409 -0.018803 -0.025806
v 0.026969 -0.019370 -0.026270
v 0.027358 -0.018851 -0.027916
v 0.025033 -0.021324 -0.028290
v 0.027273 -0.018972 -0.029739
v 0.027730 -0.018272 -0.013883
v 0.027756 -0.018225 -0.012865
v 0.027897 -0.017838 -0.015549
v 0.027878 -0.017829 -0.017653
v 0.027853 -0.017852 -0.020720
v 0.027836 -0.017959 -0.024574
v 0.027833 -0.017954 -0.027663
v 0.027771 -0.018126 -0.029917
v 0.027987 -0.017458 -0.013339
v 0.028004 -0.017450 -0.031577
v 0.028010 -0.017367 -0.015394
v 0.028025 -0.017132 -0.017051
v 0.028048 -0.016720 -0.019390
v 0.028072 -0.016651 -0.021838
v 0.028051 -0.017197 -0.023598
v 0.028066 -0.017155 -0.025366
v 0.028063 -0.016910 -0.027377
v 0.028034 -0.017198 -0.029807
v 0.028051 -0.017241 -0.032643
v 0.023124 -0.023219 -0.023019
v 0.025916 -0.020422 -0.014270
v 0.022484 -0.023716 -0.013009
v 0.023250 -0.023038 -0.015217
v 0.021007 -0.025183 -0.012769
v 0.023414 -0.022827 -0.012604
v 0.023041 -0.023185 -0.012360
v 0.022464 -0.023660 -0.011603
v 0.025024 -0.021213 -0.012112
v 0.019968 -0.026161 -0.011747
v 0.026009 -0.020194 -0.011679
v 0.020206 -0.025646 -0.011201
v 0.020761 -0.025299 -0.011507
v 0.021367 -0.024711 -0.011566
v 0.020989 -0.024898 -0.011201
v 0.021852 -0.024110 -0.011341
v 0.022687 -0.023152 -0.011170
v 0.022949 -0.023135 -0.011408
v 0.023379 -0.022758 -0.011553
v 0.023575 -0.022325 -0.011211
v 0.023839 -0.022284 -0.011542
v 0.024182 -0.022004 -0.012030
v 0.024597 -0.021436 -0.011362
v 0.025574 -0.020498 -0.011347
v 0.026215 -0.019665 -0.011062
v 0.019362 -0.026289 -0.011020
v 0.021249 -0.024225 -0.010870
v 0.022137 -0.023518 -0.011025
v 0.024470 -0.021319 -0.010980
v 0.025275 -0.020475 -0.010958
v 0.020346 -0.025306 -0.010930
v 0.022778 -0.022771 -0.010948
v 0.023429 -0.021937 -0.010800
v 0.019765 -0.025653 -0.010825
v 0.022075 -0.023327 -0.010829
v 0.025836 -0.019611 -0.010827
v 0.022541 -0.022667 -0.010775
v 0.027401 -0.011643 -0.010504
v 0.027494 0.000908 -0.017615
v 0.027548 0.002729 -0.023614
v 0.027126 -0.017078 -0.035386
v 0.027269 -0.015634 -0.036251
v 0.025835 -0.019280 -0.035531
v 0.026652 -0.018283 -0.035884
v 0.023838 -0.021421 -0.036137
v 0.020390 -0.024693 -0.036037
v 0.022230 -0.023052 -0.036375
v 0.017717 -0.027038 -0.035284
v 0.016758 -0.027467 -0.035252
v 0.016532 -0.027515 -0.035919
v 0.012802 -0.027589 -0.035608
v 0.010318 -0.027606 -0.036390
v 0.009664 -0.027544 -0.034815
v 0.010061 -0.027492 -0.034377
v 0.008159 -0.027577 -0.033390
v 0.003975 -0.027573 -0.033919
v 0.001272 -0.027592 -0.033589
v -0.002822 -0.027613 -0.034436
v 0.014353 -0.027626 -0.035918
v 0.011795 -0.027845 -0.036315
v 0.009540 -0.027535 -0.036406
v 0.009213 -0.027497 -0.036408
v 0.009224 -0.027759 -0.036488
v 0.009381 -0.028278 -0.036549
v 0.009754 -0.027856 -0.036516
v 0.010513 -0.028452 -0.036516

g grp1
usemtl mtl1
f 1 2 3 
f 4 5 6 
f 7 8 9 
f 10 11 12 
f 2 13 14 
f 15 16 17 
f 18 19 20 
f 10 21 11 
f 18 20 22 
f 23 24 25 
f 26 27 25 
f 28 26 29 
f 30 20 16 
f 23 25 31 
f 4 26 32 
f 33 34 35 
f 36 37 38 
f 19 39 20 
f 40 41 42 
f 20 17 16 
f 43 31 44 
f 45 24 46 
f 2 22 13 
f 47 48 49 
f 2 1 50 
f 33 1 51 
f 45 52 53 
f 54 55 56 
f 57 58 59 
f 60 16 61 
f 16 15 62 
f 7 9 21 
f 13 6 14 
f 63 24 64 
f 65 66 67 
f 48 68 69 
f 70 57 71 
f 72 73 74 
f 15 75 76 
f 76 75 77 
f 31 25 78 
f 59 79 80 
f 73 71 74 
f 81 74 71 
f 69 68 82 
f 83 84 85 
f 46 86 45 
f 57 87 58 
f 25 27 88 
f 89 90 91 
f 92 27 26 
f 15 76 62 
f 28 30 93 
f 8 94 75 
f 54 10 55 
f 4 32 95 
f 53 52 79 
f 81 72 74 
f 96 31 97 
f 96 98 31 
f 99 100 101 
f 102 103 104 
f 105 106 107 
f 108 109 110 
f 111 112 113 
f 114 115 116 
f 116 117 118 
f 116 115 117 
f 113 112 119 
f 119 120 121 
f 122 113 123 
f 121 120 124 
f 119 121 125 
f 126 127 128 
f 129 130 131 
f 126 132 133 
f 134 135 136 
f 134 137 138 
f 139 140 141 
f 142 143 144 
f 145 146 128 
f 147 128 136 
f 148 145 149 
f 110 126 150 
f 110 109 151 
f 110 129 131 
f 152 153 154 
f 127 155 156 
f 157 147 158 
f 159 160 161 
f 159 162 163 
f 164 165 166 
f 167 166 160 
f 168 164 169 
f 170 167 171 
f 171 172 173 
f 174 167 170 
f 175 176 177 
f 178 179 180 
f 180 179 181 
f 182 183 184 
f 185 186 177 
f 187 181 188 
f 187 188 189 
f 183 190 186 
f 165 175 177 
f 191 66 65 
f 192 193 194 
f 192 165 195 
f 165 191 195 
f 192 195 193 
f 196 99 197 
f 198 199 200 
f 178 180 201 
f 180 187 202 
f 203 188 204 
f 204 205 206 
f 205 182 207 
f 67 66 208 
f 182 209 210 
f 210 211 212 
f 213 176 214 
f 215 216 217 
f 218 217 219 
f 220 218 221 
f 222 223 224 
f 225 223 226 
f 227 228 229 
f 230 229 231 
f 232 233 234 
f 235 231 236 
f 237 235 238 
f 239 236 240 
f 241 242 243 
f 244 243 245 
f 246 244 247 
f 245 142 248 
f 196 249 250 
f 250 251 252 
f 253 104 254 
f 255 253 256 
f 257 254 258 
f 259 257 260 
f 255 256 261 
f 262 258 263 
f 264 262 265 
f 266 263 267 
f 268 267 269 
f 269 267 270 
f 267 216 270 
f 270 271 272 
f 273 274 107 
f 275 276 277 
f 278 279 280 
f 280 281 282 
f 280 279 281 
f 282 41 40 
f 283 42 284 
f 285 283 286 
f 286 287 288 
f 289 284 290 
f 291 292 293 
f 294 295 296 
f 297 296 298 
f 247 299 300 
f 301 297 302 
f 302 303 304 
f 305 298 306 
f 307 305 308 
f 308 309 310 
f 311 306 312 
f 312 313 314 
f 315 243 244 
f 314 316 317 
f 216 318 271 
f 319 266 320 
f 265 263 321 
f 260 322 323 
f 256 254 261 
f 182 179 324 
f 324 325 326 
f 179 139 327 
f 140 245 328 
f 329 330 300 
f 331 332 333 
f 240 334 335 
f 238 236 336 
f 337 230 338 
f 339 227 340 
f 341 228 227 
f 222 224 342 
f 220 221 225 
f 343 215 344 
f 345 165 346 
f 346 347 348 
f 165 347 346 
f 194 65 233 
f 349 350 351 
f 351 350 352 
f 65 67 352 
f 66 177 84 
f 353 177 354 
f 347 192 348 
f 354 177 355 
f 355 177 356 
f 357 345 358 
f 356 359 360 
f 360 359 361 
f 362 359 363 
f 363 364 365 
f 281 279 41 
f 137 127 156 
f 154 153 366 
f 366 153 161 
f 367 166 368 
f 131 130 369 
f 130 146 370 
f 370 371 372 
f 373 296 297 
f 374 295 294 
f 291 293 374 
f 285 286 288 
f 375 42 283 
f 282 40 375 
f 376 279 278 
f 275 277 376 
f 107 106 377 
f 377 378 124 
f 379 110 380 
f 380 110 381 
f 313 312 382 
f 383 312 314 
f 307 308 310 
f 300 299 248 
f 384 332 385 
f 122 386 387 
f 247 245 299 
f 388 389 390 
f 389 378 391 
f 392 393 394 
f 395 393 396 
f 397 168 398 
f 399 170 400 
f 401 402 403 
f 404 402 405 
f 406 407 408 
f 408 407 406 
f 153 409 410 
f 411 135 412 
f 412 135 413 
f 413 135 414 
f 414 135 415 
f 415 135 416 
f 135 138 416 
f 138 417 418 
f 155 127 419 
f 420 127 421 
f 422 133 423 
f 424 425 426 
f 100 196 427 
f 196 428 427 
f 252 251 429 
f 430 106 105 
f 106 430 431 
f 378 106 432 
f 433 378 432 
f 378 433 391 
f 133 132 425 
f 112 108 120 
f 108 110 379 
f 119 112 120 
f 111 122 434 
f 119 388 386 
f 119 389 388 
f 119 125 389 
f 127 435 419 
f 127 133 421 
f 157 149 147 
f 425 114 426 
f 133 425 423 
f 138 436 416 
f 140 143 142 
f 437 179 438 
f 140 437 439 
f 330 247 300 
f 146 145 371 
f 371 148 440 
f 148 158 441 
f 146 371 370 
f 152 135 153 
f 158 136 442 
f 402 163 405 
f 163 443 444 
f 163 402 173 
f 443 153 445 
f 393 168 396 
f 168 170 398 
f 170 173 400 
f 364 182 446 
f 182 184 209 
f 188 182 204 
f 186 190 177 
f 447 180 202 
f 182 205 204 
f 448 182 210 
f 209 186 449 
f 212 211 450 
f 451 216 215 
f 186 213 452 
f 176 393 392 
f 163 162 443 
f 232 194 233 
f 165 453 166 
f 453 165 454 
f 160 166 367 
f 359 364 363 
f 177 359 356 
f 85 177 353 
f 83 66 84 
f 350 65 352 
f 352 67 208 
f 192 194 455 
f 101 100 456 
f 179 178 457 
f 458 249 104 
f 315 241 243 
f 326 325 459 
f 106 378 377 
f 110 131 381 
f 173 402 401 
f 135 409 153 
f 155 417 138 
f 460 461 462 
f 463 464 461 
f 464 463 465 
f 463 461 466 
f 466 461 467 
f 461 460 467 
f 468 463 469 
f 463 466 469 
f 470 465 471 
f 471 465 468 
f 465 463 468 
f 468 469 472 
f 469 466 467 
f 473 467 474 
f 475 470 476 
f 470 471 476 
f 471 468 472 
f 472 469 473 
f 469 467 473 
f 476 471 477 
f 471 472 478 
f 472 473 479 
f 479 473 480 
f 473 474 480 
f 475 476 481 
f 481 476 477 
f 477 471 482 
f 482 471 478 
f 478 472 483 
f 483 472 484 
f 472 479 484 
f 477 482 485 
f 485 482 478 
f 486 481 487 
f 487 481 477 
f 485 478 488 
f 478 483 488 
f 488 483 484 
f 484 479 489 
f 489 479 490 
f 487 477 491 
f 491 477 492 
f 477 485 492 
f 492 485 493 
f 493 485 488 
f 494 484 489 
f 495 487 491 
f 491 492 496 
f 492 493 496 
f 496 493 497 
f 493 488 497 
f 488 484 497 
f 497 484 494 
f 494 489 498 
f 499 500 501 
f 499 502 500 
f 500 502 503 
f 502 487 503 
f 503 487 495 
f 495 491 504 
f 504 491 496 
f 497 494 505 
f 505 494 506 
f 494 498 506 
f 506 498 507 
f 500 503 508 
f 508 503 509 
f 503 495 509 
f 509 495 504 
f 504 496 510 
f 496 497 510 
f 510 497 505 
f 505 506 511 
f 501 500 512 
f 512 500 508 
f 508 509 513 
f 513 509 504 
f 504 510 514 
f 514 510 515 
f 510 505 515 
f 515 505 511 
f 513 504 516 
f 516 504 514 
f 514 515 517 
f 515 511 518 
f 519 512 520 
f 512 508 520 
f 520 508 521 
f 508 513 521 
f 521 513 516 
f 522 516 523 
f 523 516 524 
f 516 514 524 
f 524 514 517 
f 517 515 518 
f 519 520 525 
f 525 520 526 
f 520 521 526 
f 521 516 522 
f 522 523 527 
f 523 524 527 
f 527 524 528 
f 524 517 528 
f 529 519 525 
f 526 521 530 
f 521 522 530 
f 530 522 531 
f 531 522 527 
f 528 517 532 
f 517 518 532 
f 529 525 533 
f 533 525 534 
f 525 526 534 
f 534 526 535 
f 526 530 535 
f 530 531 536 
f 531 527 536 
f 536 527 537 
f 527 528 537 
f 537 528 538 
f 528 532 538 
f 538 532 539 
f 540 529 533 
f 535 530 541 
f 530 536 541 
f 536 537 542 
f 537 538 542 
f 542 538 543 
f 538 539 543 
f 540 533 544 
f 533 534 544 
f 544 534 545 
f 534 535 545 
f 545 535 541 
f 541 536 546 
f 546 536 542 
f 540 547 548 
f 540 544 547 
f 545 541 549 
f 549 541 546 
f 546 542 550 
f 542 543 550 
f 547 544 551 
f 551 544 552 
f 544 545 552 
f 552 545 549 
f 549 546 553 
f 553 546 550 
f 548 547 554 
f 555 549 553 
f 553 550 556 
f 554 547 557 
f 547 551 557 
f 557 551 555 
f 551 552 555 
f 552 549 555 
f 555 553 558 
f 558 553 559 
f 553 556 559 
f 557 555 560 
f 560 555 558 
f 558 559 561 
f 554 557 562 
f 562 557 560 
f 560 558 561 
f 563 561 559 
f 564 559 556 
f 539 532 565 
f 498 489 490 
f 566 467 460 
f 567 460 462 
f 568 465 470 
f 470 475 569 
f 569 475 570 
f 570 486 571 
f 571 502 499 
f 572 512 573 
f 573 519 574 
f 574 529 575 
f 575 540 576 
f 576 540 577 
f 577 548 578 
f 578 554 579 
f 579 554 580 
f 461 464 462 
f 464 465 568 
f 474 467 566 
f 475 481 570 
f 481 486 570 
f 479 480 490 
f 486 487 571 
f 487 502 571 
f 501 512 572 
f 511 506 507 
f 518 511 507 
f 512 519 573 
f 519 529 574 
f 518 581 532 
f 529 540 575 
f 540 548 577 
f 550 543 582 
f 556 550 582 
f 548 554 578 
f 562 560 561 
f 580 554 562 
f 583 584 585 
f 585 584 568 
f 226 222 342 
f 584 464 568 
f 585 568 586 
f 587 583 588 
f 583 585 588 
f 585 586 588 
f 586 568 589 
f 589 568 470 
f 226 223 222 
f 587 588 590 
f 588 586 591 
f 586 592 591 
f 592 586 589 
f 587 593 594 
f 587 590 593 
f 590 588 595 
f 588 591 595 
f 591 592 596 
f 592 589 569 
f 589 470 569 
f 594 597 598 
f 594 593 597 
f 597 593 590 
f 595 591 599 
f 599 591 596 
f 596 592 569 
f 597 590 600 
f 600 590 601 
f 601 590 599 
f 590 595 599 
f 599 596 602 
f 596 569 570 
f 598 597 600 
f 600 601 603 
f 601 599 603 
f 603 599 604 
f 604 599 605 
f 599 602 605 
f 602 596 570 
f 594 598 606 
f 606 598 600 
f 605 602 607 
f 607 602 571 
f 602 570 571 
f 606 600 608 
f 608 600 603 
f 603 604 609 
f 609 604 605 
f 605 607 610 
f 610 607 611 
f 607 571 611 
f 608 603 612 
f 603 609 612 
f 612 609 613 
f 609 605 613 
f 613 605 614 
f 605 610 614 
f 615 616 617 
f 615 606 616 
f 616 606 618 
f 618 606 619 
f 606 608 619 
f 619 608 620 
f 620 608 612 
f 613 614 621 
f 621 614 622 
f 614 610 622 
f 610 611 622 
f 616 618 623 
f 623 618 619 
f 620 612 624 
f 624 612 625 
f 612 613 625 
f 625 613 621 
f 617 616 626 
f 626 616 623 
f 623 619 627 
f 627 619 628 
f 619 620 628 
f 628 620 629 
f 620 624 629 
f 629 624 630 
f 624 625 630 
f 630 625 621 
f 621 622 631 
f 631 622 572 
f 628 629 632 
f 632 629 630 
f 630 621 633 
f 633 621 634 
f 621 631 634 
f 635 626 636 
f 626 623 636 
f 636 623 637 
f 623 627 637 
f 637 627 638 
f 638 627 628 
f 628 632 639 
f 632 630 639 
f 639 630 640 
f 640 630 633 
f 634 631 573 
f 635 636 641 
f 641 636 642 
f 636 637 642 
f 642 637 638 
f 638 628 639 
f 643 639 640 
f 640 633 644 
f 633 634 644 
f 645 635 641 
f 642 638 646 
f 638 639 646 
f 646 639 647 
f 647 639 643 
f 643 640 648 
f 648 640 644 
f 644 634 574 
f 634 573 574 
f 645 641 649 
f 342 224 341 
f 342 341 227 
f 641 642 650 
f 650 642 651 
f 642 646 651 
f 647 643 652 
f 652 643 648 
f 648 644 575 
f 644 574 575 
f 645 649 653 
f 649 641 650 
f 651 646 654 
f 646 647 654 
f 654 647 652 
f 652 648 576 
f 648 575 576 
f 653 649 655 
f 656 649 657 
f 649 650 657 
f 657 650 658 
f 658 650 659 
f 650 651 659 
f 659 651 654 
f 654 652 660 
f 652 576 660 
f 655 649 656 
f 657 658 659 
f 659 654 661 
f 661 654 660 
f 660 576 577 
f 662 655 663 
f 340 227 229 
f 655 656 663 
f 663 656 664 
f 656 657 664 
f 664 657 665 
f 657 659 665 
f 665 659 666 
f 659 661 666 
f 578 660 577 
f 662 663 667 
f 666 661 579 
f 579 661 660 
f 667 663 668 
f 340 229 230 
f 668 663 669 
f 663 664 669 
f 664 665 669 
f 665 666 669 
f 669 666 579 
f 579 660 578 
f 667 668 670 
f 670 668 671 
f 668 669 580 
f 669 579 580 
f 668 580 671 
f 671 580 672 
f 672 580 562 
f 572 573 631 
f 501 572 622 
f 499 501 622 
f 594 606 615 
f 617 626 673 
f 673 635 674 
f 674 645 653 
f 675 672 562 
f 676 584 583 
f 584 462 464 
f 583 587 677 
f 587 594 678 
f 571 499 611 
f 611 499 622 
f 626 635 673 
f 635 645 674 
f 653 655 679 
f 655 662 679 
f 675 671 672 
f 671 675 670 
f 675 680 670 
f 675 681 680 
f 680 681 682 
f 681 683 684 
f 681 685 683 
f 685 686 687 
f 683 685 687 
f 680 682 667 
f 688 682 684 
f 682 681 684 
f 683 687 689 
f 682 690 667 
f 682 688 690 
f 338 230 231 
f 689 687 691 
f 667 690 692 
f 667 692 662 
f 690 688 693 
f 688 684 694 
f 684 683 694 
f 690 693 692 
f 694 683 695 
f 696 695 689 
f 695 683 689 
f 693 697 692 
f 692 697 679 
f 688 698 693 
f 688 699 698 
f 688 694 699 
f 694 700 699 
f 700 694 695 
f 679 697 674 
f 701 697 698 
f 693 698 697 
f 698 699 702 
f 700 703 702 
f 699 700 702 
f 695 704 703 
f 703 700 695 
f 701 705 697 
f 697 705 674 
f 698 702 706 
f 707 703 708 
f 703 707 709 
f 701 710 705 
f 710 701 711 
f 701 698 711 
f 711 698 706 
f 706 702 709 
f 702 703 709 
f 705 710 712 
f 705 712 673 
f 713 711 706 
f 714 709 707 
f 713 706 715 
f 710 716 712 
f 710 711 716 
f 716 711 717 
f 717 711 718 
f 711 713 718 
f 718 713 719 
f 713 715 719 
f 720 715 709 
f 715 706 709 
f 719 715 721 
f 715 720 721 
f 716 722 712 
f 712 722 617 
f 716 717 722 
f 722 717 723 
f 717 718 723 
f 718 719 721 
f 724 721 720 
f 725 615 617 
f 722 723 726 
f 726 723 727 
f 723 718 727 
f 718 728 727 
f 718 721 729 
f 728 718 729 
f 728 729 730 
f 731 732 725 
f 722 731 725 
f 725 732 615 
f 722 726 731 
f 731 726 733 
f 726 727 733 
f 733 727 734 
f 727 728 734 
f 734 728 730 
f 615 732 594 
f 732 731 735 
f 735 731 733 
f 733 734 736 
f 735 733 737 
f 737 733 736 
f 732 738 594 
f 732 735 738 
f 738 735 739 
f 739 735 737 
f 736 734 740 
f 730 741 742 
f 740 734 730 
f 740 730 743 
f 594 738 678 
f 738 744 678 
f 738 739 744 
f 744 739 745 
f 739 737 745 
f 745 737 746 
f 737 736 746 
f 736 740 747 
f 746 736 747 
f 743 742 748 
f 748 747 743 
f 747 740 743 
f 749 748 750 
f 678 751 677 
f 744 751 678 
f 678 677 587 
f 751 744 752 
f 744 745 752 
f 752 745 753 
f 745 746 753 
f 746 747 754 
f 753 746 754 
f 749 754 748 
f 754 747 748 
f 754 749 755 
f 583 756 676 
f 756 583 677 
f 751 756 677 
f 756 751 757 
f 751 752 757 
f 757 752 758 
f 752 753 758 
f 753 754 755 
f 758 753 755 
f 749 759 755 
f 679 662 692 
f 673 674 705 
f 617 673 712 
f 617 722 725 
f 584 676 462 
f 760 759 761 
f 761 759 749 
f 750 748 762 
f 763 720 709 
f 714 707 764 
f 691 687 765 
f 765 687 766 
f 766 686 767 
f 767 686 768 
f 768 686 769 
f 770 757 771 
f 760 772 773 
f 769 686 774 
f 774 685 775 
f 775 681 776 
f 776 681 675 
f 675 562 777 
f 774 686 685 
f 685 681 775 
f 687 686 766 
f 670 680 667 
f 653 679 674 
f 721 724 729 
f 730 742 743 
f 748 742 762 
f 756 757 770 
f 757 758 771 
f 758 755 773 
f 676 756 770 
f 759 760 773 
f 755 759 773 
f 729 724 778 
f 689 691 696 
f 567 770 779 
f 567 780 460 
f 567 779 780 
f 779 781 782 
f 779 783 781 
f 781 783 784 
f 783 785 784 
f 785 773 784 
f 772 786 787 
f 772 788 786 
f 784 773 772 
f 784 772 787 
f 780 779 782 
f 782 566 780 
f 781 784 789 
f 789 784 787 
f 789 787 790 
f 782 791 566 
f 782 781 791 
f 791 792 566 
f 781 789 793 
f 793 789 790 
f 792 794 566 
f 474 566 794 
f 792 791 795 
f 791 781 795 
f 781 793 795 
f 793 790 796 
f 794 792 797 
f 237 336 239 
f 794 797 480 
f 336 236 239 
f 792 795 798 
f 798 795 796 
f 795 793 796 
f 480 797 490 
f 799 792 798 
f 799 798 800 
f 800 798 801 
f 798 796 802 
f 801 798 802 
f 797 799 803 
f 792 799 797 
f 803 498 490 
f 797 803 490 
f 804 799 800 
f 801 802 805 
f 804 800 806 
f 806 800 807 
f 800 801 807 
f 801 805 808 
f 803 507 498 
f 799 804 803 
f 803 804 809 
f 809 804 806 
f 807 801 810 
f 808 811 810 
f 810 801 808 
f 806 807 810 
f 803 812 507 
f 803 809 812 
f 812 809 813 
f 809 806 813 
f 813 806 814 
f 806 810 814 
f 812 518 507 
f 812 813 815 
f 814 810 816 
f 518 812 581 
f 815 813 817 
f 813 814 817 
f 814 816 817 
f 818 817 816 
f 812 815 581 
f 819 815 817 
f 240 242 334 
f 815 565 581 
f 819 817 820 
f 820 817 821 
f 822 821 818 
f 821 817 818 
f 815 819 565 
f 565 819 823 
f 823 819 820 
f 820 821 824 
f 565 823 582 
f 539 565 582 
f 823 820 825 
f 825 820 824 
f 824 821 822 
f 823 826 582 
f 826 823 827 
f 827 823 825 
f 828 824 822 
f 827 825 829 
f 825 824 829 
f 829 824 828 
f 828 822 830 
f 826 556 582 
f 826 827 831 
f 831 827 832 
f 827 829 832 
f 832 829 833 
f 829 828 834 
f 833 829 834 
f 828 830 835 
f 826 564 556 
f 835 834 828 
f 317 331 333 
f 826 836 564 
f 826 831 836 
f 836 831 832 
f 833 834 837 
f 835 838 839 
f 837 834 835 
f 837 835 839 
f 836 832 840 
f 840 832 841 
f 841 832 833 
f 836 563 564 
f 841 833 837 
f 842 839 838 
f 563 843 562 
f 836 843 563 
f 836 840 843 
f 840 844 776 
f 840 841 844 
f 841 837 845 
f 846 839 842 
f 845 837 839 
f 840 776 843 
f 844 841 774 
f 774 841 845 
f 845 839 846 
f 845 846 774 
f 562 843 777 
f 774 846 769 
f 480 474 794 
f 532 581 565 
f 543 539 582 
f 758 773 785 
f 771 758 785 
f 770 771 779 
f 462 676 567 
f 769 846 842 
f 816 810 811 
f 847 790 848 
f 788 772 849 
f 676 770 567 
f 779 771 783 
f 783 771 785 
f 460 780 566 
f 790 787 848 
f 796 790 847 
f 830 822 850 
f 563 559 564 
f 561 563 562 
f 675 843 776 
f 775 776 844 
f 775 844 774 
f 843 675 777 
f 788 851 786 
f 788 849 851 
f 786 852 848 
f 786 851 852 
f 848 852 853 
f 848 854 847 
f 848 853 854 
f 847 854 855 
f 847 856 796 
f 847 855 856 
f 796 857 802 
f 796 856 857 
f 802 857 858 
f 858 859 808 
f 808 859 860 
f 860 861 811 
f 811 862 816 
f 329 246 330 
f 862 863 818 
f 818 863 864 
f 818 864 865 
f 850 866 830 
f 830 867 835 
f 830 866 867 
f 317 316 331 
f 835 868 838 
f 835 867 868 
f 838 868 869 
f 838 870 842 
f 838 869 870 
f 842 870 871 
f 842 872 769 
f 842 871 872 
f 856 855 873 
f 857 856 873 
f 857 873 874 
f 858 857 875 
f 857 874 875 
f 858 875 859 
f 860 859 876 
f 861 860 876 
f 811 861 877 
f 861 876 877 
f 862 811 877 
f 863 862 878 
f 246 247 330 
f 863 878 879 
f 864 863 880 
f 863 879 880 
f 850 865 881 
f 850 881 866 
f 867 866 882 
f 867 882 883 
f 867 883 868 
f 849 884 885 
f 851 849 885 
f 852 851 886 
f 851 885 886 
f 853 852 887 
f 852 886 887 
f 854 853 888 
f 853 887 888 
f 855 854 889 
f 854 888 889 
f 855 889 873 
f 859 875 890 
f 859 890 876 
f 864 880 891 
f 864 891 865 
f 866 881 882 
f 868 883 892 
f 869 868 892 
f 870 869 892 
f 871 870 893 
f 870 892 893 
f 872 871 894 
f 871 893 894 
f 885 884 895 
f 873 889 896 
f 874 873 896 
f 875 874 890 
f 874 896 890 
f 890 897 876 
f 862 877 898 
f 862 898 878 
f 880 879 891 
f 865 891 881 
f 886 885 899 
f 886 899 887 
f 889 888 900 
f 896 889 901 
f 897 902 876 
f 876 902 903 
f 877 876 904 
f 877 904 898 
f 881 891 905 
f 328 245 906 
f 882 881 907 
f 883 882 908 
f 882 907 908 
f 892 883 909 
f 885 895 910 
f 885 910 899 
f 889 900 911 
f 889 911 901 
f 890 896 912 
f 896 901 912 
f 890 912 897 
f 876 903 913 
f 876 913 904 
f 898 904 914 
f 878 898 879 
f 898 914 879 
f 459 327 141 
f 891 879 915 
f 327 139 141 
f 141 328 906 
f 881 905 916 
f 881 916 907 
f 883 908 917 
f 883 917 909 
f 892 909 918 
f 822 818 865 
f 818 816 862 
f 811 808 860 
f 808 805 858 
f 849 772 919 
f 888 899 920 
f 900 920 911 
f 897 912 921 
f 903 902 921 
f 903 921 913 
f 891 915 905 
f 908 916 917 
f 909 917 918 
f 892 918 922 
f 324 179 325 
f 884 919 923 
f 924 895 923 
f 894 922 925 
f 872 925 926 
f 872 926 769 
f 787 786 848 
f 805 802 858 
f 334 242 241 
f 822 865 850 
f 884 849 919 
f 872 894 925 
f 895 884 923 
f 910 895 924 
f 888 887 899 
f 900 888 920 
f 912 901 921 
f 902 897 921 
f 904 913 927 
f 914 904 927 
f 908 907 916 
f 893 892 922 
f 894 893 922 
f 928 767 768 
f 928 768 926 
f 767 929 766 
f 767 928 929 
f 766 930 765 
f 766 929 930 
f 765 931 691 
f 765 930 931 
f 338 231 235 
f 691 931 932 
f 691 932 696 
f 696 932 933 
f 696 934 935 
f 696 933 934 
f 935 936 704 
f 935 934 936 
f 704 936 708 
f 708 937 764 
f 764 937 938 
f 938 939 714 
f 714 939 940 
f 714 941 763 
f 714 940 941 
f 763 941 942 
f 763 942 724 
f 724 943 778 
f 724 942 943 
f 944 945 741 
f 741 946 947 
f 741 945 946 
f 947 948 762 
f 762 948 750 
f 749 750 949 
f 949 950 761 
f 761 919 760 
f 761 950 919 
f 928 926 951 
f 932 931 952 
f 932 952 953 
f 932 953 933 
f 708 936 937 
f 938 937 954 
f 939 938 954 
f 939 954 940 
f 942 941 955 
f 942 955 956 
f 942 956 943 
f 778 943 957 
f 944 778 957 
f 945 944 957 
f 946 945 958 
f 945 957 958 
f 947 946 948 
f 750 948 959 
f 750 959 960 
f 750 960 949 
f 960 961 949 
f 928 951 962 
f 929 928 962 
f 930 929 963 
f 929 962 963 
f 931 930 952 
f 930 963 952 
f 446 324 326 
f 934 933 964 
f 934 964 936 
f 937 936 965 
f 937 965 954 
f 941 940 966 
f 940 954 966 
f 941 966 955 
f 946 958 967 
f 946 967 948 
f 950 949 961 
f 919 950 968 
f 950 961 968 
f 962 951 969 
f 933 953 970 
f 953 952 970 
f 933 970 964 
f 936 964 971 
f 936 971 965 
f 943 956 972 
f 956 955 972 
f 957 943 973 
f 943 972 973 
f 948 967 959 
f 962 969 974 
f 954 965 975 
f 954 976 966 
f 959 967 977 
f 960 959 978 
f 961 960 979 
f 974 969 980 
f 459 179 327 
f 952 981 970 
f 971 964 982 
f 971 982 965 
f 954 975 983 
f 954 983 976 
f 955 966 984 
f 955 984 972 
f 973 972 985 
f 958 957 986 
f 957 973 986 
f 958 986 967 
f 959 977 987 
f 959 987 978 
f 960 978 988 
f 960 988 979 
f 961 979 968 
f 742 741 947 
f 741 730 944 
f 730 729 778 
f 763 709 714 
f 714 764 938 
f 707 708 764 
f 704 695 935 
f 935 695 696 
f 924 923 968 
f 923 919 968 
f 919 772 760 
f 926 925 951 
f 925 922 969 
f 922 989 980 
f 962 974 990 
f 952 990 981 
f 964 970 982 
f 965 982 991 
f 975 991 992 
f 975 992 983 
f 976 983 992 
f 976 992 984 
f 973 993 986 
f 986 993 987 
f 986 987 967 
f 979 988 924 
f 968 979 924 
f 768 769 926 
f 703 704 708 
f 720 763 724 
f 730 778 944 
f 742 947 762 
f 749 949 761 
f 325 179 459 
f 951 925 969 
f 963 962 990 
f 952 963 990 
f 975 965 991 
f 966 976 984 
f 977 967 987 
f 988 978 987 
f 994 995 996 
f 969 922 980 
f 997 998 999 
f 998 997 1000 
f 998 1000 1001 
f 1001 1000 1002 
f 1000 997 1003 
f 1003 997 1004 
f 1002 1000 1005 
f 1005 1000 1003 
f 1006 1001 1002 
f 1005 1003 1007 
f 1008 1001 1009 
f 1001 1006 1009 
f 1006 1002 1010 
f 1002 1005 1010 
f 1010 1005 1011 
f 1005 1007 1011 
f 1009 1006 1012 
f 1011 1007 1013 
f 1008 1009 1014 
f 1014 1009 1012 
f 1012 1006 1015 
f 1015 1006 1016 
f 1006 1010 1016 
f 1016 1010 1017 
f 1017 1010 1018 
f 1010 1011 1018 
f 1019 1008 1014 
f 1014 1012 1015 
f 1018 1011 1020 
f 1011 1013 1020 
f 1021 1019 1022 
f 1019 1014 1022 
f 1014 1015 1023 
f 1015 1016 1023 
f 1023 1016 1024 
f 1024 1016 1025 
f 1016 1017 1025 
f 1025 1017 1026 
f 1017 1018 1026 
f 1026 1018 1020 
f 1014 1023 1022 
f 1022 1023 1027 
f 1023 1024 1028 
f 1026 1020 1029 
f 1029 1020 1030 
f 1031 1022 1027 
f 1027 1023 1028 
f 1028 1024 1032 
f 1024 1025 1032 
f 1025 1026 1032 
f 1032 1026 1033 
f 1026 1029 1033 
f 1033 1029 1034 
f 1029 1030 1034 
f 1035 1036 1037 
f 1035 1038 1036 
f 1036 1038 1039 
f 1038 1022 1039 
f 1039 1022 1031 
f 1031 1027 1040 
f 1040 1027 1041 
f 1027 1028 1041 
f 1041 1028 1032 
f 1042 1032 1043 
f 1032 1033 1043 
f 1043 1033 1044 
f 1033 1034 1044 
f 1036 1039 1045 
f 1045 1039 1046 
f 1039 1031 1046 
f 1046 1031 1040 
f 1040 1041 1047 
f 1041 1032 1047 
f 1047 1032 1042 
f 1043 1044 1048 
f 1037 1036 1049 
f 1049 1036 1045 
f 1045 1046 1050 
f 1050 1046 1040 
f 1040 1047 1051 
f 1051 1047 1052 
f 1047 1042 1052 
f 1042 1043 1052 
f 1050 1040 1053 
f 1053 1040 1054 
f 1054 1040 1051 
f 1051 1052 1055 
f 1052 1043 1056 
f 1057 1049 1058 
f 1049 1045 1058 
f 1058 1045 1059 
f 1045 1050 1059 
f 1059 1050 1053 
f 1053 1054 1060 
f 1060 1054 1061 
f 1054 1051 1061 
f 1061 1051 1055 
f 1055 1052 1062 
f 1052 1056 1062 
f 1057 1058 1063 
f 1063 1058 1064 
f 1058 1059 1064 
f 1053 1060 1065 
f 1060 1061 1065 
f 1065 1061 1066 
f 1061 1055 1066 
f 1067 1057 1063 
f 1064 1059 1068 
f 1059 1053 1068 
f 1068 1053 1069 
f 1069 1053 1065 
f 1066 1055 1062 
f 1067 1063 1070 
f 1070 1063 1071 
f 1063 1064 1071 
f 1071 1064 1072 
f 1064 1068 1072 
f 1069 1065 1073 
f 1073 1065 1074 
f 1065 1066 1074 
f 1074 1066 1075 
f 1066 1062 1075 
f 1075 1062 1076 
f 1077 1067 1070 
f 1072 1068 1078 
f 1068 1069 1078 
f 1078 1069 1073 
f 1073 1074 1079 
f 1074 1075 1079 
f 1079 1075 1076 
f 1077 1070 1080 
f 1080 1070 1081 
f 1070 1071 1081 
f 1081 1071 1082 
f 1071 1072 1082 
f 1082 1072 1078 
f 1078 1073 1083 
f 1083 1073 1084 
f 1073 1079 1084 
f 1084 1079 1085 
f 1079 1076 1085 
f 1077 1080 1086 
f 1082 1078 1087 
f 1087 1078 1083 
f 1086 1080 1088 
f 1088 1080 1089 
f 1080 1081 1089 
f 1089 1081 1090 
f 1081 1082 1090 
f 1090 1082 1091 
f 1082 1087 1091 
f 1087 1083 1092 
f 1083 1084 1092 
f 1086 1088 1093 
f 1091 1087 1092 
f 1093 1088 1094 
f 1088 1089 1094 
f 1094 1089 1091 
f 1089 1090 1091 
f 1091 1092 1095 
f 1092 1096 1095 
f 1093 1094 1097 
f 1097 1094 1098 
f 1094 1091 1098 
f 996 995 994 
f 1098 1091 1099 
f 1091 1095 1099 
f 1100 1093 1097 
f 1100 1101 1102 
f 1100 1097 1101 
f 1101 1097 1103 
f 1103 1097 1104 
f 1097 1098 1104 
f 994 995 1103 
f 1098 1099 1104 
f 323 322 1105 
f 1106 1104 1099 
f 1107 1095 1096 
f 1096 1092 1085 
f 1076 1062 1108 
f 1109 1056 1048 
f 1048 1044 1034 
f 1030 1013 1110 
f 1110 1007 1111 
f 1111 1003 1004 
f 998 1001 1112 
f 1112 1008 1113 
f 1113 1008 1114 
f 1114 1021 1115 
f 1115 1038 1035 
f 1116 1049 1117 
f 1117 1057 1118 
f 1118 1067 1119 
f 1119 1077 1120 
f 1120 1077 1121 
f 1121 1086 1122 
f 1122 1093 1100 
f 1001 1008 1112 
f 1013 1007 1110 
f 1008 1019 1114 
f 1019 1021 1114 
f 1020 1013 1030 
f 1021 1022 1115 
f 1022 1038 1115 
f 1037 1049 1116 
f 1056 1043 1048 
f 1049 1057 1117 
f 1057 1067 1118 
f 1067 1077 1119 
f 1077 1086 1121 
f 1092 1084 1085 
f 1086 1093 1122 
f 1099 1095 1107 
f 1102 1101 1106 
f 1101 1103 1106 
f 1103 1104 1106 
f 255 261 1123 
f 1124 998 1125 
f 1125 998 1112 
f 1126 1124 1127 
f 1127 1124 1128 
f 1128 1124 1125 
f 1129 1126 1130 
f 1126 1127 1130 
f 1128 1125 1131 
f 1131 1125 1112 
f 321 263 1132 
f 1129 1130 1133 
f 1130 1127 1134 
f 1127 1128 1134 
f 1128 1131 1134 
f 1135 1129 1133 
f 1133 1130 1136 
f 1130 1134 1136 
f 1134 1131 1137 
f 1137 1131 1138 
f 1131 1112 1138 
f 1138 1112 1113 
f 259 323 1105 
f 1135 1139 1140 
f 1135 1133 1139 
f 1139 1133 1141 
f 1141 1133 1142 
f 1133 1136 1142 
f 1136 1134 1143 
f 1143 1134 1137 
f 1142 1136 1144 
f 1144 1136 1143 
f 1143 1137 1145 
f 1137 1138 1145 
f 1145 1138 1114 
f 1138 1113 1114 
f 1140 1139 1146 
f 1139 1141 1147 
f 1141 1142 1147 
f 1147 1142 1148 
f 1142 1144 1148 
f 1148 1144 1143 
f 1146 1139 1149 
f 1149 1139 1147 
f 1148 1143 1150 
f 1143 1145 1150 
f 1151 1146 1149 
f 1149 1147 1152 
f 1152 1147 1153 
f 1147 1148 1153 
f 1153 1148 1154 
f 1154 1148 1150 
f 1150 1145 1155 
f 1155 1145 1156 
f 1145 1114 1156 
f 1156 1114 1115 
f 1151 1149 1157 
f 1157 1149 1158 
f 1158 1149 1152 
f 1152 1153 1159 
f 1153 1154 1159 
f 1159 1154 1160 
f 1154 1150 1160 
f 1160 1150 1155 
f 1151 1161 1162 
f 1161 1151 1157 
f 1158 1152 1163 
f 1163 1152 1159 
f 1160 1155 1164 
f 1164 1155 1165 
f 1155 1156 1165 
f 1161 1157 1166 
f 1166 1157 1167 
f 1157 1158 1167 
f 1167 1158 1163 
f 1163 1159 1168 
f 1159 1160 1168 
f 1168 1160 1164 
f 1162 1166 1169 
f 1162 1161 1166 
f 1166 1167 1170 
f 1170 1167 1163 
f 1163 1168 1171 
f 1171 1168 1164 
f 1164 1165 1172 
f 1172 1165 1116 
f 1170 1163 1173 
f 1173 1163 1171 
f 1171 1164 1174 
f 1174 1164 1175 
f 1164 1172 1175 
f 1169 1176 1177 
f 1176 1169 1178 
f 1169 1166 1178 
f 1178 1166 1179 
f 1166 1170 1179 
f 1179 1170 1173 
f 1173 1171 1180 
f 1180 1171 1181 
f 1181 1171 1174 
f 1175 1172 1117 
f 1177 1176 1182 
f 1176 1178 1182 
f 1182 1178 1183 
f 1178 1179 1183 
f 1179 1173 1180 
f 1184 1180 1181 
f 1181 1174 1185 
f 1174 1175 1185 
f 1186 1177 1187 
f 1187 1177 1188 
f 1177 1182 1188 
f 1183 1179 1189 
f 1179 1180 1189 
f 1189 1180 1190 
f 1190 1180 1184 
f 1184 1181 1191 
f 1191 1181 1185 
f 1185 1175 1118 
f 1175 1117 1118 
f 1188 1182 1192 
f 1182 1183 1192 
f 1192 1183 1193 
f 1183 1189 1193 
f 1190 1184 1194 
f 1194 1184 1191 
f 1191 1185 1119 
f 1185 1118 1119 
f 1186 1187 1195 
f 1195 1187 1196 
f 1187 1188 1196 
f 1196 1188 1197 
f 1197 1188 1192 
f 1193 1189 1198 
f 1189 1190 1198 
f 1198 1190 1194 
f 1194 1191 1120 
f 1191 1119 1120 
f 1196 1197 1199 
f 1197 1192 1199 
f 1199 1192 1200 
f 1200 1192 1201 
f 1192 1193 1201 
f 1201 1193 1198 
f 1198 1194 1202 
f 1194 1120 1202 
f 264 321 1132 
f 1195 1196 1203 
f 1203 1196 1199 
f 1199 1200 1201 
f 1201 1198 1204 
f 1204 1198 1202 
f 1202 1120 1121 
f 1203 1205 1206 
f 320 266 267 
f 1203 1199 1207 
f 1207 1199 1208 
f 1199 1201 1208 
f 1208 1201 1209 
f 1201 1204 1209 
f 1204 1202 1122 
f 1122 1202 1210 
f 1210 1202 1121 
f 1205 1203 1207 
f 1209 1204 1122 
f 1210 1121 1122 
f 1206 1205 1211 
f 1205 1207 1212 
f 1208 1209 1207 
f 1211 1212 1213 
f 1211 1205 1212 
f 1212 1207 1214 
f 1207 1209 1215 
f 1215 1209 1122 
f 1214 1207 1215 
f 1215 1122 1100 
f 1213 1212 1214 
f 1214 1215 1102 
f 1215 1100 1102 
f 1213 1214 1102 
f 1116 1117 1172 
f 1037 1116 1165 
f 1035 1037 1165 
f 1162 1216 1217 
f 1216 1177 1218 
f 1195 1203 1219 
f 1219 1206 1220 
f 1102 1106 1213 
f 1124 999 998 
f 1115 1035 1156 
f 1151 1162 1221 
f 1156 1035 1165 
f 1169 1216 1162 
f 1169 1177 1216 
f 1177 1186 1218 
f 1203 1206 1219 
f 1222 1223 1213 
f 1223 1222 1224 
f 1225 1224 1226 
f 1225 1226 1227 
f 1226 1228 1227 
f 1229 1230 1231 
f 1223 1224 1232 
f 1232 1224 1225 
f 1227 1231 1233 
f 1233 1231 1230 
f 1223 1234 1213 
f 1223 1232 1234 
f 1225 1227 1233 
f 1235 1233 1230 
f 1234 1232 1236 
f 1236 1232 1237 
f 1232 1225 1237 
f 1237 1225 1238 
f 1225 1233 1238 
f 1238 1233 1235 
f 1211 1234 1220 
f 1234 1239 1220 
f 1234 1236 1239 
f 1239 1236 1240 
f 1240 1236 1241 
f 1236 1237 1241 
f 1241 1237 1238 
f 1242 1243 1235 
f 1243 1238 1235 
f 1239 1244 1220 
f 1239 1240 1244 
f 1244 1240 1245 
f 1245 1240 1246 
f 1240 1241 1246 
f 1246 1241 1247 
f 1241 1238 1247 
f 1247 1238 1243 
f 1219 1244 1195 
f 320 267 268 
f 1248 1243 1249 
f 1244 1245 1195 
f 1195 1245 1186 
f 1246 1247 1250 
f 216 451 318 
f 1247 1248 1250 
f 1243 1248 1247 
f 1245 1251 1186 
f 1245 1246 1252 
f 1252 1246 1250 
f 1251 1218 1186 
f 1251 1245 1253 
f 1253 1245 1252 
f 1250 1248 1254 
f 1218 1255 1217 
f 1251 1255 1218 
f 1251 1253 1255 
f 1255 1253 1256 
f 1256 1253 1257 
f 1253 1252 1257 
f 1257 1252 1258 
f 1252 1250 1258 
f 1218 1217 1216 
f 1258 1250 1259 
f 1250 1254 1259 
f 1255 1256 1260 
f 1260 1256 1261 
f 1256 1257 1261 
f 1261 1257 1262 
f 1257 1258 1262 
f 1262 1258 1259 
f 1255 1263 1217 
f 1263 1162 1217 
f 1255 1260 1263 
f 1262 1259 1264 
f 1259 1265 1264 
f 1260 1261 1266 
f 1266 1261 1267 
f 1261 1262 1267 
f 1267 1262 1264 
f 1263 1268 1221 
f 1263 1260 1268 
f 1260 1269 1270 
f 1269 1260 1266 
f 1271 1264 1272 
f 1267 1264 1273 
f 1267 1273 1274 
f 1264 1275 1273 
f 1264 1271 1275 
f 1270 1276 1268 
f 1268 1276 1221 
f 1221 1276 1151 
f 1260 1270 1268 
f 1269 1274 1277 
f 1269 1266 1274 
f 1266 1267 1274 
f 1270 1277 1276 
f 1151 1276 1146 
f 1270 1269 1277 
f 1278 1273 1275 
f 1274 1273 1278 
f 1277 1279 1276 
f 1276 1279 1146 
f 1277 1274 1280 
f 1280 1274 1281 
f 1281 1274 1278 
f 1279 1277 1282 
f 1282 1277 1280 
f 1279 1283 1135 
f 1279 1282 1284 
f 1284 1282 1285 
f 1282 1280 1285 
f 1285 1280 1286 
f 1280 1281 1286 
f 1281 1278 1287 
f 1286 1281 1287 
f 1278 1288 1289 
f 1289 1287 1278 
f 1283 1129 1135 
f 1279 1284 1283 
f 1283 1284 1290 
f 1290 1284 1291 
f 1284 1285 1291 
f 1291 1285 1286 
f 1289 1292 1293 
f 1287 1289 1293 
f 1283 1294 1129 
f 1291 1286 1295 
f 1295 1286 1287 
f 1296 1293 1292 
f 1294 1297 1298 
f 1283 1297 1294 
f 1294 1298 1126 
f 1129 1294 1126 
f 1283 1290 1297 
f 1290 1299 1300 
f 1290 1291 1299 
f 1299 1291 1295 
f 1295 1287 1301 
f 1301 1287 1293 
f 1126 1298 1124 
f 1290 1300 1297 
f 1299 1295 1302 
f 1302 1295 1301 
f 1301 1293 1303 
f 1124 1298 999 
f 1301 1303 1304 
f 1211 1213 1234 
f 1221 1162 1263 
f 1140 1146 1279 
f 1135 1140 1279 
f 1303 1293 1296 
f 1292 1289 1305 
f 1305 1289 1288 
f 1288 1278 1306 
f 1307 1278 1275 
f 1308 1275 1271 
f 1259 1254 1309 
f 1229 1231 1310 
f 1303 1311 1304 
f 1310 1231 1312 
f 1228 1226 1313 
f 1313 1224 1314 
f 1314 1224 1222 
f 1213 1106 1222 
f 1231 1227 1228 
f 1226 1224 1313 
f 1206 1211 1220 
f 1264 1265 1272 
f 1297 1300 1298 
f 1300 1299 1315 
f 1299 1302 1315 
f 1302 1301 1304 
f 1219 1220 1244 
f 1278 1307 1306 
f 1231 1228 1312 
f 1316 1004 1298 
f 1004 997 1298 
f 1317 1316 1318 
f 1004 1316 1319 
f 1320 1316 1317 
f 1321 1322 1323 
f 1322 1324 1323 
f 1324 1318 1323 
f 1316 1320 1319 
f 1317 1318 1324 
f 1319 1320 1325 
f 1325 1320 1326 
f 1320 1317 1326 
f 1326 1317 1327 
f 1317 1324 1327 
f 1327 1324 1328 
f 1324 1322 1328 
f 1319 1329 1111 
f 1319 1325 1329 
f 1329 1325 1330 
f 1330 1325 1331 
f 1325 1326 1331 
f 1331 1326 1332 
f 1326 1327 1332 
f 1333 1334 1328 
f 1334 1327 1328 
f 1111 1329 1335 
f 1332 1327 1334 
f 1329 1330 1335 
f 1335 1330 1336 
f 1336 1330 1337 
f 1330 1331 1337 
f 1331 1332 1337 
f 1332 1334 1337 
f 1110 1335 1030 
f 1338 1334 1339 
f 1335 1336 1030 
f 1340 1336 1341 
f 1336 1337 1341 
f 1341 1337 1342 
f 1337 1334 1338 
f 1342 1337 1338 
f 1340 1343 1336 
f 1336 1343 1030 
f 1340 1341 1344 
f 1344 1341 1342 
f 1342 1338 1345 
f 1340 1346 1343 
f 1346 1340 1347 
f 1347 1340 1344 
f 1348 1342 1345 
f 1348 1345 1349 
f 1346 1034 1343 
f 1346 1350 1034 
f 1346 1347 1351 
f 1351 1347 1352 
f 1347 1344 1352 
f 1352 1344 1353 
f 1344 1342 1353 
f 1353 1342 1348 
f 1034 1350 1048 
f 1353 1348 1354 
f 1348 1349 1354 
f 1346 1351 1350 
f 1350 1351 1355 
f 1355 1351 1356 
f 1351 1352 1356 
f 1356 1352 1357 
f 1352 1353 1357 
f 1357 1353 1354 
f 1358 1109 1350 
f 1350 1355 1358 
f 1357 1354 1359 
f 1354 1360 1359 
f 1355 1356 1361 
f 1361 1356 1362 
f 1356 1357 1362 
f 1362 1357 1359 
f 1358 1108 1109 
f 1358 1355 1363 
f 1363 1355 1361 
f 1364 1359 1365 
f 1362 1359 1366 
f 1361 1362 1366 
f 1359 1364 1366 
f 1358 1367 1108 
f 1358 1363 1367 
f 1363 1368 1369 
f 1363 1361 1368 
f 1368 1361 1366 
f 1370 1366 1364 
f 1367 1369 1108 
f 1367 1363 1369 
f 1369 1371 1108 
f 1108 1371 1076 
f 1369 1368 1372 
f 1372 1368 1373 
f 1373 1368 1374 
f 1375 1374 1366 
f 1374 1368 1366 
f 1371 1369 1376 
f 1376 1369 1372 
f 1096 1371 1377 
f 1371 1376 1377 
f 1377 1378 1096 
f 1377 1376 1379 
f 1379 1376 1380 
f 1376 1372 1380 
f 1380 1372 1381 
f 1372 1373 1381 
f 1381 1373 1374 
f 1374 1382 1383 
f 1378 1107 1096 
f 1377 1379 1378 
f 1380 1381 1384 
f 1381 1374 1383 
f 1378 1379 1385 
f 1385 1379 1386 
f 1379 1380 1386 
f 1386 1380 1384 
f 1383 1387 1388 
f 1384 1381 1383 
f 1384 1383 1388 
f 1386 1384 1389 
f 1390 1391 1107 
f 1378 1390 1107 
f 1107 1391 1099 
f 1378 1385 1390 
f 1385 1392 1314 
f 1385 1386 1392 
f 1392 1386 1389 
f 1389 1384 1393 
f 1312 1388 1387 
f 1393 1384 1388 
f 1099 1391 1106 
f 1385 1314 1390 
f 1392 1389 1228 
f 1228 1389 1393 
f 1393 1388 1312 
f 1310 1312 1394 
f 997 999 1298 
f 1007 1003 1111 
f 1110 1111 1335 
f 1109 1048 1350 
f 1062 1056 1109 
f 1108 1062 1109 
f 1085 1076 1371 
f 1304 1311 1323 
f 1302 1304 1318 
f 1315 1302 1318 
f 1300 1315 1316 
f 1298 1300 1316 
f 1394 1312 1395 
f 1395 1312 1387 
f 1383 1382 1396 
f 1354 1349 1397 
f 1398 1328 1322 
f 1323 1311 1321 
f 1323 1318 1304 
f 1316 1315 1318 
f 1004 1319 1111 
f 1343 1034 1030 
f 1359 1360 1365 
f 1366 1370 1375 
f 1085 1371 1096 
f 1374 1375 1382 
f 1222 1390 1314 
f 1313 1314 1392 
f 1313 1392 1228 
f 1390 1222 1391 
f 1391 1222 1106 
f 1228 1393 1312 
f 1399 1321 1400 
f 1321 1399 1401 
f 1401 1402 1322 
f 1401 1399 1402 
f 1322 1403 1398 
f 1322 1402 1403 
f 1398 1404 1333 
f 1398 1403 1404 
f 1333 1404 1405 
f 1406 1407 1338 
f 1338 1407 1408 
f 1408 1409 1345 
f 1345 1409 1410 
f 1410 1411 1397 
f 1397 1412 1360 
f 1397 1411 1412 
f 1360 1412 1413 
f 1414 1415 1364 
f 1364 1415 1416 
f 1416 1417 1375 
f 1375 1417 1418 
f 1418 1419 1382 
f 1382 1419 1420 
f 1420 1421 1396 
f 1396 1422 1387 
f 1387 1422 1423 
f 1387 1424 1395 
f 1387 1423 1424 
f 1395 1425 1394 
f 1395 1424 1425 
f 1399 1400 1426 
f 1426 1400 1427 
f 1399 1426 1428 
f 1399 1428 1402 
f 1404 1403 1429 
f 1404 1429 1430 
f 1405 1404 1430 
f 1406 1405 1431 
f 1405 1430 1431 
f 1406 1431 1407 
f 1408 1407 1432 
f 1408 1432 1409 
f 1410 1409 1433 
f 1411 1410 1433 
f 1413 1412 1434 
f 1414 1413 1434 
f 1415 1414 1435 
f 1414 1434 1435 
f 1416 1415 1436 
f 1415 1435 1436 
f 1417 1416 1437 
f 1416 1436 1437 
f 1418 1417 1438 
f 1417 1437 1438 
f 1419 1418 1438 
f 1421 1420 1439 
f 1420 1419 1439 
f 1396 1421 1422 
f 1402 1428 1440 
f 1403 1402 1441 
f 1402 1440 1441 
f 1403 1441 1429 
f 1407 1431 1442 
f 1432 1407 1442 
f 1409 1432 1442 
f 1409 1442 1433 
f 1412 1411 1443 
f 1411 1433 1443 
f 1412 1443 1434 
f 1421 1439 1444 
f 1422 1421 1445 
f 1421 1444 1445 
f 1423 1422 1446 
f 1422 1445 1446 
f 1424 1423 1446 
f 1425 1424 1447 
f 1424 1446 1447 
f 1426 1427 1448 
f 1430 1429 1449 
f 1430 1449 1431 
f 318 451 272 
f 1436 1435 1450 
f 1437 1436 1450 
f 1438 1437 1451 
f 1437 1450 1451 
f 1438 1451 1452 
f 1419 1438 1452 
f 1419 1452 1439 
f 1428 1426 1453 
f 1440 1428 1454 
f 1428 1453 1454 
f 1431 1449 1455 
f 1442 1431 1455 
f 271 318 272 
f 1433 1442 1456 
f 1433 1457 1443 
f 1450 1435 1458 
f 1459 315 244 
f 383 311 312 
f 1447 1446 1460 
f 1426 1448 1461 
f 1426 1461 1453 
f 1429 1441 1462 
f 1429 1462 1449 
f 1442 1455 1463 
f 1442 1463 1456 
f 1433 1456 1464 
f 1433 1464 1457 
f 1434 1443 1465 
f 314 313 316 
f 1434 1465 1466 
f 1435 1434 1466 
f 1435 1466 1467 
f 1435 1467 1458 
f 1451 1450 1458 
f 316 313 332 
f 1452 1451 1468 
f 1439 1452 1468 
f 1439 1468 1444 
f 1446 1445 1469 
f 1446 1469 1460 
f 1387 1383 1396 
f 1396 1382 1420 
f 1375 1370 1416 
f 1364 1365 1414 
f 1365 1360 1413 
f 1397 1349 1410 
f 1338 1339 1406 
f 1339 1334 1333 
f 1333 1328 1398 
f 1322 1321 1401 
f 1461 1470 1471 
f 1454 1471 1462 
f 1449 1462 1472 
f 1455 1449 1472 
f 1456 1463 1464 
f 1443 1464 1473 
f 1451 1458 1474 
f 1451 1474 1468 
f 1444 1468 1475 
f 1444 1475 1476 
f 1460 1469 1477 
f 1460 1477 1478 
f 1478 1479 1447 
f 1400 1311 1480 
f 1427 1480 1481 
f 1448 1481 1482 
f 1483 1448 1482 
f 1425 1447 1484 
f 1310 1425 1484 
f 1400 1321 1311 
f 1339 1333 1405 
f 1339 1405 1406 
f 1345 1338 1408 
f 1349 1345 1410 
f 1354 1397 1360 
f 1365 1413 1414 
f 1370 1364 1416 
f 1375 1418 1382 
f 1394 1425 1310 
f 1427 1400 1480 
f 1448 1427 1481 
f 1461 1448 1483 
f 1453 1461 1471 
f 1454 1453 1471 
f 1440 1454 1462 
f 1441 1440 1462 
f 1459 241 315 
f 1463 1455 1472 
f 1443 1457 1464 
f 1465 1443 1473 
f 383 314 317 
f 1445 1444 1476 
f 1469 1445 1476 
f 1460 1478 1447 
f 1485 1229 1484 
f 1230 1486 1487 
f 1487 1488 1242 
f 1489 1490 1248 
f 1491 311 383 
f 308 306 309 
f 1492 1493 1309 
f 1309 1494 1265 
f 1309 1493 1494 
f 1271 1495 1308 
f 1271 1496 1495 
f 1497 1498 1307 
f 1307 1498 1306 
f 1306 1499 1288 
f 1306 1498 1499 
f 1288 1500 1305 
f 1288 1499 1500 
f 1305 1501 1292 
f 1305 1500 1501 
f 1292 1501 1502 
f 1502 1503 1296 
f 1296 1503 1504 
f 1296 1505 1303 
f 1296 1504 1505 
f 1485 1484 1506 
f 1486 1485 1506 
f 1486 1507 1487 
f 1488 1487 1508 
f 1242 1488 1509 
f 1489 1242 1509 
f 1490 1489 1510 
f 1489 1509 1510 
f 1248 1490 1511 
f 1492 1511 1512 
f 1493 1492 1512 
f 1493 1512 1513 
f 1493 1513 1494 
f 1265 1494 1514 
f 1496 1265 1514 
f 1308 1495 1515 
f 1497 1308 1515 
f 1498 1497 1516 
f 1497 1515 1516 
f 1498 1516 1517 
f 1498 1517 1499 
f 1502 1501 1503 
f 1506 1518 1519 
f 1486 1506 1519 
f 1487 1507 1508 
f 1486 1519 1507 
f 1508 1507 1520 
f 1488 1508 1521 
f 1508 1520 1521 
f 1488 1521 1509 
f 1511 1490 1522 
f 1511 1522 1512 
f 1494 1513 1523 
f 1494 1523 1514 
f 1496 1514 1524 
f 1495 1496 1525 
f 1496 1524 1525 
f 1515 1495 1526 
f 1495 1525 1526 
f 1499 1517 1527 
f 1500 1499 1527 
f 1500 1527 1501 
f 1503 1501 1528 
f 1504 1503 1529 
f 1503 1528 1529 
f 1505 1504 1481 
f 1504 1529 1481 
f 1518 1506 1530 
f 1509 1521 1531 
f 1510 1509 1531 
f 1490 1510 1522 
f 1510 1531 1522 
f 1512 1522 1532 
f 1512 1532 1513 
f 1515 1526 1516 
f 1517 1516 1533 
f 1517 1533 1527 
f 1501 1527 1534 
f 1501 1534 1528 
f 1519 1518 1535 
f 1519 1535 1536 
f 1519 1536 1507 
f 1521 1520 1537 
f 1531 1521 1538 
f 1513 1532 1539 
f 1523 1513 1540 
f 1514 1523 1541 
f 1523 1540 1541 
f 1516 1526 1542 
f 1527 1533 1543 
f 1534 1527 1544 
f 1481 1529 1482 
f 1518 1530 1479 
f 1521 1537 1538 
f 1531 1538 1545 
f 1522 1531 1546 
f 1531 1545 1546 
f 1522 1546 1532 
f 1513 1539 1547 
f 1513 1547 1540 
f 1514 1541 1548 
f 1514 1548 1524 
f 1533 1516 1549 
f 1516 1542 1549 
f 1533 1549 1543 
f 1527 1543 1544 
f 1534 1544 1550 
f 1534 1550 1528 
f 1482 1529 1551 
f 1296 1292 1502 
f 1307 1275 1497 
f 1271 1272 1496 
f 1309 1254 1492 
f 1254 1248 1511 
f 1248 1249 1489 
f 1249 1243 1242 
f 1242 1235 1487 
f 1230 1229 1485 
f 1480 1311 1505 
f 1484 1447 1506 
f 1518 1479 1552 
f 1535 1552 1536 
f 1507 1536 1553 
f 1532 1546 1554 
f 1532 1554 1547 
f 1532 1547 1539 
f 1540 1547 1548 
f 1524 1548 1555 
f 1525 1555 1542 
f 1544 1543 1556 
f 1544 1556 1550 
f 1528 1550 1470 
f 1528 1551 1529 
f 1229 1310 1484 
f 1230 1485 1486 
f 1235 1230 1487 
f 1249 1242 1489 
f 1254 1511 1492 
f 1259 1309 1265 
f 1272 1265 1496 
f 1275 1308 1497 
f 1505 1311 1303 
f 1480 1505 1481 
f 1506 1447 1530 
f 1535 1518 1552 
f 1520 1507 1553 
f 1537 1520 1553 
f 1538 1537 1553 
f 1541 1540 1548 
f 1525 1524 1555 
f 1526 1525 1542 
f 1528 1470 1551 
f 114 112 115 
f 1483 1482 1551 
f 1530 1447 1479 
f 1557 1558 1559 
f 179 198 200 
f 1559 1560 1561 
f 1559 1558 1560 
f 1562 1563 1564 
f 1557 1562 1565 
f 1557 1565 1558 
f 1560 1558 1566 
f 1562 1564 1567 
f 1562 1567 1565 
f 1568 1569 1570 
f 1567 1564 1571 
f 1565 1571 1572 
f 1565 1572 1573 
f 1562 1574 1563 
f 1570 1569 1575 
f 1565 1573 1566 
f 1561 1576 1577 
f 1562 1557 1574 
f 1561 1560 1576 
f 1564 1563 1575 
f 1558 1565 1566 
f 1565 1567 1571 
f 1569 1564 1575 
f 1578 1579 1580 
f 1581 1580 1582 
f 1579 1583 1580 
f 1582 1580 1584 
f 1583 1585 1586 
f 1582 1584 1587 
f 1588 1589 1590 
f 1589 1588 1591 
f 1585 1589 1591 
f 1585 1591 1586 
f 1580 1583 1592 
f 1583 1586 1592 
f 1584 1580 1593 
f 1580 1592 1593 
f 1587 1584 1594 
f 1584 1593 1594 
f 1586 1591 1595 
f 1588 1590 1596 
f 1591 1588 1597 
f 1591 1597 1595 
f 1586 1595 1598 
f 1592 1586 1599 
f 1586 1598 1599 
f 1593 1592 1600 
f 1592 1599 1600 
f 1594 1593 1600 
f 1597 1588 1601 
f 1595 1597 1602 
f 1595 1602 1598 
f 1602 1597 1603 
f 1600 1604 1605 
f 1594 1605 1606 
f 1594 1606 1587 
f 1582 1587 1607 
f 1607 1608 1609 
f 1599 1598 1610 
f 1600 1610 1611 
f 1600 1611 1612 
f 1613 1600 1612 
f 1580 1581 1578 
f 1589 1614 1615 
f 1579 1578 1616 
f 1617 1585 1583 
f 1583 1579 1618 
f 1594 1600 1605 
f 1598 1602 1619 
f 1600 1599 1610 
f 1600 1613 1604 
f 1589 1585 1614 
f 309 306 1491 
f 1620 427 1621 
f 1622 100 1623 
f 100 1620 1624 
f 1623 100 1625 
f 100 1624 1625 
f 1620 1621 1626 
f 1620 1626 1624 
f 1627 1621 1628 
f 1621 1627 1626 
f 1624 1626 1629 
f 1625 1624 1629 
f 456 100 1622 
f 100 427 1620 
f 1630 1631 1629 
f 1629 1631 1632 
f 1625 1632 1633 
f 1625 1633 1623 
f 1628 1634 1627 
f 1491 306 311 
f 1621 1635 1636 
f 1621 1636 1637 
f 1621 1637 1628 
f 1621 427 1635 
f 1625 1629 1632 
f 456 1622 1638 
f 1639 1640 1628 
f 1641 1642 1643 
f 1643 1642 1644 
f 1644 1645 1646 
f 1645 1647 1646 
f 1644 1648 1643 
f 1649 305 307 
f 114 116 1650 
f 426 114 1651 
f 424 426 1652 
f 425 424 1653 
f 302 297 298 
f 303 298 1649 
f 133 422 1654 
f 127 420 1655 
f 155 419 1656 
f 417 155 1656 
f 418 417 1657 
f 138 418 1658 
f 414 415 1659 
f 135 411 1660 
f 410 409 1661 
f 153 410 1661 
f 445 153 1662 
f 443 445 1663 
f 444 443 1664 
f 163 444 1665 
f 402 404 1666 
f 173 401 1667 
f 400 173 1667 
f 397 398 1668 
f 395 396 1669 
f 393 395 1670 
f 392 394 1671 
f 396 168 1669 
f 397 1668 168 
f 398 170 1668 
f 400 1667 399 
f 402 1666 403 
f 404 405 1666 
f 163 1665 405 
f 443 1663 1664 
f 406 407 562 
f 153 1661 1662 
f 135 1660 409 
f 412 413 411 
f 414 1659 413 
f 138 1658 436 
f 418 1657 1658 
f 417 1656 1657 
f 127 1655 435 
f 133 1654 421 
f 422 423 1654 
f 425 1653 423 
f 424 1652 1653 
f 426 1651 1652 
f 114 1650 1651 
f 393 1670 394 
f 116 118 1672 
f 118 111 1672 
f 111 434 1673 
f 434 122 1673 
f 122 387 1674 
f 386 388 1675 
f 389 391 433 
f 433 432 1676 
f 1650 116 1672 
f 390 389 433 
f 1649 298 305 
f 387 386 1675 
f 1673 122 1674 
f 1672 111 1673 
f 1677 1678 1679 
f 1679 1680 1681 
f 1681 1682 1683 
f 1684 1685 1686 
f 1686 1687 1688 
f 250 249 251 
f 1689 1688 1690 
f 1688 1691 1690 
f 1688 1687 1691 
f 1686 1692 1687 
f 1686 1685 1692 
f 1684 1693 1685 
f 1684 1683 1693 
f 1681 1694 1682 
f 1681 1680 1694 
f 1678 1677 1695 
f 1688 1689 1696 
f 1697 1677 1698 
f 1699 1700 1701 
f 1699 1702 1703 
f 1703 1704 1705 
f 1704 1706 1705 
f 1707 1708 1709 
f 1708 1710 1711 
f 1710 1697 1712 
f 1712 1697 1698 
f 1710 1712 1713 
f 1711 1710 1713 
f 1709 1708 1711 
f 1703 1705 1700 
f 1697 1695 1677 
f 1700 1699 1703 
f 1714 1715 1716 
f 1717 1718 1719 
f 1718 1717 1720 
f 1718 1720 1721 
f 1721 1720 1722 
f 1716 1723 1714 
f 1722 1720 1724 
f 1725 1724 1726 
f 1727 1725 1726 
f 1728 1727 1729 
f 1727 1726 1729 
f 1730 1728 1729 
f 1731 1730 1732 
f 1730 1729 1732 
f 1733 1731 1732 
f 1733 1732 1734 
f 1716 1733 1723 
f 1733 1734 1723 
f 1714 1723 1735 
f 1717 1736 1720 
f 1724 1720 1737 
f 1724 1737 1726 
f 1734 1732 1738 
f 1723 1734 1738 
f 1723 1738 1739 
f 1723 1739 1735 
f 1720 1736 1700 
f 1720 1700 1705 
f 1737 1720 1705 
f 1737 1705 1726 
f 1729 1726 1740 
f 1732 1729 1713 
f 1729 1740 1713 
f 1732 1713 1738 
f 1726 1705 1706 
f 1740 1726 1707 
f 1726 1706 1707 
f 1740 1707 1709 
f 1713 1740 1741 
f 1740 1709 1741 
f 1738 1713 1712 
f 1738 1712 1698 
f 1738 1698 1739 
f 1742 1739 1677 
f 1733 1716 1743 
f 1733 1743 1731 
f 1727 1744 1745 
f 1725 1745 1746 
f 1722 1746 1747 
f 1722 1747 1721 
f 1739 1742 1735 
f 1736 1719 1748 
f 1700 1736 1701 
f 1749 1718 1721 
f 1719 1718 1749 
f 1722 1724 1746 
f 1724 1725 1746 
f 1725 1727 1745 
f 1727 1728 1744 
f 1728 1730 1744 
f 1730 1731 1744 
f 1736 1717 1719 
f 1709 1711 1741 
f 1741 1711 1713 
f 1739 1698 1677 
f 1750 1751 1752 
f 1753 1750 1754 
f 1753 1754 1755 
f 1750 1752 1756 
f 1754 1750 1757 
f 1755 1754 1758 
f 1754 1757 1759 
f 1754 1759 1758 
f 1750 1756 1760 
f 1750 1760 1757 
f 1759 1757 1761 
f 1760 1762 1757 
f 1759 1761 1763 
f 1759 1764 1758 
f 1757 1765 1761 
f 1766 1767 1768 
f 1755 1768 1753 
f 1750 1753 1751 
f 1751 1769 1770 
f 1756 1752 1771 
f 1756 1771 1772 
f 1760 1772 1773 
f 1774 1760 1773 
f 1752 1751 1770 
f 1760 1756 1772 
f 1757 1762 1765 
f 1759 1763 1764 
f 1755 1766 1768 
f 1775 1773 1772 
f 1776 1775 1777 
f 1778 1779 1780 
f 1778 1780 1781 
f 1782 1775 1772 
f 1777 1775 1782 
f 1783 1777 1782 
f 304 303 1649 
f 1783 1782 1784 
f 1779 1784 1780 
f 299 245 248 
f 1781 1780 1785 
f 1784 1782 1786 
f 1784 1786 1780 
f 1780 1787 1785 
f 1788 1771 1770 
f 1772 1788 1789 
f 1772 1789 1782 
f 1789 1790 1782 
f 1782 1790 1786 
f 1780 1786 1787 
f 1791 1788 1770 
f 1788 1791 1789 
f 1790 1789 1791 
f 1786 1790 1792 
f 1786 1792 1793 
f 1786 1793 1787 
f 1794 1787 1795 
f 1787 1793 1795 
f 1781 1749 1778 
f 1779 1778 1796 
f 1777 1796 1776 
f 1774 1775 1776 
f 1770 1769 1791 
f 1787 1794 1748 
f 1775 1774 1773 
f 1777 1783 1796 
f 1783 1784 1796 
f 1784 1779 1796 
f 1772 1771 1788 
f 1785 1787 1748 
f 1771 1752 1770 
f 1790 1791 1797 
f 1701 1736 1794 
f 1748 1719 1785 
f 1719 1749 1781 
f 1785 1719 1781 
f 1794 1736 1748 
f 1794 1795 1798 
f 1699 1701 1798 
f 1701 1794 1798 
f 1702 1699 1799 
f 1798 1795 1800 
f 1799 1800 1801 
f 1699 1798 1799 
f 1799 1798 1800 
f 1802 1803 1804 
f 1802 1804 1805 
f 1806 1805 1807 
f 1808 1803 1809 
f 1809 1803 1810 
f 1803 1802 1810 
f 1810 1802 1811 
f 1802 1805 1811 
f 1811 1805 1806 
f 1811 1806 1812 
f 1804 1803 1813 
f 1807 1805 1804 
f 1813 1803 1808 
f 1814 1809 1815 
f 1810 1811 1815 
f 1815 1811 1812 
f 1807 1816 1817 
f 1818 1819 1820 
f 1818 1821 1819 
f 1816 1822 1817 
f 1822 1816 1823 
f 1824 1822 1823 
f 1824 1823 1825 
f 1826 1825 1827 
f 1826 1827 1828 
f 1828 1827 1829 
f 1828 1829 1830 
f 1830 1829 1831 
f 1830 1831 1832 
f 1832 1831 1833 
f 1832 1833 1834 
f 373 297 301 
f 373 294 296 
f 1835 1834 1836 
f 1835 1836 1820 
f 1817 1822 1812 
f 1817 1812 1806 
f 1822 1824 1837 
f 1837 1824 1838 
f 1824 1825 1838 
f 1838 1825 1839 
f 1825 1826 1839 
f 1839 1826 1828 
f 1840 1841 1819 
f 1841 1820 1819 
f 1820 1841 1842 
f 1812 1822 1815 
f 1836 1834 1833 
f 1833 1831 1843 
f 1843 1831 1829 
f 1827 1825 1844 
f 1844 1825 1823 
f 1837 1838 1845 
f 1839 1828 1846 
f 1846 1830 1847 
f 1847 1834 1848 
f 1818 1820 1836 
f 1817 1806 1807 
f 1822 1837 1815 
f 1828 1830 1846 
f 1830 1832 1847 
f 1832 1834 1847 
f 1834 1835 1848 
f 1835 1820 1848 
f 1820 1842 1848 
f 1818 1836 1849 
f 1850 1851 1852 
f 1851 1853 1852 
f 1850 1852 1854 
f 1850 1854 1847 
f 1847 1855 1846 
f 1847 1854 1855 
f 1846 1855 1845 
f 1815 1845 1856 
f 1856 1845 1857 
f 1853 1858 1852 
f 1845 1855 1859 
f 1845 1859 1857 
f 1853 1860 1858 
f 1852 1858 1861 
f 1854 1852 1861 
f 1855 1854 1862 
f 1854 1861 1862 
f 1855 1862 1859 
f 1863 1858 1860 
f 1863 1864 1858 
f 1858 1864 1865 
f 1861 1858 1865 
f 1857 1859 1866 
f 1859 1867 1866 
f 1861 1865 1868 
f 1862 1861 1869 
f 1861 1868 1869 
f 1859 1862 1870 
f 1862 1869 1870 
f 1859 1870 1867 
f 1871 1869 1872 
f 1872 1868 1873 
f 1869 1868 1872 
f 1869 1871 1870 
f 1870 1871 1874 
f 1867 1870 1875 
f 1875 1870 1876 
f 1815 1837 1845 
f 1845 1838 1846 
f 1838 1839 1846 
f 1848 1842 1850 
f 1867 1877 1878 
f 1867 1878 1866 
f 1865 1879 1880 
f 1865 1880 1873 
f 1870 1874 1876 
f 1867 1875 1881 
f 1848 1850 1847 
f 1860 1853 1882 
f 1865 1864 1879 
f 1868 1865 1873 
f 1883 1884 1885 
f 1886 1887 1888 
f 1886 1889 1887 
f 1887 1889 1890 
f 1889 1884 1890 
f 1890 1884 1883 
f 1883 1885 1891 
f 1885 1884 1892 
f 1892 1889 1886 
f 1893 1886 1894 
f 1884 1889 1892 
f 1886 1888 1894 
f 1887 1890 1895 
f 1896 1897 1898 
f 1899 1900 1901 
f 1899 1902 1900 
f 1900 1902 1903 
f 1902 1904 1903 
f 1903 1904 1905 
f 1904 1897 1905 
f 1905 1897 1906 
f 1897 1896 1906 
f 1901 1900 1907 
f 1905 1906 1908 
f 1907 1900 1909 
f 1900 1903 1909 
f 1909 1903 1910 
f 1903 1905 1910 
f 1905 1908 1910 
f 1911 1907 1909 
f 1911 1909 1912 
f 1912 1909 1913 
f 1909 1910 1913 
f 1913 1910 1914 
f 1915 1911 1912 
f 1913 1914 1916 
f 1915 1917 1918 
f 1915 1912 1917 
f 1912 1919 1917 
f 1919 1912 1920 
f 1912 1913 1920 
f 1920 1913 1916 
f 1921 1922 1898 
f 1923 1897 1924 
f 1924 1897 1925 
f 1925 1904 1926 
f 1926 1902 1927 
f 1927 1902 1899 
f 1928 1899 1901 
f 1929 1907 1930 
f 1930 1911 1931 
f 1931 1932 312 
f 1933 1916 1934 
f 1935 1934 1936 
f 1936 1916 1937 
f 1914 1910 1938 
f 1938 1908 1906 
f 1896 1922 1939 
f 1904 1902 1926 
f 1897 1904 1925 
f 1896 1898 1922 
f 1898 1897 1923 
f 1906 1896 1939 
f 1901 1907 1929 
f 1910 1908 1938 
f 1907 1911 1930 
f 1911 1915 1931 
f 1916 1914 1937 
f 1915 1918 1932 
f 1920 1916 1933 
f 1931 1915 1932 
f 1934 1916 1936 
f 1940 1941 1942 
f 1943 1944 1945 
f 1940 1946 1947 
f 1947 1948 1949 
f 1947 1946 1948 
f 1949 1950 1951 
f 1951 1950 1952 
f 1945 1952 1953 
f 1945 1953 1943 
f 1949 1948 1954 
f 1949 1954 1950 
f 1952 1950 1953 
f 1943 1953 1955 
f 1946 1940 1956 
f 1948 1946 1956 
f 1948 1956 1954 
f 1953 1950 1957 
f 1956 1958 1959 
f 1956 1960 1961 
f 1954 1956 1961 
f 1950 1954 1962 
f 1961 1963 1954 
f 1957 1950 1962 
f 1953 1957 1962 
f 1953 1962 1964 
f 1961 1960 1965 
f 1954 1963 1962 
f 1961 1965 1963 
f 1962 1963 1966 
f 1964 1962 1967 
f 1964 1967 1968 
f 1952 1945 1951 
f 1949 1951 1969 
f 1940 1947 1941 
f 1964 1968 1970 
f 1964 1970 1955 
f 1942 1941 1971 
f 1944 1943 1972 
f 1947 1949 1973 
f 1956 1940 1974 
f 1955 1953 1964 
f 1958 1956 1974 
f 1967 1962 1966 
f 1975 1976 1977 
f 1978 1979 1980 
f 1978 1976 1979 
f 1981 1980 1982 
f 1976 1975 1983 
f 1975 1984 1983 
f 1979 1976 1985 
f 1976 1983 1985 
f 1980 1979 1985 
f 1982 1980 1986 
f 1980 1985 1986 
f 1982 1986 1987 
f 1984 1988 1983 
f 1985 1983 1989 
f 1989 1988 1990 
f 1983 1988 1989 
f 1986 1985 1991 
f 1985 1989 1991 
f 1987 1986 1992 
f 1986 1991 1992 
f 1992 1991 1993 
f 1989 1990 1994 
f 1991 1989 1994 
f 1991 1994 1993 
f 1972 1943 1975 
f 1943 1955 1984 
f 1955 1970 1990 
f 1987 1992 1995 
f 1987 1995 1996 
f 1990 1968 1994 
f 1982 1997 1998 
f 1982 1998 1981 
f 1980 1981 1978 
f 1976 1999 1977 
f 1977 1972 1975 
f 1976 1978 1999 
f 1975 1943 1984 
f 1982 1987 1996 
f 1984 1955 1988 
f 1988 1955 1990 
f 1990 1970 1968 
f 1982 1996 1997 
f 1998 2000 1981 
f 1981 2000 2001 
f 293 292 295 
f 1977 2002 1972 
f 1944 1972 2002 
f 1977 1999 2003 
f 1978 1981 2001 
f 1998 2004 2005 
f 2001 2000 2006 
f 1999 2001 2007 
f 2003 2007 2008 
f 2002 2008 2009 
f 2002 2009 2010 
f 1944 2010 1945 
f 2000 1998 2005 
f 374 294 373 
f 2003 1999 2007 
f 1999 1978 2001 
f 2002 2003 2008 
f 1944 2002 2010 
f 1977 2003 2002 
f 2011 1951 2010 
f 1941 1947 1973 
f 2012 1973 2013 
f 2013 1973 1969 
f 1941 1973 2012 
f 1973 1949 1969 
f 1951 2011 1969 
f 1945 2010 1951 
f 2014 2015 2016 
f 2016 2017 2018 
f 1941 2012 2019 
f 1941 2019 2017 
f 2020 2021 2018 
f 2017 2016 2022 
f 2016 2023 2014 
f 1941 2017 2022 
f 2017 2020 2018 
f 2024 2023 2025 
f 2018 2021 2026 
f 2016 2018 2023 
f 2014 2023 2024 
f 2027 2015 2028 
f 2026 2029 2025 
f 2023 2018 2025 
f 2024 2025 2029 
f 2025 2018 2026 
f 2028 2015 2024 
f 2015 2014 2024 
f 2030 2028 2031 
f 2030 2031 2032 
f 2031 2033 2034 
f 2032 2031 2034 
f 2030 2032 2035 
f 2034 2033 2036 
f 288 287 289 
f 2028 2030 2027 
f 2036 2033 2037 
f 290 284 292 
f 2038 2027 2030 
f 293 295 374 
f 2038 2030 2039 
f 2039 2030 2035 
f 1971 2038 2040 
f 2038 2039 2040 
f 2040 2039 1974 
f 2039 2035 2041 
f 2041 2035 2042 
f 1974 2039 2041 
f 2041 2042 1958 
f 1958 2042 2036 
f 1958 1974 2041 
f 1942 2040 1974 
f 1941 2022 2038 
f 2022 2016 2038 
f 2016 2015 2027 
f 2032 2034 2042 
f 2038 2016 2027 
f 1942 1971 2040 
f 1942 1974 1940 
f 2035 2032 2042 
f 2042 2034 2036 
f 1971 1941 2038 
f 2043 2044 2045 
f 2044 2043 2046 
f 2043 2047 2046 
f 2047 2048 2046 
f 2046 2048 2049 
f 2048 2050 2049 
f 2044 2051 2052 
f 2051 2044 2046 
f 2046 2049 2053 
f 2051 2046 2054 
f 2054 2046 2053 
f 2051 2055 2056 
f 2051 2054 2055 
f 2054 2053 2057 
f 2055 2054 2058 
f 2058 2054 2057 
f 2059 2055 2060 
f 2058 2057 2061 
f 2061 2062 2063 
f 2062 2057 2064 
f 2064 2053 2049 
f 2049 2050 2065 
f 2065 2050 2031 
f 2031 2047 2066 
f 2066 2047 2043 
f 2067 2045 2068 
f 2068 2044 2052 
f 2052 2051 2056 
f 2045 2044 2068 
f 2048 2047 2031 
f 2050 2048 2031 
f 2057 2053 2064 
f 2056 2055 2059 
f 2055 2058 2060 
f 2061 2057 2062 
f 2069 2070 2071 
f 2071 2070 2072 
f 2071 2072 2073 
f 2071 2073 2074 
f 2074 2075 2076 
f 2077 2076 2078 
f 2077 2078 2079 
f 2080 2081 2082 
f 2080 2082 2083 
f 2080 2083 2084 
f 2085 2084 2086 
f 2085 2086 2087 
f 2088 2069 2089 
f 2069 2071 2090 
f 2090 2071 2091 
f 2071 2074 2091 
f 2091 2074 2092 
f 2092 2074 2093 
f 2074 2076 2093 
f 2076 2077 2093 
f 2093 2077 2094 
f 2094 2077 2095 
f 2077 2079 2095 
f 2095 2079 2096 
f 2096 2079 2097 
f 2079 2098 2097 
f 2098 2081 2097 
f 2097 2081 2099 
f 2081 2080 2099 
f 2099 2080 2100 
f 2080 2084 2100 
f 2100 2084 2101 
f 2084 2085 2101 
f 2101 2085 2102 
f 2085 2087 2102 
f 2087 2103 2102 
f 2102 2103 2104 
f 2105 2106 2107 
f 2105 2088 2089 
f 2089 2069 2108 
f 2108 2069 2109 
f 2109 2069 2110 
f 2069 2090 2110 
f 2090 2091 2111 
f 2094 2095 2112 
f 2096 2097 2113 
f 2099 2100 2114 
f 2101 2102 2115 
f 2102 2104 2116 
f 2107 2117 2118 
f 2117 2107 2106 
f 2106 2105 2119 
f 2105 2089 2119 
f 2119 2089 2108 
f 2110 2090 2120 
f 2120 2090 2111 
f 2111 2091 2121 
f 2121 2091 2122 
f 2091 2092 2122 
f 2092 2093 2123 
f 2123 2093 2124 
f 2093 2094 2124 
f 2124 2094 2112 
f 2112 2095 2125 
f 2095 2096 2125 
f 2125 2096 2113 
f 2113 2097 2126 
f 2097 2099 2126 
f 2126 2099 2114 
f 2114 2100 2127 
f 2100 2101 2127 
f 2127 2101 2115 
f 2115 2102 2128 
f 2128 2102 2129 
f 2102 2116 2129 
f 2130 2131 2132 
f 2130 2118 2131 
f 2131 2118 2117 
f 2119 2108 2133 
f 2108 2109 2133 
f 2133 2109 2134 
f 2109 2110 2134 
f 2134 2110 2120 
f 2120 2111 2135 
f 2135 2111 2121 
f 2122 2092 2136 
f 2136 2092 2123 
f 2124 2112 2137 
f 2126 2114 2138 
f 2127 2115 2139 
f 2139 2115 2128 
f 2132 2131 2140 
f 2140 2131 2141 
f 2131 2117 2142 
f 2117 2106 2142 
f 2142 2106 2143 
f 2143 2106 2144 
f 2106 2119 2144 
f 2144 2119 2145 
f 2119 2133 2145 
f 2145 2133 2146 
f 2146 2133 2147 
f 2133 2134 2147 
f 2134 2120 2147 
f 2147 2120 2135 
f 2135 2121 2148 
f 2148 2121 2149 
f 2121 2122 2149 
f 2149 2122 2136 
f 2136 2123 2150 
f 2150 2123 2151 
f 2123 2124 2151 
f 2151 2124 2137 
f 2137 2112 2152 
f 2152 2112 2153 
f 2112 2125 2153 
f 2153 2125 2154 
f 2125 2113 2154 
f 2154 2113 2155 
f 2113 2126 2155 
f 2155 2126 2138 
f 2138 2114 2156 
f 2156 2114 2157 
f 2114 2127 2157 
f 2157 2127 2139 
f 2139 2128 2158 
f 2159 2140 2141 
f 2141 2131 2160 
f 2131 2142 2160 
f 2147 2135 2161 
f 2161 2135 2148 
f 2148 2149 2162 
f 2149 2136 2162 
f 2162 2136 2150 
f 2151 2137 2163 
f 2163 2137 2152 
f 2152 2153 2164 
f 2153 2154 2164 
f 2155 2138 2165 
f 2165 2138 2156 
f 2157 2139 2166 
f 2166 2139 2167 
f 2139 2158 2167 
f 2168 2169 2159 
f 2159 2169 2170 
f 2168 2159 2171 
f 2159 2141 2171 
f 2160 2142 2172 
f 2172 2142 2173 
f 2142 2143 2173 
f 2173 2143 2174 
f 2143 2144 2174 
f 2174 2144 2175 
f 2144 2145 2175 
f 2175 2145 2176 
f 2145 2146 2176 
f 2176 2146 2177 
f 2146 2147 2177 
f 2177 2147 2178 
f 2178 2147 2161 
f 2161 2148 2179 
f 2179 2148 2180 
f 2148 2162 2180 
f 2162 2150 2181 
f 2181 2150 2182 
f 2150 2151 2182 
f 2182 2151 2163 
f 2163 2152 2183 
f 2183 2152 2184 
f 2152 2164 2184 
f 2164 2154 2185 
f 2185 2154 2186 
f 2154 2155 2186 
f 2186 2155 2165 
f 2165 2156 2187 
f 2187 2156 2188 
f 2156 2157 2188 
f 2188 2157 2166 
f 2166 2167 2189 
f 2171 2141 2190 
f 2141 2160 2190 
f 2190 2160 2172 
f 2178 2161 2191 
f 2191 2161 2179 
f 2180 2162 2192 
f 2192 2162 2181 
f 2182 2163 2193 
f 2193 2163 2183 
f 2183 2184 2194 
f 2184 2164 2194 
f 2194 2164 2185 
f 2186 2165 2195 
f 2195 2165 2187 
f 2188 2166 2196 
f 2196 2166 2189 
f 2197 2198 2199 
f 2197 2168 2198 
f 2198 2168 2200 
f 2200 2168 2201 
f 2168 2171 2201 
f 2171 2190 2201 
f 2201 2190 2202 
f 2190 2172 2202 
f 2202 2172 2203 
f 2172 2173 2203 
f 2203 2173 2204 
f 2173 2174 2204 
f 2204 2174 2205 
f 2174 2175 2205 
f 2175 2176 2205 
f 2205 2176 2206 
f 2176 2177 2206 
f 2206 2177 2207 
f 2177 2178 2207 
f 2207 2178 2191 
f 2191 2179 2208 
f 2179 2180 2208 
f 2208 2180 2192 
f 2192 2181 2209 
f 2181 2182 2209 
f 2209 2182 2193 
f 2193 2183 2210 
f 2183 2194 2210 
f 2194 2185 2211 
f 2185 2186 2211 
f 2211 2186 2195 
f 2195 2187 2212 
f 2187 2188 2212 
f 2212 2188 2213 
f 2188 2196 2213 
f 2213 2196 2214 
f 2196 2189 2214 
f 2199 2198 2215 
f 2215 2198 2216 
f 2198 2200 2216 
f 2200 2201 2216 
f 2216 2201 2217 
f 2217 2201 2218 
f 2201 2202 2218 
f 2218 2202 2219 
f 2202 2203 2219 
f 2219 2203 2220 
f 2203 2204 2220 
f 2204 2205 2220 
f 2205 2206 2221 
f 2221 2206 2207 
f 2207 2191 2222 
f 2222 2191 2223 
f 2191 2208 2223 
f 2223 2208 2224 
f 2208 2192 2224 
f 2224 2192 2225 
f 2192 2209 2225 
f 2225 2209 2226 
f 2226 2209 2227 
f 2209 2193 2227 
f 2227 2193 2210 
f 2210 2194 2228 
f 2228 2194 2229 
f 2194 2211 2229 
f 2229 2211 2230 
f 2211 2195 2230 
f 2230 2195 2231 
f 2195 2212 2231 
f 2231 2212 2232 
f 2212 2213 2232 
f 2232 2213 2233 
f 2213 2214 2233 
f 2234 2235 2199 
f 2234 2199 2215 
f 2219 2220 2236 
f 2220 2205 2237 
f 2237 2205 2221 
f 2221 2207 2238 
f 2238 2207 2239 
f 2207 2222 2239 
f 2226 2227 2240 
f 2227 2210 2241 
f 2241 2210 2242 
f 2210 2228 2242 
f 2229 2230 2243 
f 2232 2233 2244 
f 2233 2214 2244 
f 2234 2215 2245 
f 2245 2215 2246 
f 2215 2216 2246 
f 2246 2216 2247 
f 2247 2216 2248 
f 2216 2217 2248 
f 2248 2217 2249 
f 2217 2218 2249 
f 2249 2218 2250 
f 2250 2218 2251 
f 2218 2219 2251 
f 2251 2219 2252 
f 2219 2236 2252 
f 2252 2236 2253 
f 2236 2220 2253 
f 2253 2220 2237 
f 2237 2221 2254 
f 2254 2221 2255 
f 2221 2238 2255 
f 2255 2238 2256 
f 2238 2239 2256 
f 2256 2239 2257 
f 2239 2222 2257 
f 2257 2222 2258 
f 2222 2223 2258 
f 2258 2223 2259 
f 2223 2224 2259 
f 2259 2224 2260 
f 2224 2225 2260 
f 2260 2225 2261 
f 2225 2226 2261 
f 2261 2226 2262 
f 2226 2240 2262 
f 2262 2240 2263 
f 2240 2227 2263 
f 2263 2227 2264 
f 2227 2241 2264 
f 2264 2241 2242 
f 2242 2228 2265 
f 2228 2229 2265 
f 2265 2229 2266 
f 2229 2243 2266 
f 2266 2243 2267 
f 2243 2230 2267 
f 2267 2230 2268 
f 2230 2231 2268 
f 2268 2231 2269 
f 2231 2232 2269 
f 2269 2232 2270 
f 2232 2244 2270 
f 2245 2271 2272 
f 2272 2234 2245 
f 2245 2246 2273 
f 2273 2246 2247 
f 2247 2248 2274 
f 2274 2248 2275 
f 2248 2249 2275 
f 2275 2249 2276 
f 2249 2250 2276 
f 2276 2250 2277 
f 2250 2251 2277 
f 2277 2251 2278 
f 2251 2252 2278 
f 2278 2252 2279 
f 2252 2253 2279 
f 2279 2253 2280 
f 2253 2237 2280 
f 2280 2237 2281 
f 2237 2254 2281 
f 2281 2254 2282 
f 2254 2255 2282 
f 2282 2255 2283 
f 2255 2256 2283 
f 2283 2256 2284 
f 2256 2257 2284 
f 2284 2257 2285 
f 2257 2258 2285 
f 2285 2258 2286 
f 2258 2259 2286 
f 2286 2259 2287 
f 2259 2260 2287 
f 2287 2260 2288 
f 2260 2261 2288 
f 2288 2261 2289 
f 2261 2262 2289 
f 2289 2262 2263 
f 2263 2264 2290 
f 2290 2264 2291 
f 2264 2242 2291 
f 2291 2242 2292 
f 2242 2265 2292 
f 2292 2265 2293 
f 2265 2266 2293 
f 2293 2266 2294 
f 2266 2267 2294 
f 2294 2267 2295 
f 2267 2268 2295 
f 2295 2268 2296 
f 2268 2269 2296 
f 2296 2269 2297 
f 2269 2270 2297 
f 2270 2244 2297 
f 2298 2299 2271 
f 2298 2271 2245 
f 2298 2245 2300 
f 2245 2273 2300 
f 2300 2273 2301 
f 2273 2247 2301 
f 2301 2247 2274 
f 2274 2275 2302 
f 2275 2276 2302 
f 2302 2276 2303 
f 2276 2277 2303 
f 2303 2277 2304 
f 2277 2278 2304 
f 2278 2279 2304 
f 2304 2279 2305 
f 2279 2280 2305 
f 2305 2280 2306 
f 2280 2281 2306 
f 2306 2281 2307 
f 2281 2282 2307 
f 2307 2282 2308 
f 2282 2283 2308 
f 2283 2284 2308 
f 2308 2284 2309 
f 2284 2285 2309 
f 2309 2285 2310 
f 2285 2286 2310 
f 2310 2286 2311 
f 2286 2287 2311 
f 2311 2287 2312 
f 2287 2288 2312 
f 2312 2288 2313 
f 2288 2289 2313 
f 2289 2263 2313 
f 2313 2263 2314 
f 2263 2290 2314 
f 2314 2290 2315 
f 2290 2291 2315 
f 2291 2292 2316 
f 2316 2292 2317 
f 2292 2293 2317 
f 2317 2293 2318 
f 2293 2294 2318 
f 2318 2294 2319 
f 2294 2295 2319 
f 2319 2295 2320 
f 2295 2296 2320 
f 2320 2296 2321 
f 2296 2297 2321 
f 2322 2323 2298 
f 2323 2299 2298 
f 2298 2300 2324 
f 2324 2300 2301 
f 2301 2274 2325 
f 2325 2274 2326 
f 2274 2302 2326 
f 2302 2303 2327 
f 2327 2303 2328 
f 2303 2304 2328 
f 2304 2305 2329 
f 2329 2305 2330 
f 2305 2306 2330 
f 2330 2306 2331 
f 2306 2307 2331 
f 2331 2307 2332 
f 2307 2308 2332 
f 2308 2309 2333 
f 2333 2309 2334 
f 2309 2310 2334 
f 2334 2310 2335 
f 2310 2311 2335 
f 2335 2311 2336 
f 2311 2312 2336 
f 2336 2312 2337 
f 2312 2313 2337 
f 2313 2314 2338 
f 2338 2314 2339 
f 2314 2315 2339 
f 2315 2291 2339 
f 2339 2291 2340 
f 2291 2316 2340 
f 2340 2316 2341 
f 2316 2317 2341 
f 2341 2317 2342 
f 2317 2318 2342 
f 2342 2318 2343 
f 2318 2319 2343 
f 2343 2319 2344 
f 2319 2320 2344 
f 2344 2320 2345 
f 2320 2321 2345 
f 2321 2297 2345 
f 2322 2298 2346 
f 2346 2298 2347 
f 2298 2324 2347 
f 2347 2324 2348 
f 2324 2301 2348 
f 2348 2301 2349 
f 2301 2325 2349 
f 2349 2325 2350 
f 2325 2326 2350 
f 2350 2326 2351 
f 2326 2302 2351 
f 2351 2302 2352 
f 2302 2327 2352 
f 2352 2327 2353 
f 2327 2328 2353 
f 2353 2328 2354 
f 2328 2304 2354 
f 2354 2304 2355 
f 2304 2329 2355 
f 2355 2329 2356 
f 2329 2330 2356 
f 2356 2330 2357 
f 2330 2331 2357 
f 2357 2331 2358 
f 2331 2332 2358 
f 2358 2332 2359 
f 2332 2308 2359 
f 2359 2308 2360 
f 2308 2333 2360 
f 2360 2333 2361 
f 2333 2334 2361 
f 2361 2334 2362 
f 2334 2335 2362 
f 2362 2335 2363 
f 2335 2336 2363 
f 2363 2336 2364 
f 2336 2337 2364 
f 2364 2337 2365 
f 2337 2313 2365 
f 2365 2313 2366 
f 2313 2338 2366 
f 2366 2338 2339 
f 2339 2340 2367 
f 2367 2340 2368 
f 2340 2341 2368 
f 2368 2341 2369 
f 2341 2342 2369 
f 2369 2342 2370 
f 2342 2343 2370 
f 2370 2343 2371 
f 2343 2344 2371 
f 2371 2344 2372 
f 2344 2345 2372 
f 2373 2322 2346 
f 2346 2347 2374 
f 2347 2348 2374 
f 2374 2348 2375 
f 2348 2349 2375 
f 2375 2349 2376 
f 2349 2350 2376 
f 2350 2351 2376 
f 2376 2351 2377 
f 2351 2352 2377 
f 2377 2352 2378 
f 2352 2353 2378 
f 2353 2354 2378 
f 2378 2354 2379 
f 2354 2355 2379 
f 2379 2355 2380 
f 2355 2356 2380 
f 2380 2356 2381 
f 2356 2357 2381 
f 2381 2357 2382 
f 2357 2358 2382 
f 2358 2359 2382 
f 2382 2359 2383 
f 2359 2360 2383 
f 2383 2360 2384 
f 2360 2361 2384 
f 2361 2362 2384 
f 2384 2362 2385 
f 2362 2363 2385 
f 2385 2363 2386 
f 2363 2364 2386 
f 2364 2365 2386 
f 2386 2365 2387 
f 2365 2366 2387 
f 2387 2366 2388 
f 2366 2339 2388 
f 2388 2339 2389 
f 2339 2367 2389 
f 2389 2367 2390 
f 2367 2368 2390 
f 2368 2369 2390 
f 2390 2369 2391 
f 2369 2370 2391 
f 2391 2370 2392 
f 2370 2371 2392 
f 2392 2371 2393 
f 2371 2372 2393 
f 2393 2372 2394 
f 2372 2345 2394 
f 2395 2396 2397 
f 2395 2397 2346 
f 2397 2373 2346 
f 2376 2377 2398 
f 2398 2377 2399 
f 2377 2378 2399 
f 2380 2381 2400 
f 2400 2381 2401 
f 2381 2382 2401 
f 2383 2384 2402 
f 2385 2386 2403 
f 2386 2387 2404 
f 2404 2387 2405 
f 2387 2388 2405 
f 2389 2390 2406 
f 2391 2392 2407 
f 2407 2392 2408 
f 2392 2393 2408 
f 2393 2394 2408 
f 2395 2346 2409 
f 2409 2346 2410 
f 2346 2374 2410 
f 2410 2374 2411 
f 2411 2374 2412 
f 2374 2375 2412 
f 2412 2375 2413 
f 2375 2376 2413 
f 2413 2376 2414 
f 2414 2376 2415 
f 2376 2398 2415 
f 2415 2398 2416 
f 2398 2399 2416 
f 2416 2399 2417 
f 2399 2378 2417 
f 2417 2378 2418 
f 2378 2379 2418 
f 2418 2379 2419 
f 2379 2380 2419 
f 2419 2380 2420 
f 2380 2400 2420 
f 2420 2400 2421 
f 2400 2401 2421 
f 2421 2401 2422 
f 2401 2382 2422 
f 2422 2382 2423 
f 2382 2383 2423 
f 2423 2383 2424 
f 2383 2402 2424 
f 2424 2402 2425 
f 2402 2384 2425 
f 2425 2384 2426 
f 2384 2385 2426 
f 2426 2385 2427 
f 2385 2403 2427 
f 2427 2403 2428 
f 2403 2386 2428 
f 2428 2386 2429 
f 2386 2404 2429 
f 2429 2404 2430 
f 2404 2405 2430 
f 2430 2405 2431 
f 2405 2388 2431 
f 2431 2388 2432 
f 2388 2389 2432 
f 2432 2389 2433 
f 2389 2406 2433 
f 2433 2406 2434 
f 2406 2390 2434 
f 2434 2390 2435 
f 2390 2391 2435 
f 2435 2391 2436 
f 2391 2407 2436 
f 2436 2407 2437 
f 2407 2408 2437 
f 2395 2409 2438 
f 2409 2410 2439 
f 2439 2410 2411 
f 2411 2412 2440 
f 2412 2413 2440 
f 2413 2414 2440 
f 2440 2414 2441 
f 2414 2415 2441 
f 2441 2415 2416 
f 2416 2417 2442 
f 2417 2418 2442 
f 2418 2419 2442 
f 2442 2419 2443 
f 2419 2420 2443 
f 2443 2420 2421 
f 2421 2422 2444 
f 2422 2423 2444 
f 2423 2424 2444 
f 2444 2424 2425 
f 2425 2426 2427 
f 2427 2428 2445 
f 2428 2429 2445 
f 2445 2429 2430 
f 2430 2431 2446 
f 2431 2432 2446 
f 2446 2432 2447 
f 2432 2433 2447 
f 2447 2433 2448 
f 2433 2434 2448 
f 2448 2434 2449 
f 2434 2435 2449 
f 2449 2435 2436 
f 2436 2437 2450 
f 2437 2408 2450 
f 2451 2438 2409 
f 2451 2409 2439 
f 2439 2411 2452 
f 2452 2411 2453 
f 2411 2440 2453 
f 2453 2440 2454 
f 2440 2441 2454 
f 2454 2441 2455 
f 2441 2416 2455 
f 2455 2416 2456 
f 2416 2442 2456 
f 2456 2442 2457 
f 2457 2442 2443 
f 2443 2421 2458 
f 2458 2421 2459 
f 2421 2444 2459 
f 2459 2444 2460 
f 2444 2425 2460 
f 2460 2425 2461 
f 2461 2425 2462 
f 2425 2427 2462 
f 2462 2427 2463 
f 2427 2445 2463 
f 2463 2445 2464 
f 2445 2430 2464 
f 2464 2430 2465 
f 2430 2446 2465 
f 2465 2446 2466 
f 2446 2447 2466 
f 2447 2448 2466 
f 2466 2448 2467 
f 2448 2449 2467 
f 2467 2449 2468 
f 2449 2436 2468 
f 2468 2436 2469 
f 2436 2450 2469 
f 2451 2439 2470 
f 2470 2439 2452 
f 2454 2455 2471 
f 2457 2443 2472 
f 2443 2458 2472 
f 2459 2460 2473 
f 2461 2462 2474 
f 2463 2464 2475 
f 2465 2466 2476 
f 2467 2468 2477 
f 2451 2470 2478 
f 2470 2452 2479 
f 2479 2452 2480 
f 2452 2453 2480 
f 2480 2453 2481 
f 2453 2454 2481 
f 2481 2454 2482 
f 2454 2471 2482 
f 2482 2471 2483 
f 2471 2455 2483 
f 2483 2455 2484 
f 2455 2456 2484 
f 2484 2456 2485 
f 2456 2457 2485 
f 2457 2472 2485 
f 2472 2458 2486 
f 2458 2459 2486 
f 2486 2459 2473 
f 2473 2460 2487 
f 2460 2461 2487 
f 2461 2474 2487 
f 2487 2474 2488 
f 2474 2462 2488 
f 2488 2462 2489 
f 2462 2463 2489 
f 2489 2463 2475 
f 2475 2464 2490 
f 2464 2465 2490 
f 2490 2465 2491 
f 2465 2476 2491 
f 2491 2476 2492 
f 2476 2466 2492 
f 2466 2467 2492 
f 2492 2467 2493 
f 2467 2477 2493 
f 2493 2477 2494 
f 2477 2468 2494 
f 2468 2469 2494 
f 2495 2496 2470 
f 2495 2470 2497 
f 2470 2479 2497 
f 2497 2479 2498 
f 2479 2480 2498 
f 2498 2480 2499 
f 2480 2481 2499 
f 2499 2481 2482 
f 2482 2483 2484 
f 2485 2472 2500 
f 2500 2472 2501 
f 2472 2486 2501 
f 2501 2486 2502 
f 2486 2473 2502 
f 2502 2473 2503 
f 2473 2487 2503 
f 2503 2487 2504 
f 2504 2487 2488 
f 2488 2489 2505 
f 2489 2475 2505 
f 2505 2475 2490 
f 2491 2492 2506 
f 2492 2493 2506 
f 2506 2493 2507 
f 2493 2494 2507 
f 2508 2495 2497 
f 2499 2482 2509 
f 2509 2482 2510 
f 2482 2484 2510 
f 2510 2484 2511 
f 2511 2484 2512 
f 2484 2485 2512 
f 2512 2485 2500 
f 2501 2502 2513 
f 2504 2488 2514 
f 2488 2505 2514 
f 2505 2490 2515 
f 2515 2490 2516 
f 2490 2491 2516 
f 2516 2491 2517 
f 2491 2506 2517 
f 2508 2497 2518 
f 2497 2498 2518 
f 2518 2498 2519 
f 2498 2499 2519 
f 2519 2499 2520 
f 2499 2509 2520 
f 2512 2500 2521 
f 2521 2500 2522 
f 2500 2501 2522 
f 2522 2501 2513 
f 2513 2502 2523 
f 2502 2503 2523 
f 2523 2503 2524 
f 2503 2504 2524 
f 2524 2504 2525 
f 2504 2514 2525 
f 2514 2505 2526 
f 2526 2505 2515 
f 2517 2506 2527 
f 2527 2506 2528 
f 2506 2507 2528 
f 2508 2529 2530 
f 2508 2518 2529 
f 2519 2520 2531 
f 2520 2509 2531 
f 2509 2510 2531 
f 2531 2510 2532 
f 2510 2511 2532 
f 2511 2512 2532 
f 2532 2512 2533 
f 2512 2521 2533 
f 2522 2513 2534 
f 2534 2513 2523 
f 2523 2524 2535 
f 2525 2514 2536 
f 2536 2514 2526 
f 2526 2515 2537 
f 2515 2516 2537 
f 2537 2516 2538 
f 2516 2517 2538 
f 2538 2517 2527 
f 2529 2518 2539 
f 2539 2518 2540 
f 2518 2519 2540 
f 2540 2519 2541 
f 2519 2531 2541 
f 2531 2532 2542 
f 2533 2521 2543 
f 2521 2522 2543 
f 2543 2522 2534 
f 2534 2523 2535 
f 2535 2524 2544 
f 2524 2525 2544 
f 2544 2525 2536 
f 2536 2526 2545 
f 2526 2537 2545 
f 2538 2527 2546 
f 2546 2527 2547 
f 2527 2528 2547 
f 2541 2531 2542 
f 2542 2532 2548 
f 2548 2532 2549 
f 2532 2533 2549 
f 2549 2533 2550 
f 2550 2533 2551 
f 2533 2543 2551 
f 2543 2534 2552 
f 2552 2534 2553 
f 2534 2535 2553 
f 2553 2535 2554 
f 2554 2535 2544 
f 2544 2536 2555 
f 2555 2536 2556 
f 2556 2536 2557 
f 2536 2545 2557 
f 2557 2545 2558 
f 2545 2537 2558 
f 2558 2537 2559 
f 2537 2538 2559 
f 2559 2538 2560 
f 2538 2546 2560 
f 2546 2547 2561 
f 2541 2542 2562 
f 2070 2069 2563 
f 2563 2069 2564 
f 2564 2069 2565 
f 2565 2088 2566 
f 2566 2105 2567 
f 2567 2105 2568 
f 2197 2199 2569 
f 2396 2395 2438 
f 2478 2470 2496 
f 2570 2508 2530 
f 2571 2540 2572 
f 2572 2540 2573 
f 2573 2540 2574 
f 2574 2541 2575 
f 2576 2542 2548 
f 2577 2543 2578 
f 2578 2543 2552 
f 2579 2544 2555 
f 2580 2546 2561 
f 2581 2561 2547 
f 2582 2494 2583 
f 2583 2494 2584 
f 2450 2408 2585 
f 2394 2345 2586 
f 2586 2297 2587 
f 2587 2244 2588 
f 2588 2214 2589 
f 2589 2189 2590 
f 2590 2167 2591 
f 2591 2167 2592 
f 2592 2128 2593 
f 2104 2103 2594 
f 2594 2103 2595 
f 2596 2087 2597 
f 2597 2087 2086 
f 2598 2084 2083 
f 2079 2078 2599 
f 2086 2084 2598 
f 2103 2087 2596 
f 2088 2105 2566 
f 2105 2107 2568 
f 2128 2129 2593 
f 2158 2128 2592 
f 2167 2158 2592 
f 2189 2167 2590 
f 2214 2189 2589 
f 2244 2214 2588 
f 2234 2272 2600 
f 2297 2244 2587 
f 2345 2297 2586 
f 2408 2394 2585 
f 2494 2469 2584 
f 2507 2494 2582 
f 2528 2507 2582 
f 2539 2540 2571 
f 2540 2541 2574 
f 2551 2543 2577 
f 2554 2544 2579 
f 2560 2546 2580 
f 2562 2542 2576 
f 2541 2562 2575 
f 2069 2088 2565 
f 2169 2168 2197 
f 2495 2508 2601 
f 2602 2603 2596 
f 2602 2596 2597 
f 286 284 287 
f 290 292 291 
f 286 283 284 
f 287 284 289 
f 2604 2605 2606 
f 2606 2605 2607 
f 2603 2602 2608 
f 2602 2597 2608 
f 2608 2597 2609 
f 2597 2598 2609 
f 2598 2610 2609 
f 2609 2610 2611 
f 2610 2612 2611 
f 2612 2613 2611 
f 2611 2613 2614 
f 2613 2615 2614 
f 2615 2616 2614 
f 2614 2616 2617 
f 2617 2618 2619 
f 2619 2618 2599 
f 2620 2621 2622 
f 2621 2623 2624 
f 2623 2625 2624 
f 2624 2625 2626 
f 2625 2627 2626 
f 2626 2627 2604 
f 2073 2072 2605 
f 2074 2073 2604 
f 2075 2074 2625 
f 2076 2075 2623 
f 2078 2076 2620 
f 2079 2599 2618 
f 2098 2079 2617 
f 2081 2098 2615 
f 2082 2081 2613 
f 2083 2082 2612 
f 2598 2083 2610 
f 2086 2598 2597 
f 2595 2103 2603 
f 2614 2617 2628 
f 2628 2617 2619 
f 2629 2599 2630 
f 2630 2631 2622 
f 2632 2621 2624 
f 2626 2604 2633 
f 2605 2072 2607 
f 2603 2103 2596 
f 2610 2083 2612 
f 2612 2082 2613 
f 2613 2081 2615 
f 2615 2098 2616 
f 2616 2098 2617 
f 2617 2079 2618 
f 2599 2078 2631 
f 2631 2078 2620 
f 2620 2076 2621 
f 2621 2076 2623 
f 2623 2075 2625 
f 2625 2074 2627 
f 2627 2074 2604 
f 2595 2603 2634 
f 2619 2599 2629 
f 2599 2631 2630 
f 2631 2620 2622 
f 2622 2621 2632 
f 2604 2606 2633 
f 2634 2603 2608 
f 2073 2605 2604 
f 2635 2636 2637 
f 2635 2637 2638 
f 2635 2638 2639 
f 2639 2638 2640 
f 2639 2640 2641 
f 2642 2643 2644 
f 2642 2644 2645 
f 2646 2647 2648 
f 2646 2648 2649 
f 2650 2651 2652 
f 2650 2652 2653 
f 2654 2655 2656 
f 2642 2645 2657 
f 2657 2645 2658 
f 2645 2659 2658 
f 2659 2660 2658 
f 2649 2661 2662 
f 2661 2663 2662 
f 2663 2664 2662 
f 2662 2664 2665 
f 2664 2666 2665 
f 2665 2666 2667 
f 2650 2653 2668 
f 2668 2653 2669 
f 2670 2655 2654 
f 2656 2594 2634 
f 2634 2594 2595 
f 2671 2672 2673 
f 2673 2636 2674 
f 2674 2636 2675 
f 2675 2635 2676 
f 2676 2639 2677 
f 2677 2641 2678 
f 2678 2641 2643 
f 2679 2646 2649 
f 2680 2667 2681 
f 2651 2650 2682 
f 2683 2650 2668 
f 2668 2669 2670 
f 2654 2656 2634 
f 2684 2655 2669 
f 2652 2651 2685 
f 2685 2667 2666 
f 2666 2664 2686 
f 2664 2663 2686 
f 2686 2663 2661 
f 2661 2649 2648 
f 2648 2647 2687 
f 2687 2660 2688 
f 2688 2660 2689 
f 2689 2645 2644 
f 2644 2643 2690 
f 2690 2643 2691 
f 2641 2640 2691 
f 2643 2641 2691 
f 2659 2645 2689 
f 2660 2659 2689 
f 2647 2660 2687 
f 2651 2667 2685 
f 2653 2652 2669 
f 2655 2670 2669 
f 2636 2635 2675 
f 2635 2639 2676 
f 2639 2641 2677 
f 2643 2642 2657 
f 2647 2646 2679 
f 2667 2651 2681 
f 2673 2672 2637 
f 2636 2673 2637 
f 2692 2693 2694 
f 2695 2696 2697 
f 2696 2692 2698 
f 2698 2692 2699 
f 2692 2694 2699 
f 2697 2696 2698 
f 2699 2694 2700 
f 2701 2698 2702 
f 2698 2699 2702 
f 2052 2056 2694 
f 2068 2052 2694 
f 2067 2068 2703 
f 2672 2671 2695 
f 2699 2700 2704 
f 2700 2056 2704 
f 2692 2696 2705 
f 2693 2692 2705 
f 2695 2671 2696 
f 2693 2068 2694 
f 2694 2056 2700 
f 2697 2698 2701 
f 2695 2697 2672 
f 2068 2693 2703 
f 2706 2707 2671 
f 2705 2707 2708 
f 2671 2707 2705 
f 2706 2709 2707 
f 2708 2710 2705 
f 2705 2711 2693 
f 2705 2710 2711 
f 2711 2712 2713 
f 2713 2703 2693 
f 2708 2707 2714 
f 2709 2706 2715 
f 2696 2671 2705 
f 2693 2711 2713 
f 2671 2716 2706 
f 2717 2706 2716 
f 2718 2703 2719 
f 2703 2713 2719 
f 2713 2712 2720 
f 2712 2711 2721 
f 2711 2710 2721 
f 2714 2722 2723 
f 2722 2724 2723 
f 2724 2707 2725 
f 2707 2709 2725 
f 2725 2709 2726 
f 2726 2709 2715 
f 2715 2706 2727 
f 2727 2706 2717 
f 2719 2713 2720 
f 2720 2712 2728 
f 2728 2712 2721 
f 2721 2710 2729 
f 2710 2714 2729 
f 2729 2714 2730 
f 2718 2719 1959 
f 2723 2724 2725 
f 2715 2727 2726 
f 2707 2724 2722 
f 2067 2703 2731 
f 2732 2733 1967 
f 2710 2708 2714 
f 2714 2707 2722 
f 2717 2716 2733 
f 2703 2718 2731 
f 2731 2718 1959 
f 2727 2717 2732 
f 2714 2723 2730 
f 2732 2717 2733 
f 2734 2735 2736 
f 2735 2737 2736 
f 2736 2737 2738 
f 2738 2737 2674 
f 2737 1967 2674 
f 2739 2735 2677 
f 2677 2735 2734 
f 2674 1967 2740 
f 2740 1967 2716 
f 2734 2736 2676 
f 2676 2736 2675 
f 2675 2738 2674 
f 2735 2739 2741 
f 2736 2738 2675 
f 2674 2740 2673 
f 1967 2733 2716 
f 2741 2739 2677 
f 2737 2735 1968 
f 1966 2725 2726 
f 1966 2727 2732 
f 2723 2725 1966 
f 2730 2720 2728 
f 2732 1967 1966 
f 2730 2723 1965 
f 2720 2730 1965 
f 2720 1965 1959 
f 2742 1959 2743 
f 2723 1966 1963 
f 2723 1963 1965 
f 1956 1959 1960 
f 1993 1994 1968 
f 1958 2036 2744 
f 2728 2721 2730 
f 2726 2727 1966 
f 1959 1958 2745 
f 2735 2741 1968 
f 2737 1968 1967 
f 2720 1959 2719 
f 1965 1960 1959 
f 2730 2721 2729 
f 1959 2746 2743 
f 2746 2745 2744 
f 2742 2045 2067 
f 2742 2743 2045 
f 2746 2744 2747 
f 2747 2744 2037 
f 2747 2037 2066 
f 2037 2033 2066 
f 2036 2037 2744 
f 2731 1959 2742 
f 1959 2745 2746 
f 2045 2743 2746 
f 2746 2747 2043 
f 2745 1958 2744 
f 2731 2742 2067 
f 2747 2066 2043 
f 289 290 291 
f 2028 2065 2031 
f 2043 2045 2746 
f 2029 2065 2024 
f 2024 2065 2028 
f 80 2748 2749 
f 2749 2748 2750 
f 2750 2748 2751 
f 2748 80 2752 
f 2753 2754 2751 
f 98 44 31 
f 56 12 2755 
f 90 61 2756 
f 27 92 90 
f 2033 2031 2066 
f 71 80 2757 
f 2757 80 2758 
f 2759 2749 2760 
f 2750 2751 2761 
f 2762 2751 2754 
f 2763 2764 2765 
f 2766 2065 2767 
f 56 2755 75 
f 2065 2764 2767 
f 2764 2065 2765 
f 2065 2029 2765 
f 2754 2764 2763 
f 2749 2750 2760 
f 196 100 99 
f 79 97 2768 
f 97 88 91 
f 91 90 2756 
f 2756 61 2769 
f 80 2749 2758 
f 80 79 2752 
f 2770 2771 2772 
f 2773 2770 2774 
f 2773 2774 2775 
f 2775 2774 2776 
f 2775 2776 2777 
f 2778 2777 2779 
f 2778 2779 2780 
f 2781 2782 2783 
f 2781 2783 2784 
f 2781 2784 2785 
f 2785 2784 2786 
f 2785 2786 2787 
f 2785 2787 2788 
f 2789 2790 2791 
f 2789 2791 2792 
f 2789 2792 2793 
f 2771 2770 2773 
f 2773 2775 2794 
f 2775 2777 2795 
f 2777 2778 2795 
f 2778 2780 2795 
f 2795 2780 2796 
f 2780 2782 2796 
f 2782 2781 2796 
f 2796 2781 2797 
f 2781 2785 2797 
f 2785 2788 2798 
f 2798 2788 2799 
f 2788 2790 2799 
f 2799 2790 2800 
f 2790 2789 2800 
f 2800 2789 2801 
f 2789 2793 2801 
f 2801 2793 2802 
f 2793 2803 2802 
f 2803 2804 2802 
f 2802 2804 2805 
f 2805 2806 2807 
f 2806 2808 2807 
f 2809 2771 2810 
f 2771 2773 2810 
f 2810 2773 2794 
f 2794 2775 2811 
f 2811 2775 2812 
f 2775 2795 2812 
f 2812 2795 2813 
f 2795 2796 2813 
f 2813 2796 2814 
f 2796 2797 2814 
f 2797 2785 2815 
f 2815 2785 2798 
f 2798 2799 2816 
f 2816 2799 2800 
f 2801 2802 2817 
f 2817 2802 2818 
f 2802 2805 2818 
f 2818 2805 2819 
f 2819 2805 2807 
f 2809 2820 2821 
f 2820 2809 2810 
f 2810 2794 2822 
f 2822 2794 2811 
f 2814 2797 2823 
f 2823 2797 2815 
f 2815 2798 2824 
f 2798 2816 2824 
f 2824 2816 2825 
f 2816 2800 2825 
f 2825 2800 2826 
f 2800 2801 2826 
f 2801 2817 2826 
f 2818 2819 2827 
f 2819 2807 2828 
f 2820 2810 77 
f 77 2810 2822 
f 2822 2811 2829 
f 2829 2811 2830 
f 2811 2812 2830 
f 2830 2812 2831 
f 2812 2813 2831 
f 2831 2813 2832 
f 2813 2814 2832 
f 2832 2814 2833 
f 2833 2814 2823 
f 2823 2815 2834 
f 2834 2815 2835 
f 2815 2824 2835 
f 2824 2825 2836 
f 2825 2826 2837 
f 2826 2817 2838 
f 2838 2817 2839 
f 2817 2818 2839 
f 2839 2818 2827 
f 2827 2819 2828 
f 2821 75 2755 
f 2821 2820 75 
f 75 2820 77 
f 77 2822 2769 
f 2769 2822 2829 
f 2829 2830 2756 
f 2756 2830 91 
f 91 2830 2831 
f 2833 2823 2768 
f 2768 2823 2834 
f 2835 2824 2752 
f 2752 2824 2836 
f 2836 2825 2748 
f 2748 2825 2837 
f 2837 2826 2753 
f 2753 2826 2838 
f 2839 2827 2764 
f 2764 2827 2767 
f 2767 2827 2766 
f 2827 2828 2766 
f 2049 2065 2766 
f 2064 2049 2828 
f 2062 2064 2807 
f 31 78 97 
f 2769 61 77 
f 97 91 2831 
f 2768 97 2833 
f 79 2768 2834 
f 2752 79 2835 
f 2748 2752 2836 
f 2753 2751 2837 
f 2754 2753 2838 
f 2764 2754 2839 
f 2063 2808 2840 
f 2841 2805 2842 
f 2842 2803 2843 
f 2791 2790 2844 
f 2844 2788 2787 
f 2783 2782 2845 
f 2845 2780 2779 
f 2774 2770 2772 
f 2846 2772 2847 
f 2847 2809 2848 
f 2848 2821 2849 
f 2755 12 2849 
f 2772 2771 2847 
f 2777 2776 2850 
f 2779 2777 2850 
f 2782 2780 2845 
f 2786 2784 2851 
f 2790 2788 2844 
f 2793 2792 2843 
f 2803 2793 2843 
f 2804 2803 2842 
f 2805 2804 2842 
f 2806 2805 2840 
f 2808 2806 2840 
f 2771 2809 2847 
f 2808 2062 2807 
f 2809 2821 2848 
f 2807 2064 2828 
f 2821 2755 2849 
f 2756 2769 2829 
f 97 2831 2832 
f 97 2832 2833 
f 79 2834 2835 
f 2751 2748 2837 
f 2754 2838 2839 
f 2828 2049 2766 
f 2062 2808 2063 
f 2852 1922 2853 
f 1922 2852 1939 
f 2854 2852 2855 
f 2854 2855 2856 
f 2856 2855 2857 
f 2857 2858 2859 
f 2859 2858 2846 
f 1939 2860 2861 
f 1939 2852 2860 
f 2860 2852 2854 
f 2856 2857 2862 
f 2862 2857 2863 
f 2857 2859 2863 
f 2863 2859 2864 
f 2861 2865 1938 
f 2865 2861 2866 
f 2861 2860 2866 
f 2860 2854 2867 
f 2854 2856 2867 
f 2867 2856 2862 
f 2860 2867 2866 
f 2867 2862 2868 
f 2868 2862 2869 
f 2869 2862 2863 
f 2866 2867 2868 
f 2869 2863 2864 
f 2865 2866 2870 
f 2870 2866 2868 
f 2869 2864 2848 
f 1938 2871 1937 
f 1938 2865 2871 
f 2871 2865 2870 
f 2870 2868 2872 
f 37 2870 2872 
f 2872 2868 2873 
f 2868 2869 2873 
f 2869 2848 2849 
f 1937 2874 1936 
f 1937 2871 2874 
f 2874 2871 36 
f 2871 2870 36 
f 36 2870 37 
f 37 2872 2873 
f 2869 2849 2875 
f 2873 2869 2876 
f 2876 2869 2875 
f 2874 36 33 
f 39 9 20 
f 37 2873 2877 
f 2877 2873 2876 
f 2874 1935 1936 
f 21 19 2876 
f 11 21 2876 
f 12 11 2875 
f 1906 1939 2861 
f 2849 12 2875 
f 2847 2848 2864 
f 2858 2857 2878 
f 2855 2852 2879 
f 2879 2852 2853 
f 2857 2855 2878 
f 2846 2847 2859 
f 1906 2861 1938 
f 2859 2847 2864 
f 1914 1938 1937 
f 19 2877 2876 
f 11 2876 2875 
f 2880 2881 2882 
f 385 2880 2882 
f 2881 2883 2884 
f 2883 2885 2884 
f 2882 2881 2886 
f 2881 2884 2886 
f 2884 2885 2887 
f 384 385 2888 
f 332 313 2880 
f 313 382 2883 
f 2888 385 2889 
f 2890 2891 2886 
f 2892 2887 2893 
f 2883 382 2894 
f 2883 2894 2895 
f 2883 2895 2896 
f 2885 2896 2897 
f 2893 2887 2898 
f 2881 313 2883 
f 313 2881 2880 
f 332 2880 385 
f 2885 2883 2896 
f 385 2882 2889 
f 2887 2885 2898 
f 2884 2887 2886 
f 2882 2886 2891 
f 1917 1919 382 
f 1917 382 312 
f 375 283 285 
f 47 45 48 
f 38 33 36 
f 298 296 2899 
f 306 298 2900 
f 1919 1920 2895 
f 1918 1917 312 
f 1932 1918 312 
f 2894 382 2895 
f 2896 2895 1933 
f 2898 2885 2897 
f 2893 2898 1933 
f 2892 2893 1933 
f 2892 1934 2901 
f 1935 34 2901 
f 34 3 2902 
f 3 5 2902 
f 4 2903 5 
f 2903 2904 64 
f 86 52 45 
f 312 306 2905 
f 2905 306 2900 
f 1934 2892 1933 
f 1933 2898 2897 
f 382 1919 2895 
f 1920 1933 2895 
f 1934 1935 2901 
f 2897 2896 1933 
f 2906 2907 2908 
f 2908 2907 2909 
f 2908 2909 2910 
f 2911 2906 2912 
f 2912 2906 2908 
f 2908 2910 2913 
f 2913 2910 2914 
f 2911 2915 2916 
f 2911 2912 2915 
f 2915 2912 2917 
f 2912 2908 2917 
f 2917 2908 2913 
f 2913 2914 2918 
f 2917 2913 2919 
f 2919 2913 2918 
f 2916 2920 2921 
f 2916 2915 2920 
f 2920 2915 2922 
f 2915 2917 2922 
f 2922 2917 2919 
f 2919 2918 2923 
f 2922 2919 2900 
f 2900 2919 2905 
f 2919 2923 2905 
f 1931 312 2905 
f 1930 1931 2918 
f 1929 1930 2918 
f 1901 1929 2914 
f 1928 1901 2924 
f 298 2899 2921 
f 2900 298 2922 
f 2907 2906 2925 
f 2925 2906 2926 
f 2926 2911 2927 
f 2927 2916 2928 
f 2928 2921 2929 
f 2921 2930 2929 
f 2906 2911 2926 
f 2914 2910 2924 
f 2911 2916 2927 
f 2914 1929 2918 
f 2916 2921 2928 
f 2918 1931 2923 
f 2920 298 2921 
f 298 2920 2922 
f 2923 1931 2905 
f 2914 2924 1901 
f 2921 2899 2930 
f 2931 2932 2933 
f 2934 2931 2933 
f 2934 2933 2935 
f 2936 2937 2938 
f 2936 2938 2939 
f 2940 2941 2942 
f 2940 2942 2943 
f 2944 2943 2945 
f 2944 2945 2946 
f 2946 2945 2947 
f 2946 2947 2948 
f 2948 2947 2949 
f 2948 2949 2950 
f 2934 2935 2951 
f 2935 2937 2951 
f 2951 2937 2936 
f 2936 2939 2952 
f 2939 2941 2952 
f 2952 2941 2940 
f 2940 2943 2953 
f 2953 2943 2944 
f 2948 2950 2954 
f 2954 2950 2955 
f 2950 2956 2955 
f 2956 2957 2955 
f 2931 2958 2959 
f 2931 2934 2958 
f 2958 2934 2960 
f 2934 2951 2960 
f 2951 2936 2961 
f 2961 2936 2962 
f 2936 2952 2962 
f 2952 2940 2963 
f 2963 2940 2953 
f 2953 2944 2964 
f 2964 2944 2965 
f 2944 2946 2965 
f 2965 2946 2966 
f 2946 2948 2966 
f 2966 2948 2954 
f 2954 2955 2967 
f 2960 2951 2968 
f 2968 2951 2961 
f 2962 2952 2969 
f 2969 2952 2963 
f 2963 2953 2970 
f 2970 2953 2964 
f 2966 2954 2971 
f 2971 2954 2967 
f 2967 2955 2972 
f 2959 2973 2974 
f 2959 2958 2973 
f 2958 2960 2973 
f 2973 2960 2968 
f 2968 2961 2975 
f 2961 2962 2975 
f 2975 2962 2976 
f 2962 2969 2976 
f 2976 2969 2977 
f 2969 2963 2977 
f 2977 2963 2978 
f 2963 2970 2978 
f 2978 2970 2979 
f 2970 2964 2979 
f 2979 2964 2980 
f 2964 2965 2980 
f 2980 2965 2981 
f 2965 2966 2981 
f 2981 2966 2982 
f 2966 2971 2982 
f 2982 2971 2983 
f 2971 2967 2983 
f 2967 2972 2983 
f 2974 2973 2984 
f 2984 2973 2985 
f 2973 2968 2985 
f 2985 2968 2986 
f 2968 2975 2986 
f 2986 2975 2987 
f 2987 2975 2976 
f 2982 2983 2988 
f 2974 2989 2990 
f 2929 2930 2983 
f 2928 2929 2983 
f 2927 2928 2955 
f 2926 2927 2957 
f 2926 2957 2991 
f 2991 2950 2949 
f 2992 2943 2942 
f 2942 2941 2993 
f 2938 2937 2994 
f 2994 2933 2995 
f 2995 2933 2996 
f 2932 2931 2997 
f 2997 2959 2998 
f 2998 2959 2990 
f 124 2976 377 
f 377 2977 107 
f 107 2978 276 
f 276 2979 2999 
f 2999 2981 3000 
f 3000 2988 292 
f 2983 2930 292 
f 2933 2932 2996 
f 2935 2933 2994 
f 2937 2935 2994 
f 2939 2938 2993 
f 2941 2939 2993 
f 2945 2943 2992 
f 2956 2950 2991 
f 2957 2956 2991 
f 2957 2927 2955 
f 2931 2959 2997 
f 2955 2928 2972 
f 2959 2974 2990 
f 2972 2928 2983 
f 2974 2984 2989 
f 2987 2976 124 
f 2976 2977 377 
f 2977 2978 107 
f 2978 2979 276 
f 2979 2980 2999 
f 2980 2981 2999 
f 2981 2982 3000 
f 2982 2988 3000 
f 2988 2983 292 
f 2990 2989 3001 
f 381 131 3002 
f 380 381 2989 
f 379 380 2984 
f 108 379 2985 
f 120 108 2986 
f 124 120 2987 
f 41 279 2999 
f 42 41 2999 
f 284 42 3000 
f 292 284 3000 
f 296 295 2899 
f 2930 2899 292 
f 42 2999 3000 
f 279 276 2999 
f 120 2986 2987 
f 108 2985 2986 
f 379 2984 2985 
f 380 2989 2984 
f 381 3001 2989 
f 381 3002 3001 
f 2899 295 292 
f 3003 3004 3005 
f 3005 3004 372 
f 372 3006 3007 
f 148 441 3008 
f 440 148 3003 
f 371 440 3005 
f 130 370 3007 
f 369 130 3007 
f 131 369 3002 
f 3009 3010 3011 
f 3010 3008 3011 
f 3001 3007 3006 
f 3003 3010 3009 
f 148 3010 3003 
f 440 3003 3005 
f 371 3005 372 
f 372 3004 3006 
f 370 372 3007 
f 3010 148 3008 
f 3002 369 3007 
f 3002 3007 3001 
f 3012 3013 3014 
f 3012 3014 3015 
f 3015 3014 3016 
f 3017 3018 3019 
f 3019 3018 3020 
f 2997 3020 2932 
f 3021 3013 3022 
f 3022 3013 3012 
f 3015 3016 3023 
f 3023 3016 3024 
f 3016 3017 3024 
f 3019 3020 3025 
f 3025 3020 2997 
f 3022 3012 3026 
f 3012 3015 3026 
f 3026 3015 3023 
f 3024 3017 3027 
f 3027 3017 3028 
f 3017 3019 3028 
f 3028 3019 3025 
f 3025 2997 3029 
f 3030 3022 3031 
f 3031 3022 3026 
f 3026 3023 3032 
f 3032 3023 3033 
f 3023 3024 3033 
f 3033 3024 3027 
f 3028 3025 3034 
f 3034 3025 3029 
f 3031 3026 3035 
f 3035 3026 3036 
f 3036 3026 3032 
f 3032 3033 3006 
f 3033 3027 3037 
f 3027 3028 3037 
f 3037 3028 3034 
f 3009 3031 3035 
f 3035 3036 3004 
f 3036 3032 3006 
f 3006 3033 3037 
f 3037 3034 3038 
f 2990 3001 3038 
f 2998 2990 3034 
f 2997 2998 3029 
f 3004 3003 3035 
f 3006 3004 3036 
f 3001 3006 3038 
f 3018 3016 3014 
f 3014 3013 3039 
f 3021 3022 3030 
f 3031 3009 3040 
f 3013 3021 3039 
f 3017 3016 3018 
f 3030 3031 3040 
f 3029 2998 3034 
f 3003 3009 3035 
f 3006 3037 3038 
f 3034 2990 3038 
f 3041 3042 3021 
f 3043 3044 3045 
f 3044 3046 3045 
f 3046 3047 3045 
f 3045 3047 3048 
f 3047 3042 3048 
f 3048 3042 3041 
f 3045 3049 3043 
f 3045 3048 3040 
f 3048 3041 3040 
f 3050 3049 3045 
f 3050 3045 3051 
f 3051 3045 3040 
f 3050 3051 3052 
f 3053 3050 3054 
f 3040 3009 3011 
f 3021 3030 3041 
f 3052 3040 3011 
f 3055 3050 3053 
f 3021 3042 3056 
f 3046 3044 3057 
f 3042 3047 3056 
f 3041 3030 3040 
f 3049 3050 3055 
f 3051 3040 3052 
f 3054 3050 3052 
f 3047 3046 3057 
f 3058 1895 3059 
f 3059 1895 3060 
f 3056 3061 3062 
f 3062 3061 3063 
f 3063 3064 3065 
f 3064 3066 3065 
f 3065 3066 3067 
f 3059 3060 3068 
f 3062 3063 3069 
f 3069 3063 3065 
f 3065 3067 3070 
f 3070 3067 3071 
f 3072 3073 3074 
f 3072 3074 3075 
f 3076 3077 3078 
f 3077 3079 3078 
f 3078 3079 3080 
f 3079 3058 3080 
f 3080 3058 3081 
f 3058 3059 3081 
f 3059 3068 3081 
f 3062 3069 3039 
f 3069 3065 3082 
f 3065 3070 3083 
f 3083 3070 3084 
f 3084 3070 3085 
f 3070 3071 3085 
f 3085 3071 3086 
f 3071 3073 3086 
f 3086 3073 3087 
f 3073 3072 3087 
f 3087 3072 3075 
f 3075 3088 3089 
f 3089 3088 3090 
f 3088 3076 3090 
f 3090 3076 3091 
f 3076 3078 3091 
f 3039 3092 3018 
f 3039 3069 3092 
f 3092 3069 3082 
f 3091 3078 3093 
f 3078 3080 3093 
f 3093 3080 3081 
f 3018 3092 3094 
f 3092 3082 3094 
f 3094 3082 3095 
f 3082 3065 3095 
f 3095 3065 3096 
f 3065 3083 3096 
f 3096 3083 3084 
f 3084 3085 3097 
f 3097 3085 3098 
f 3085 3086 3098 
f 3098 3086 3099 
f 3086 3087 3099 
f 3099 3087 3100 
f 3087 3075 3100 
f 3100 3075 3101 
f 3075 3089 3101 
f 3101 3089 3102 
f 3089 3090 3102 
f 3102 3090 3103 
f 3090 3091 3103 
f 3103 3091 3104 
f 3091 3093 3104 
f 3093 3081 3105 
f 3018 3094 2996 
f 3104 3093 3106 
f 3093 3105 3106 
f 3094 3107 2995 
f 3094 3095 3107 
f 3107 3095 3096 
f 3096 3084 3108 
f 3084 3097 3108 
f 3108 3097 3109 
f 3097 3098 3109 
f 3109 3098 3110 
f 3098 3099 3110 
f 3099 3100 3110 
f 3110 3100 3111 
f 3100 3101 3111 
f 3101 3102 3111 
f 3111 3102 3112 
f 3102 3103 3112 
f 3112 3103 3113 
f 3103 3104 3113 
f 3104 3106 3113 
f 3106 3105 3114 
f 2994 3107 3115 
f 3107 3096 3115 
f 3115 3096 3116 
f 3116 3096 3108 
f 3108 3109 3117 
f 3109 3110 3117 
f 3117 3110 3118 
f 3118 3110 3119 
f 3110 3111 3119 
f 3119 3111 3120 
f 3120 3111 3112 
f 3112 3113 3121 
f 3121 3113 3122 
f 3113 3106 3122 
f 3106 3114 3122 
f 3116 3108 3123 
f 3123 3108 3117 
f 3120 3112 3124 
f 3124 3112 3121 
f 2994 3115 2993 
f 2993 3115 3116 
f 3123 3117 2992 
f 3117 3118 3125 
f 3118 3119 3125 
f 3125 3119 3126 
f 3119 3120 3126 
f 3126 3120 3124 
f 3124 3121 3127 
f 3127 3121 3128 
f 3128 3121 3129 
f 3121 3122 3129 
f 3116 3123 2992 
f 2992 3117 3130 
f 3130 3117 2991 
f 3117 3125 2991 
f 2991 3125 3126 
f 3126 3124 3131 
f 3124 3127 3131 
f 3131 3127 3132 
f 3127 3128 3132 
f 3132 3128 3133 
f 3128 3129 3133 
f 3133 3129 3134 
f 3130 2991 2947 
f 2991 3126 2925 
f 3126 3131 2925 
f 3133 3134 1928 
f 3132 3133 2909 
f 2909 3133 2924 
f 3133 1928 2924 
f 1890 1883 3060 
f 1895 1890 3060 
f 1888 1887 3079 
f 2907 2925 3131 
f 2942 2993 3116 
f 2932 3020 3018 
f 3047 3057 3056 
f 3134 3129 3135 
f 3135 3122 3114 
f 3114 3105 3136 
f 3136 3081 3068 
f 3137 3076 3088 
f 3138 3075 3074 
f 3139 3073 3071 
f 3140 3071 3141 
f 3141 3067 3142 
f 3142 3067 3066 
f 3143 3063 3144 
f 3144 3061 3056 
f 3064 3063 3143 
f 3058 1887 1895 
f 3071 3067 3141 
f 3077 3076 3137 
f 3077 1888 3079 
f 1887 3058 3079 
f 3021 3056 3062 
f 3074 3073 3139 
f 3014 3039 3018 
f 3021 3062 3039 
f 3105 3081 3136 
f 2932 3018 2996 
f 2996 3094 2995 
f 2995 3107 2994 
f 2938 2994 2993 
f 3129 3122 3135 
f 2992 2942 3116 
f 2945 2992 3130 
f 2945 3130 2947 
f 2991 2949 2947 
f 2926 2991 2925 
f 2907 3131 3132 
f 2907 3132 2909 
f 2910 2909 2924 
f 3088 3075 3138 
f 3063 3061 3144 
f 3145 3146 3147 
f 3148 3145 3149 
f 3148 3149 3150 
f 3151 3147 3152 
f 3147 3146 3057 
f 3146 3145 3144 
f 3144 3145 3143 
f 3145 3148 3143 
f 3143 3148 3153 
f 3148 3150 3153 
f 3153 3150 3154 
f 3150 3155 3154 
f 3154 3155 3156 
f 3155 3157 3156 
f 3156 3157 3142 
f 3157 3158 3142 
f 3142 3158 3141 
f 3158 3159 3141 
f 3141 3159 3140 
f 3159 3160 3140 
f 3140 3160 3139 
f 3160 3161 3139 
f 3139 3161 3138 
f 3161 3162 3138 
f 3162 3163 3138 
f 3138 3163 3164 
f 3163 3165 3164 
f 3164 3165 3137 
f 3165 3166 3137 
f 1894 1888 3077 
f 1893 1894 3166 
f 3064 3143 3153 
f 3066 3064 3154 
f 3142 3066 3156 
f 3139 3071 3140 
f 3088 3138 3164 
f 3137 3088 3164 
f 1893 3166 3167 
f 3167 3165 3163 
f 3163 3162 3168 
f 3168 3160 3169 
f 3169 3158 3170 
f 3170 3155 3171 
f 3171 3150 3149 
f 3149 3145 3172 
f 3172 3145 3173 
f 3173 3147 3174 
f 3174 3147 3151 
f 3145 3147 3173 
f 3155 3150 3171 
f 3157 3155 3170 
f 3158 3157 3170 
f 3159 3158 3169 
f 3160 3159 3169 
f 3161 3160 3168 
f 3162 3161 3168 
f 3166 3165 3167 
f 3056 3146 3144 
f 3064 3153 3154 
f 3066 3154 3156 
f 3074 3139 3138 
f 3166 3077 3137 
f 3057 3152 3147 
f 3146 3056 3057 
f 1894 3077 3166 
f 3175 3176 3054 
f 3177 3175 3178 
f 3179 3055 3053 
f 3179 3053 3176 
f 3176 3175 3180 
f 3180 3175 3177 
f 3179 3176 3180 
f 3055 3181 3043 
f 3055 3179 3181 
f 3179 3180 3181 
f 3182 3181 3183 
f 3181 3180 3183 
f 3043 3181 3152 
f 3181 3182 3152 
f 3043 3049 3055 
f 3057 3044 3152 
f 3182 3151 3152 
f 3151 3182 3183 
f 3174 3151 3183 
f 3178 3175 3054 
f 3177 3178 3184 
f 3178 3054 3184 
f 3176 3053 3054 
f 3152 3044 3043 
f 3183 3185 3186 
f 3187 3188 3189 
f 3190 3191 3192 
f 3190 3192 3193 
f 3193 3192 3194 
f 3194 3192 3195 
f 3194 3195 3185 
f 3185 3183 3196 
f 3187 3197 3188 
f 3198 3187 3199 
f 3198 3199 3200 
f 3198 3200 3201 
f 3201 3200 3202 
f 3201 3202 3203 
f 3202 3204 3203 
f 3203 3204 3205 
f 3204 3206 3205 
f 3205 3206 3207 
f 3206 3208 3207 
f 3207 3208 3209 
f 3208 3191 3209 
f 3209 3191 3190 
f 3194 3185 3210 
f 3210 3185 3196 
f 3187 3198 3197 
f 3197 3198 3211 
f 3211 3198 3212 
f 3212 3198 3201 
f 3201 3203 3213 
f 3213 3203 3214 
f 3214 3203 3205 
f 3207 3209 3215 
f 3215 3209 3216 
f 3209 3190 3216 
f 3190 3193 3216 
f 3216 3193 3217 
f 3193 3194 3217 
f 3217 3194 3210 
f 3210 3196 3177 
f 3218 3197 3219 
f 3197 3211 3219 
f 3219 3211 3212 
f 3212 3201 3220 
f 3220 3201 3213 
f 3214 3205 3221 
f 3221 3205 3222 
f 3205 3207 3222 
f 3222 3207 3215 
f 3215 3216 3223 
f 3223 3216 3224 
f 3224 3216 3225 
f 3216 3217 3225 
f 3217 3210 3177 
f 3225 3217 3177 
f 3219 3212 3226 
f 3226 3212 3220 
f 3220 3213 3227 
f 3227 3213 3228 
f 3213 3214 3228 
f 3228 3214 3221 
f 3222 3215 3229 
f 3229 3215 3223 
f 3218 3219 3230 
f 3230 3219 3231 
f 3231 3219 3226 
f 3226 3220 3232 
f 3232 3220 3227 
f 3228 3221 3233 
f 3233 3221 3234 
f 3221 3222 3234 
f 3234 3222 3229 
f 3229 3223 3235 
f 3235 3223 3236 
f 3223 3224 3236 
f 3236 3224 3237 
f 3224 3225 3237 
f 3225 3177 3238 
f 3237 3225 3238 
f 3238 3177 3184 
f 3238 3184 3239 
f 3183 3180 3196 
f 3240 3191 3241 
f 3241 3208 3242 
f 3242 3206 3243 
f 3243 3204 3244 
f 3244 3202 3200 
f 3199 3187 3189 
f 3218 3230 3245 
f 368 3226 3246 
f 3232 3227 161 
f 161 3228 3233 
f 3234 3229 3247 
f 3239 3184 3054 
f 3204 3202 3244 
f 3206 3204 3243 
f 3208 3206 3242 
f 3191 3208 3241 
f 3192 3191 3240 
f 3197 3218 3188 
f 3180 3177 3196 
f 3231 3226 368 
f 3226 3232 3246 
f 3227 3228 161 
f 3229 3235 3247 
f 3238 3239 3237 
f 442 3248 3249 
f 3248 442 3239 
f 3248 3239 3054 
f 3248 3054 3052 
f 3250 154 3235 
f 441 158 3008 
f 158 442 3249 
f 442 136 3250 
f 136 154 3250 
f 366 161 3234 
f 160 367 3246 
f 368 166 3245 
f 3011 3008 3248 
f 368 3230 3231 
f 367 368 3246 
f 160 3246 3232 
f 160 3232 161 
f 3234 3247 154 
f 3248 158 3249 
f 3239 442 3237 
f 3011 3248 3052 
f 40 42 375 
f 442 3250 3237 
f 154 3247 3235 
f 3236 3250 3235 
f 154 366 3234 
f 3008 158 3248 
f 161 3233 3234 
f 3230 368 3245 
f 3250 3236 3237 
f 453 454 3251 
f 166 453 3245 
f 3245 453 3252 
f 453 3251 3252 
f 3253 3254 3255 
f 3253 3255 3256 
f 3253 3256 3257 
f 3258 3257 3256 
f 3258 3256 3259 
f 3259 3256 3260 
f 3253 3257 3261 
f 3261 3257 3258 
f 3262 3260 3263 
f 3264 3263 3265 
f 3264 3265 3266 
f 3267 3266 3268 
f 3261 3258 3269 
f 3269 3258 3270 
f 3258 3259 3270 
f 3270 3259 3260 
f 3262 3263 3271 
f 3271 3263 3264 
f 3264 3266 3272 
f 3272 3266 3267 
f 3253 3261 3273 
f 3273 3261 3269 
f 3270 3260 3274 
f 3274 3260 3275 
f 3260 3262 3275 
f 3275 3262 3271 
f 3271 3264 3276 
f 3276 3264 3272 
f 3272 3267 3218 
f 3277 3253 3273 
f 3273 3269 3278 
f 3278 3269 3279 
f 3269 3270 3279 
f 3279 3270 3274 
f 3275 3271 3280 
f 3280 3271 3276 
f 3276 3272 3281 
f 3272 3218 3281 
f 3277 3282 3283 
f 3277 3273 3282 
f 3282 3273 3278 
f 3279 3274 3284 
f 3284 3274 3285 
f 3274 3275 3285 
f 3285 3275 3280 
f 3280 3276 3286 
f 3286 3276 3251 
f 3276 3281 3251 
f 3218 3245 3281 
f 3188 3218 3267 
f 3189 3188 3268 
f 3245 3252 3281 
f 3283 3282 3287 
f 3287 3282 3288 
f 3288 3279 3284 
f 3289 3255 3254 
f 3254 3253 3290 
f 3290 3277 3291 
f 3291 3277 3292 
f 3268 3266 3265 
f 3265 3263 3293 
f 3293 3260 3256 
f 3188 3267 3268 
f 3253 3277 3290 
f 3277 3283 3292 
f 3282 3278 3288 
f 3278 3279 3288 
f 3285 3280 3286 
f 3252 3251 3281 
f 3263 3260 3293 
f 3294 3295 3296 
f 3297 3298 3299 
f 3300 3301 3302 
f 3300 3302 3303 
f 3300 3303 3304 
f 3304 3303 3295 
f 3304 3295 3305 
f 3305 3295 3306 
f 3295 3294 3306 
f 3306 3294 3307 
f 3294 3308 3307 
f 3307 3308 3309 
f 3308 3310 3309 
f 3309 3310 3311 
f 3310 3312 3311 
f 3311 3312 3313 
f 3312 3314 3313 
f 3313 3314 3315 
f 3315 3314 3316 
f 3314 3298 3316 
f 3316 3298 3297 
f 3301 3317 3289 
f 3316 3297 3318 
f 3293 3256 3317 
f 3317 3301 3319 
f 3319 3301 3320 
f 3301 3300 3320 
f 3320 3300 3321 
f 3321 3300 3322 
f 3300 3304 3322 
f 3322 3304 3323 
f 3304 3305 3323 
f 3323 3305 3324 
f 3305 3306 3324 
f 3324 3306 3325 
f 3306 3307 3325 
f 3325 3307 3326 
f 3307 3309 3326 
f 3326 3309 3327 
f 3309 3311 3327 
f 3327 3311 3328 
f 3311 3313 3328 
f 3328 3313 3329 
f 3313 3315 3329 
f 3329 3315 3330 
f 3315 3316 3330 
f 3330 3316 3331 
f 3316 3318 3331 
f 3268 3265 3332 
f 3265 3293 3332 
f 3293 3317 3332 
f 3332 3317 3319 
f 3333 3189 3268 
f 3333 3268 3334 
f 3268 3332 3334 
f 3332 3319 3334 
f 3334 3319 3335 
f 3319 3320 3335 
f 3335 3320 3336 
f 3320 3321 3336 
f 3336 3321 3337 
f 3321 3322 3337 
f 3337 3322 3338 
f 3322 3323 3338 
f 3338 3323 3339 
f 3323 3324 3339 
f 3339 3324 3340 
f 3324 3325 3340 
f 3340 3325 3341 
f 3325 3326 3341 
f 3341 3326 3342 
f 3326 3327 3342 
f 3342 3327 3343 
f 3327 3328 3343 
f 3343 3328 3344 
f 3328 3329 3344 
f 3344 3329 3345 
f 3329 3330 3345 
f 3345 3330 3346 
f 3330 3331 3346 
f 3345 3346 3347 
f 3348 3333 3349 
f 3333 3334 3349 
f 3349 3334 3350 
f 3334 3335 3350 
f 3350 3335 3351 
f 3335 3336 3351 
f 3351 3336 3352 
f 3336 3337 3352 
f 3352 3337 3353 
f 3337 3338 3353 
f 3353 3338 3354 
f 3338 3339 3354 
f 3354 3339 3355 
f 3339 3340 3355 
f 3355 3340 3356 
f 3340 3341 3356 
f 3356 3341 3357 
f 3341 3342 3357 
f 3357 3342 3358 
f 3342 3343 3358 
f 3358 3343 3359 
f 3343 3344 3359 
f 3359 3344 3360 
f 3344 3345 3360 
f 3360 3345 3347 
f 3360 3347 3361 
f 3348 3362 3244 
f 3348 3349 3362 
f 3362 3349 3363 
f 3349 3350 3363 
f 3363 3350 3364 
f 3350 3351 3364 
f 3364 3351 3365 
f 3351 3352 3365 
f 3365 3352 3366 
f 3352 3353 3366 
f 3366 3353 3367 
f 3353 3354 3367 
f 3367 3354 3368 
f 3354 3355 3368 
f 3368 3355 3369 
f 3355 3356 3369 
f 3369 3356 3370 
f 3356 3357 3370 
f 3370 3357 3371 
f 3357 3358 3371 
f 3371 3358 3372 
f 3358 3359 3372 
f 3372 3359 3373 
f 3359 3360 3373 
f 3373 3360 3361 
f 3244 3362 3243 
f 3373 3361 3374 
f 3243 3362 3375 
f 3375 3362 3376 
f 3362 3363 3376 
f 3376 3363 3377 
f 3363 3364 3377 
f 3364 3365 3377 
f 3377 3365 3378 
f 3365 3366 3378 
f 3366 3367 3378 
f 3378 3367 3379 
f 3367 3368 3379 
f 3379 3368 3380 
f 3368 3369 3380 
f 3369 3370 3380 
f 3380 3370 3381 
f 3370 3371 3381 
f 3381 3371 3382 
f 3371 3372 3382 
f 3372 3373 3382 
f 3382 3373 3383 
f 3373 3374 3383 
f 3243 3375 3241 
f 3375 3376 3384 
f 3376 3377 3384 
f 3384 3377 3385 
f 3385 3377 3386 
f 3377 3378 3386 
f 3386 3378 3387 
f 3387 3378 3388 
f 3378 3379 3388 
f 3388 3379 3389 
f 3379 3380 3389 
f 3389 3380 3390 
f 3390 3380 3391 
f 3380 3381 3391 
f 3391 3381 3392 
f 3381 3382 3392 
f 3392 3382 3393 
f 3393 3382 3383 
f 3241 3375 3240 
f 3240 3375 3384 
f 3393 3383 3394 
f 3240 3384 3395 
f 3395 3384 3396 
f 3384 3385 3396 
f 3396 3385 3397 
f 3385 3386 3397 
f 3397 3386 3398 
f 3386 3387 3398 
f 3398 3387 3399 
f 3387 3388 3399 
f 3399 3388 3400 
f 3388 3389 3400 
f 3400 3389 3401 
f 3389 3390 3401 
f 3401 3390 3402 
f 3390 3391 3402 
f 3402 3391 3403 
f 3391 3392 3403 
f 3403 3392 3404 
f 3392 3393 3404 
f 3404 3393 3394 
f 3240 3405 3406 
f 3405 3240 3395 
f 3404 3394 3407 
f 3406 3405 3408 
f 3405 3395 3408 
f 3408 3395 3409 
f 3395 3396 3409 
f 3409 3396 3410 
f 3396 3397 3410 
f 3410 3397 3411 
f 3397 3398 3411 
f 3411 3398 3412 
f 3398 3399 3412 
f 3412 3399 3413 
f 3399 3400 3413 
f 3413 3400 3414 
f 3400 3401 3414 
f 3414 3401 3415 
f 3401 3402 3415 
f 3415 3402 3416 
f 3402 3403 3416 
f 3416 3403 3417 
f 3403 3404 3417 
f 3417 3404 3418 
f 3404 3407 3418 
f 3406 3408 3173 
f 3173 3408 3172 
f 3408 3409 3172 
f 3172 3409 3171 
f 3409 3410 3171 
f 3171 3410 3419 
f 3410 3411 3419 
f 3411 3412 3419 
f 3419 3412 3420 
f 3412 3413 3420 
f 3420 3413 3421 
f 3413 3414 3421 
f 3421 3414 3422 
f 3414 3415 3422 
f 3422 3415 3423 
f 3415 3416 3423 
f 3423 3416 3424 
f 3416 3417 3424 
f 3424 3417 3425 
f 3417 3418 3425 
f 3171 3419 3170 
f 3170 3419 3420 
f 3420 3421 3168 
f 3168 3421 3422 
f 3170 3420 3169 
f 3169 3420 3168 
f 3168 3422 3163 
f 3422 3423 3163 
f 3423 3424 3163 
f 3163 3424 3167 
f 3424 3425 3167 
f 3174 3183 3173 
f 3199 3189 3333 
f 3200 3199 3348 
f 3244 3200 3348 
f 3195 3192 3406 
f 3185 3195 3406 
f 3186 3185 3406 
f 3183 3186 3173 
f 3256 3255 3317 
f 1893 3167 3426 
f 3426 3425 3427 
f 3427 3425 3428 
f 3407 3394 3429 
f 3429 3394 3430 
f 3430 3383 3374 
f 3431 3347 3346 
f 3346 3331 3432 
f 3432 3331 3318 
f 3433 3297 3434 
f 3434 3297 3299 
f 3435 3298 3436 
f 3436 3314 3437 
f 3437 3314 3438 
f 3438 3312 3439 
f 3439 3310 3440 
f 3440 3310 3441 
f 3441 3294 3442 
f 3442 3294 3443 
f 3443 3296 3444 
f 3444 3296 3303 
f 3445 3302 3446 
f 3446 3302 3447 
f 3447 3302 3448 
f 3448 3301 3289 
f 3294 3296 3443 
f 3308 3294 3441 
f 3310 3308 3441 
f 3312 3310 3439 
f 3314 3312 3438 
f 3298 3314 3436 
f 3299 3298 3435 
f 3303 3302 3445 
f 3317 3255 3289 
f 3318 3297 3433 
f 3199 3333 3348 
f 3361 3347 3431 
f 3374 3361 3449 
f 3242 3243 3241 
f 3394 3383 3430 
f 3192 3240 3406 
f 3186 3406 3173 
f 3425 3418 3428 
f 3171 3149 3172 
f 3167 3425 3426 
f 3296 3295 3303 
f 3302 3301 3448 
f 3450 3451 3452 
f 3453 3450 3454 
f 3455 3454 3456 
f 3451 3450 3453 
f 3453 3454 3457 
f 3458 3451 3459 
f 3451 3453 3459 
f 3459 3453 3457 
f 3457 3454 3460 
f 3454 3455 3460 
f 3459 3457 3461 
f 3457 3460 3461 
f 3462 3458 3463 
f 3463 3458 3464 
f 3458 3459 3464 
f 3464 3459 3465 
f 3459 3461 3465 
f 3462 3463 3466 
f 3465 3461 3467 
f 3452 3451 3468 
f 3468 3451 3458 
f 3469 3466 3470 
f 3470 3464 3465 
f 3471 3467 3472 
f 3472 3460 3473 
f 3473 3455 3456 
f 3452 3474 3450 
f 3460 3455 3473 
f 3461 3460 3472 
f 3466 3463 3470 
f 3463 3464 3470 
f 3467 3461 3472 
f 3299 3475 3476 
f 3477 3476 3478 
f 3478 3479 3480 
f 3481 3482 3475 
f 3479 3478 3483 
f 3475 3482 3483 
f 3478 3476 3483 
f 3476 3475 3483 
f 3484 3485 3486 
f 3487 3488 3489 
f 3489 3488 3490 
f 3490 3491 3492 
f 3492 3491 3493 
f 3493 3484 3494 
f 3484 3486 3495 
f 3484 3495 3496 
f 3486 3497 3495 
f 3498 3487 3499 
f 3499 3487 3489 
f 3492 3493 3494 
f 3494 3484 3496 
f 3496 3495 3500 
f 3496 3500 3501 
f 3502 3503 3504 
f 3504 3503 3498 
f 3499 3489 3505 
f 3505 3489 3506 
f 3489 3490 3506 
f 3506 3490 3507 
f 3490 3492 3507 
f 3502 3508 3509 
f 3502 3504 3508 
f 3504 3498 3510 
f 3510 3498 3511 
f 3511 3498 3499 
f 3507 3492 3512 
f 3492 3494 3512 
f 3512 3494 3513 
f 3494 3496 3513 
f 3506 3507 3514 
f 3514 3507 3515 
f 3507 3512 3515 
f 3515 3512 3513 
f 3513 3479 3481 
f 3454 3450 3516 
f 3456 3454 3516 
f 3482 3481 3479 
f 3483 3482 3479 
f 3517 3496 3501 
f 3485 3493 3518 
f 3518 3493 3519 
f 3519 3493 3491 
f 3520 3490 3488 
f 3521 3498 3522 
f 3522 3498 3503 
f 3523 3503 3502 
f 3524 3525 3526 
f 3450 3474 3516 
f 3524 3527 3525 
f 3515 3481 3528 
f 3486 3485 3529 
f 3491 3490 3520 
f 3484 3493 3485 
f 3495 3497 3500 
f 3487 3498 3521 
f 3509 3508 3527 
f 3508 3504 3530 
f 3504 3510 3530 
f 3499 3505 3531 
f 3513 3496 3517 
f 3531 3505 3532 
f 3513 3481 3515 
f 3524 3509 3527 
f 3533 3534 3435 
f 3533 3435 3436 
f 3533 3436 3535 
f 3535 3436 3437 
f 3535 3437 3536 
f 3536 3437 3438 
f 3536 3438 3537 
f 3537 3438 3538 
f 3538 3438 3439 
f 3538 3439 3440 
f 3538 3440 3539 
f 3539 3440 3441 
f 3539 3441 3540 
f 3540 3441 3541 
f 3541 3441 3442 
f 3541 3442 3542 
f 3542 3442 3443 
f 3542 3443 3543 
f 3543 3443 3444 
f 3543 3444 3544 
f 3545 3544 3445 
f 3545 3445 3446 
f 3546 3516 3448 
f 3533 3535 3514 
f 3514 3535 3536 
f 3537 3538 3532 
f 3532 3538 3531 
f 3531 3538 3539 
f 3541 3542 3530 
f 3530 3542 3543 
f 3543 3544 3547 
f 3547 3544 3527 
f 3544 3545 3527 
f 3545 3446 3525 
f 3525 3446 3526 
f 3446 3447 3526 
f 3447 3448 3516 
f 3526 3516 3474 
f 3526 3447 3516 
f 3448 3289 3546 
f 3444 3303 3544 
f 3475 3299 3435 
f 3481 3475 3528 
f 3515 3528 3534 
f 3514 3515 3533 
f 3505 3506 3537 
f 3499 3531 3539 
f 3511 3499 3540 
f 3510 3511 3540 
f 3530 3510 3541 
f 3508 3530 3543 
f 3527 3508 3547 
f 3525 3527 3545 
f 3456 3516 3546 
f 3534 3475 3435 
f 3544 3303 3445 
f 3533 3515 3534 
f 3506 3514 3536 
f 3506 3536 3537 
f 3505 3537 3532 
f 3499 3539 3540 
f 3510 3540 3541 
f 3508 3543 3547 
f 3528 3475 3534 
f 3548 3549 3456 
f 3550 3548 3289 
f 3550 3289 3551 
f 3549 3548 3550 
f 3473 3549 3552 
f 3552 3549 3553 
f 3549 3550 3553 
f 3553 3550 3291 
f 3550 3551 3291 
f 3552 3554 3555 
f 3552 3553 3554 
f 3554 3553 3291 
f 3555 3554 3556 
f 3254 3290 3551 
f 3473 3456 3549 
f 3472 3473 3552 
f 3471 3472 3555 
f 3456 3546 3548 
f 3471 3555 3556 
f 3556 3554 3557 
f 3548 3546 3289 
f 3254 3551 3289 
f 3551 3290 3291 
f 3472 3552 3555 
f 3291 3292 3554 
f 3554 3292 3557 
f 3558 3559 3287 
f 3287 3559 3557 
f 3556 3557 85 
f 3560 3556 355 
f 3556 85 355 
f 3465 3467 3560 
f 3560 355 3561 
f 3465 3560 3561 
f 3465 3561 3470 
f 3470 3561 3562 
f 3562 3561 3563 
f 363 365 3563 
f 362 363 3563 
f 359 362 3561 
f 361 359 3561 
f 360 361 3561 
f 356 360 3561 
f 344 215 217 
f 3564 354 355 
f 358 345 346 
f 83 85 3557 
f 66 83 3557 
f 208 66 3557 
f 352 208 3557 
f 351 352 3559 
f 349 351 3559 
f 350 349 3559 
f 65 350 3559 
f 234 65 3558 
f 232 234 3558 
f 194 232 3558 
f 455 194 3558 
f 192 455 3284 
f 348 192 3285 
f 346 348 3285 
f 358 346 3286 
f 357 358 3286 
f 165 357 3251 
f 454 165 3251 
f 346 3285 3286 
f 192 3284 3285 
f 3288 3284 3558 
f 3287 3288 3558 
f 3292 3283 3557 
f 3471 3556 3560 
f 3469 3470 3562 
f 3558 65 3559 
f 3559 352 3557 
f 3283 3287 3557 
f 85 3564 355 
f 3467 3471 3560 
f 355 356 3561 
f 3561 362 3563 
f 3284 455 3558 
f 3251 357 3286 
f 3562 446 3565 
f 219 217 3566 
f 224 219 3567 
f 229 228 3568 
f 231 229 3569 
f 236 231 3570 
f 242 236 3571 
f 243 242 3572 
f 245 243 3573 
f 141 906 3574 
f 326 459 3565 
f 364 446 365 
f 3563 365 446 
f 3575 217 3576 
f 459 141 3574 
f 906 245 3573 
f 3573 243 3572 
f 3572 242 3571 
f 3571 236 3570 
f 3570 231 3569 
f 229 3568 3569 
f 224 3567 228 
f 219 3566 3567 
f 217 3575 3566 
f 3562 3565 3469 
f 446 326 3565 
f 3562 3563 446 
f 3577 3578 3521 
f 3577 3521 3579 
f 3579 3521 3522 
f 3580 3581 3524 
f 3580 3524 3582 
f 3583 3584 3491 
f 3491 3520 3583 
f 3583 3520 3585 
f 3520 3578 3585 
f 3585 3578 3586 
f 3586 3578 3577 
f 3523 3502 3581 
f 3580 3582 3587 
f 3588 3584 3589 
f 3491 3584 3588 
f 3586 3577 3590 
f 3590 3577 3591 
f 3577 3579 3591 
f 3579 3522 3591 
f 3591 3522 3592 
f 3589 3584 3593 
f 3584 3583 3593 
f 3583 3594 3593 
f 3583 3585 3594 
f 3594 3585 3595 
f 3585 3586 3595 
f 3595 3586 3596 
f 3586 3590 3596 
f 3596 3590 3597 
f 3590 3591 3597 
f 3597 3591 3598 
f 3591 3592 3598 
f 3598 3592 3523 
f 3599 3523 3600 
f 3523 3581 3600 
f 3600 3581 3580 
f 3593 3594 3601 
f 3598 3523 3599 
f 3600 3580 3602 
f 3602 3580 3587 
f 3587 3468 3603 
f 3602 3587 3603 
f 3601 3594 3604 
f 3594 3595 3604 
f 3604 3595 3605 
f 3595 3596 3605 
f 3605 3596 3606 
f 3596 3597 3606 
f 3606 3597 3607 
f 3597 3598 3607 
f 3599 3600 3602 
f 3608 3609 3610 
f 3608 3593 3609 
f 3609 3593 3611 
f 3593 3601 3611 
f 3611 3601 3612 
f 3601 3604 3612 
f 3612 3604 3613 
f 3613 3604 3605 
f 3607 3598 3614 
f 3614 3598 3615 
f 3598 3599 3615 
f 3615 3599 3616 
f 3616 3599 3602 
f 3617 3602 3603 
f 3605 3606 3618 
f 3618 3606 3607 
f 3616 3602 3619 
f 3619 3602 3617 
f 3610 3609 3620 
f 3620 3609 3621 
f 3609 3611 3621 
f 3611 3612 3621 
f 3621 3612 3613 
f 3613 3605 3622 
f 3622 3605 3618 
f 3618 3607 3623 
f 3623 3607 3614 
f 3610 3620 3624 
f 3622 3618 3623 
f 3617 3462 3466 
f 3619 3617 3466 
f 3624 3620 3625 
f 3620 3621 3625 
f 3625 3621 3626 
f 3621 3613 3626 
f 3613 3622 3626 
f 3626 3622 3623 
f 3627 3623 3628 
f 3623 3614 3628 
f 3614 3615 3628 
f 3628 3615 3629 
f 3615 3616 3629 
f 3629 3616 3630 
f 3616 3619 3630 
f 3624 3631 3632 
f 3631 3624 3633 
f 3624 3625 3633 
f 3633 3625 3634 
f 3625 3626 3634 
f 3634 3626 3635 
f 3635 3626 3636 
f 3626 3623 3636 
f 3636 3623 3627 
f 3630 3619 3637 
f 3637 3619 3466 
f 3632 3631 3575 
f 3631 3633 3638 
f 3631 3567 3566 
f 3567 3631 3638 
f 3638 3633 3568 
f 3568 3633 3569 
f 3633 3634 3569 
f 3569 3634 3570 
f 3634 3635 3570 
f 3570 3635 3571 
f 3635 3636 3571 
f 3571 3636 3572 
f 3572 3636 3627 
f 3627 3628 3574 
f 3637 3466 3469 
f 3468 3458 3603 
f 3452 3468 3587 
f 3474 3452 3582 
f 3509 3524 3581 
f 3503 3523 3592 
f 3522 3503 3592 
f 3487 3521 3578 
f 3488 3487 3578 
f 3575 3576 3639 
f 228 3567 3638 
f 3573 3572 3627 
f 906 3573 3574 
f 459 3574 3629 
f 3565 459 3629 
f 3519 3491 3588 
f 3589 3593 3608 
f 3610 3624 3632 
f 3632 3575 3640 
f 3575 3639 3640 
f 3520 3488 3578 
f 3502 3509 3581 
f 3587 3582 3452 
f 3458 3462 3603 
f 3603 3462 3617 
f 3566 3575 3631 
f 228 3638 3568 
f 3573 3627 3574 
f 3574 3628 3629 
f 3565 3629 3630 
f 3565 3630 3637 
f 3565 3637 3469 
f 3526 3474 3582 
f 3526 3582 3524 
f 3641 3642 3486 
f 3641 3486 3529 
f 3529 3518 3643 
f 3641 3529 3644 
f 3644 3529 3643 
f 3645 3642 3641 
f 3645 3641 3644 
f 3644 3643 3646 
f 3647 3645 3648 
f 3645 3644 3648 
f 3648 3644 3646 
f 3649 3648 3646 
f 3650 3648 3649 
f 3649 3646 3651 
f 3651 3646 3610 
f 3652 3653 3650 
f 3652 3650 3649 
f 3652 3649 3654 
f 3654 3649 3651 
f 3651 3610 3640 
f 3655 3653 3652 
f 3654 3651 3656 
f 3656 3651 3640 
f 3652 3654 3657 
f 3657 3654 3656 
f 3656 3640 3639 
f 3652 3657 3658 
f 3497 3486 3642 
f 3608 3610 3646 
f 3589 3608 3643 
f 3588 3589 3643 
f 3519 3588 3518 
f 3647 3648 3650 
f 3655 3658 3659 
f 3660 3657 3576 
f 3529 3485 3518 
f 3518 3588 3643 
f 3643 3608 3646 
f 3610 3632 3640 
f 3658 3657 3660 
f 3657 3656 3576 
f 3659 3658 3660 
f 3656 3639 3576 
f 3652 3658 3655 
f 3660 3576 267 
f 3660 267 3661 
f 3662 3661 254 
f 3663 278 280 
f 3661 3662 3659 
f 216 267 217 
f 263 258 3661 
f 258 254 3661 
f 104 103 3664 
f 3576 217 267 
f 267 263 3661 
f 3659 3660 3661 
f 3662 254 104 
f 3665 3662 3666 
f 3667 3665 3666 
f 3667 3666 3668 
f 3667 3668 3669 
f 3653 3669 3670 
f 3653 3667 3669 
f 3670 3669 3671 
f 3671 3669 3672 
f 3669 3673 3672 
f 3642 3671 3674 
f 3642 3674 3675 
f 3655 3659 3665 
f 3653 3655 3667 
f 3650 3653 3670 
f 3647 3650 3670 
f 3645 3647 3670 
f 3674 3671 3672 
f 3673 3669 3668 
f 3668 3666 3676 
f 3666 3662 3677 
f 3665 3659 3662 
f 3655 3665 3667 
f 3645 3670 3671 
f 3645 3671 3642 
f 3675 3674 3678 
f 281 41 282 
f 1609 3679 3680 
f 3679 1608 3681 
f 3681 1608 3682 
f 3683 3684 3685 
f 3679 3681 3686 
f 3686 3681 3687 
f 3681 3682 3687 
f 3687 3682 3688 
f 3689 3688 3690 
f 3689 3690 3691 
f 3692 3691 3693 
f 3692 3693 3694 
f 3695 3696 3697 
f 277 276 279 
f 376 278 3663 
f 3697 3684 3698 
f 3698 3684 3683 
f 3699 3685 3684 
f 3700 3696 3701 
f 3696 3702 3703 
f 3703 3694 3693 
f 3693 3691 3704 
f 3705 3679 3686 
f 3706 3688 3689 
f 3692 3694 3707 
f 3707 3702 3708 
f 3708 3695 3709 
f 3709 3697 3710 
f 3710 3697 3711 
f 3711 3698 3683 
f 3683 3685 3712 
f 3685 3713 3714 
f 3688 3682 3690 
f 3696 3695 3702 
f 3697 3696 3700 
f 3684 3697 3700 
f 3705 3680 3679 
f 3686 3687 3706 
f 3687 3688 3706 
f 3691 3690 3704 
f 3691 3692 3715 
f 3716 3694 3703 
f 3694 3716 3707 
f 3702 3716 3703 
f 3716 3702 3707 
f 3702 3695 3708 
f 3695 3697 3709 
f 3697 3698 3711 
f 3713 3685 3699 
f 3712 3685 3714 
f 3717 3718 3719 
f 3717 3719 3720 
f 3721 3722 3723 
f 3721 3723 3724 
f 3725 3724 3726 
f 3725 3726 3727 
f 3728 3729 3730 
f 3730 3729 3731 
f 3729 3718 3731 
f 3731 3718 3717 
f 3717 3720 3732 
f 3720 3733 3732 
f 3732 3733 3734 
f 3733 3735 3734 
f 3734 3735 3736 
f 3735 3722 3736 
f 3736 3722 3737 
f 3722 3721 3737 
f 3737 3721 3738 
f 3721 3724 3738 
f 3738 3724 3739 
f 3724 3725 3739 
f 3714 3713 3728 
f 3712 3714 3740 
f 3741 3727 3742 
f 3727 3726 3743 
f 3743 3724 3723 
f 3723 3722 3744 
f 3744 3733 3745 
f 3745 3720 3719 
f 3729 3713 3746 
f 3747 3725 3748 
f 3748 3725 3741 
f 3740 3728 3749 
f 3731 3717 3750 
f 3751 3736 3752 
f 3737 3738 3739 
f 3725 3747 3753 
f 3728 3713 3729 
f 3718 3729 3719 
f 3733 3720 3745 
f 3735 3733 3744 
f 3722 3735 3744 
f 3726 3724 3743 
f 3725 3727 3741 
f 3728 3730 3749 
f 3734 3736 3751 
f 3739 3725 3753 
f 3714 3728 3740 
f 3754 3755 3756 
f 3756 3755 3757 
f 3757 3755 3758 
f 3759 3760 3761 
f 3759 3754 3762 
f 3762 3754 3756 
f 276 273 107 
f 3759 3762 3760 
f 3760 3762 3763 
f 3762 3756 3763 
f 3764 3765 3766 
f 3765 3767 3766 
f 3766 3767 3768 
f 3767 3760 3768 
f 277 279 376 
f 3760 3763 3769 
f 3770 3675 3678 
f 3675 3497 3642 
f 3771 3772 3773 
f 3773 3772 3774 
f 3775 3776 3777 
f 3775 3777 3778 
f 3777 3779 3778 
f 3768 3760 3780 
f 3780 3760 3781 
f 3781 3760 3782 
f 3760 3769 3782 
f 3497 3675 3770 
f 3783 3770 3784 
f 3785 3786 3787 
f 3785 3787 3788 
f 3785 3788 3789 
f 3789 3788 3790 
f 3789 3790 3791 
f 3791 3792 3793 
f 3794 3793 3795 
f 3794 3795 3796 
f 3796 3795 3797 
f 3796 3797 3798 
f 3798 3797 3799 
f 3800 3801 3771 
f 3800 3771 3802 
f 3802 3771 3773 
f 3774 3803 3804 
f 3803 3776 3804 
f 3804 3776 3775 
f 3778 3779 3805 
f 3805 3779 3806 
f 3779 3807 3806 
f 3807 3764 3806 
f 3764 3766 3808 
f 3766 3768 3808 
f 3808 3768 3809 
f 3768 3780 3809 
f 3809 3780 3810 
f 3780 3781 3810 
f 3810 3781 3811 
f 3781 3782 3811 
f 3770 3812 3497 
f 3770 3813 3812 
f 3813 3770 3814 
f 3770 3783 3814 
f 3783 3786 3815 
f 3786 3785 3815 
f 3789 3791 3816 
f 3793 3794 3817 
f 3799 3801 3818 
f 3818 3801 3800 
f 3802 3773 3819 
f 3819 3773 3820 
f 3773 3774 3820 
f 3820 3774 3821 
f 3821 3774 3804 
f 3822 3804 3823 
f 3804 3775 3823 
f 3823 3775 3824 
f 3775 3778 3824 
f 3824 3778 3805 
f 3825 3805 3826 
f 3805 3806 3826 
f 3826 3806 3827 
f 3827 3806 3828 
f 3806 3764 3828 
f 3828 3764 3829 
f 3829 3764 3830 
f 3764 3808 3830 
f 3830 3808 3831 
f 3808 3809 3831 
f 3831 3809 3832 
f 3809 3810 3832 
f 3832 3810 3833 
f 3810 3811 3833 
f 3814 3783 3834 
f 3834 3783 3815 
f 3816 3791 3835 
f 3835 3791 3836 
f 3791 3793 3836 
f 3836 3793 3817 
f 3817 3794 3837 
f 3794 3796 3837 
f 3837 3796 3838 
f 3838 3796 3839 
f 3796 3798 3839 
f 3839 3798 3840 
f 3798 3799 3840 
f 3840 3799 3841 
f 3799 3818 3841 
f 3818 3800 3842 
f 3842 3800 3843 
f 3800 3802 3843 
f 3843 3802 3844 
f 3844 3802 3819 
f 3830 3831 3845 
f 3845 3831 3846 
f 3831 3832 3846 
f 3846 3832 3847 
f 3832 3833 3847 
f 3847 3833 3848 
f 3500 3812 3849 
f 3849 3812 3850 
f 3812 3813 3850 
f 3850 3813 3851 
f 3813 3814 3851 
f 3851 3814 3834 
f 3834 3815 3852 
f 3785 3789 3853 
f 3853 3789 3854 
f 3789 3816 3854 
f 3841 3818 3855 
f 3855 3818 3842 
f 3844 3819 3856 
f 3856 3819 3857 
f 3819 3820 3857 
f 3857 3820 3858 
f 3820 3821 3858 
f 3858 3821 3859 
f 3821 3804 3859 
f 3859 3804 3860 
f 3804 3822 3860 
f 3860 3822 3861 
f 3822 3823 3861 
f 3861 3823 3862 
f 3823 3824 3862 
f 3862 3824 3863 
f 3824 3805 3863 
f 3805 3825 3863 
f 3863 3825 3864 
f 3825 3826 3864 
f 3826 3827 3864 
f 3864 3827 3865 
f 3827 3828 3865 
f 3828 3829 3865 
f 3865 3829 3866 
f 3829 3830 3866 
f 3866 3830 3867 
f 3830 3845 3867 
f 3867 3845 3868 
f 3845 3846 3868 
f 3868 3846 3869 
f 3846 3847 3869 
f 3847 3848 3869 
f 3851 3834 3870 
f 3870 3834 3852 
f 3852 3815 3871 
f 3815 3785 3871 
f 3871 3785 3853 
f 3854 3816 3872 
f 3816 3835 3872 
f 3872 3835 3873 
f 3835 3836 3873 
f 3873 3836 3817 
f 3817 3837 3874 
f 3874 3837 3875 
f 3837 3838 3875 
f 3875 3838 3876 
f 3838 3839 3876 
f 3876 3839 3877 
f 3839 3840 3877 
f 3877 3840 3878 
f 3840 3841 3878 
f 3878 3841 3855 
f 3855 3842 3879 
f 3879 3842 3880 
f 3842 3843 3880 
f 3880 3843 3881 
f 3843 3844 3881 
f 3881 3844 3856 
f 3862 3863 3882 
f 3882 3863 3883 
f 3883 3863 3884 
f 3863 3864 3884 
f 3884 3864 3885 
f 3885 3864 3886 
f 3864 3865 3886 
f 3886 3865 3887 
f 3887 3865 3888 
f 3865 3866 3888 
f 3888 3866 3889 
f 3866 3867 3889 
f 3889 3867 3890 
f 3867 3868 3890 
f 3890 3868 3891 
f 3868 3869 3891 
f 3852 3871 3892 
f 3871 3853 3893 
f 3853 3854 3893 
f 3893 3854 3894 
f 3854 3872 3894 
f 3878 3855 3895 
f 3895 3855 3879 
f 3881 3856 3896 
f 3896 3856 3897 
f 3856 3857 3897 
f 3897 3857 3898 
f 3857 3858 3898 
f 3898 3858 3899 
f 3858 3859 3899 
f 3899 3859 3900 
f 3859 3860 3900 
f 3900 3860 3901 
f 3860 3861 3901 
f 3901 3861 3902 
f 3861 3862 3902 
f 3902 3862 3882 
f 3888 3889 3903 
f 3903 3889 3904 
f 3889 3890 3904 
f 3904 3890 3905 
f 3890 3891 3905 
f 3849 3906 3907 
f 3849 3850 3906 
f 3906 3850 3908 
f 3850 3851 3908 
f 3851 3870 3909 
f 3909 3870 3852 
f 3910 3852 3892 
f 3892 3871 3893 
f 3894 3872 3911 
f 3911 3872 3912 
f 3872 3873 3912 
f 3873 3817 3913 
f 3913 3817 3914 
f 3817 3874 3914 
f 3914 3874 3915 
f 3874 3875 3915 
f 3915 3875 3916 
f 3875 3876 3916 
f 3916 3876 3917 
f 3876 3877 3917 
f 3917 3877 3918 
f 3877 3878 3918 
f 3918 3878 3895 
f 3895 3879 3919 
f 3919 3879 3920 
f 3879 3880 3920 
f 3920 3880 3921 
f 3880 3881 3921 
f 3921 3881 3896 
f 3902 3882 3922 
f 3922 3882 3923 
f 3882 3883 3923 
f 3923 3883 3924 
f 3883 3884 3924 
f 3924 3884 3925 
f 3884 3885 3925 
f 3925 3885 3926 
f 3885 3886 3926 
f 3926 3886 3927 
f 3886 3887 3927 
f 3927 3887 3928 
f 3887 3888 3928 
f 3928 3888 3929 
f 3888 3903 3929 
f 3929 3903 3930 
f 3903 3904 3930 
f 3930 3904 3931 
f 3904 3905 3931 
f 3908 3851 3932 
f 3932 3851 3909 
f 3909 3852 3910 
f 3892 3893 3933 
f 3893 3894 3934 
f 3934 3894 3911 
f 3912 3873 3935 
f 3935 3873 3913 
f 3918 3895 3936 
f 3936 3895 3919 
f 3921 3896 3937 
f 3937 3896 3938 
f 3896 3897 3938 
f 3938 3897 3939 
f 3897 3898 3939 
f 3939 3898 3940 
f 3898 3899 3940 
f 3940 3899 3941 
f 3899 3900 3941 
f 3941 3900 3942 
f 3900 3901 3942 
f 3942 3901 3943 
f 3901 3902 3943 
f 3943 3902 3922 
f 3926 3927 3944 
f 3944 3927 3945 
f 3927 3928 3945 
f 3945 3928 3946 
f 3928 3929 3946 
f 3946 3929 3947 
f 3929 3930 3947 
f 3947 3930 3948 
f 3930 3931 3948 
f 3949 3907 3950 
f 3907 3906 3950 
f 3950 3906 3951 
f 3906 3908 3951 
f 3951 3908 3952 
f 3908 3932 3952 
f 3932 3909 3952 
f 3952 3909 3910 
f 3953 3910 3892 
f 3934 3911 3954 
f 3954 3911 3955 
f 3911 3912 3955 
f 3955 3912 3935 
f 3935 3913 3956 
f 3956 3913 3957 
f 3913 3914 3957 
f 3957 3914 3958 
f 3914 3915 3958 
f 3958 3915 3959 
f 3915 3916 3959 
f 3959 3916 3960 
f 3916 3917 3960 
f 3960 3917 3961 
f 3917 3918 3961 
f 3961 3918 3936 
f 3936 3919 3962 
f 3962 3919 3963 
f 3919 3920 3963 
f 3963 3920 3964 
f 3920 3921 3964 
f 3964 3921 3937 
f 3943 3922 3965 
f 3965 3922 3966 
f 3922 3923 3966 
f 3966 3923 3967 
f 3923 3924 3967 
f 3967 3924 3968 
f 3924 3925 3968 
f 3968 3925 3969 
f 3925 3926 3969 
f 3969 3926 3944 
f 3944 3945 3970 
f 3970 3945 3971 
f 3945 3946 3971 
f 3971 3946 3972 
f 3946 3947 3972 
f 3972 3947 3973 
f 3947 3948 3973 
f 3951 3952 3974 
f 3952 3910 3975 
f 3975 3910 3953 
f 3892 3933 3976 
f 3976 3933 3934 
f 3933 3893 3934 
f 3955 3935 3977 
f 3977 3935 3956 
f 3961 3936 3978 
f 3978 3936 3962 
f 3964 3937 3979 
f 3937 3938 3979 
f 3979 3938 3980 
f 3938 3939 3980 
f 3939 3940 3980 
f 3980 3940 3981 
f 3940 3941 3981 
f 3941 3942 3981 
f 3981 3942 3982 
f 3942 3943 3982 
f 3982 3943 3965 
f 3969 3944 3983 
f 3983 3944 3984 
f 3944 3970 3984 
f 3984 3970 3985 
f 3970 3971 3985 
f 3985 3971 3986 
f 3971 3972 3986 
f 3986 3972 3987 
f 3972 3973 3987 
f 3949 3950 3988 
f 3988 3950 3989 
f 3950 3951 3989 
f 3989 3951 3974 
f 3974 3952 3990 
f 3990 3952 3975 
f 3953 3892 3976 
f 3976 3934 3991 
f 3934 3954 3991 
f 3991 3954 3992 
f 3954 3955 3992 
f 3992 3955 3993 
f 3955 3977 3993 
f 3993 3977 3994 
f 3977 3956 3994 
f 3956 3957 3994 
f 3994 3957 3995 
f 3957 3958 3995 
f 3958 3959 3995 
f 3995 3959 3996 
f 3959 3960 3996 
f 3996 3960 3997 
f 3960 3961 3997 
f 3961 3978 3997 
f 3997 3978 3998 
f 3978 3962 3998 
f 3998 3962 3999 
f 3962 3963 3999 
f 3963 3964 3999 
f 3999 3964 4000 
f 3964 3979 4000 
f 4000 3979 4001 
f 4001 3979 4002 
f 3979 3980 4002 
f 4002 3980 4003 
f 4003 3980 4004 
f 3980 3981 4004 
f 4004 3981 4005 
f 4005 3981 4006 
f 3981 3982 4006 
f 4006 3982 4007 
f 3982 3965 4007 
f 4007 3965 4008 
f 3965 3966 4008 
f 4008 3966 4009 
f 3966 3967 4009 
f 4009 3967 4010 
f 3967 3968 4010 
f 4010 3968 4011 
f 3968 3969 4011 
f 4011 3969 4012 
f 3969 3983 4012 
f 4012 3983 4013 
f 3983 3984 4013 
f 4013 3984 4014 
f 3984 3985 4014 
f 4014 3985 4015 
f 3985 3986 4015 
f 4015 3986 4016 
f 3986 3987 4016 
f 3975 3953 4017 
f 4017 3953 4018 
f 3953 3976 4018 
f 3993 3994 4019 
f 4019 3994 3995 
f 3996 3997 4020 
f 4013 4014 4021 
f 4014 4015 4021 
f 4021 4015 4022 
f 4015 4016 4022 
f 3993 4019 3739 
f 4019 3995 3752 
f 3752 3995 3751 
f 3995 3996 3751 
f 3751 3996 4020 
f 4020 3997 3750 
f 3997 3998 3750 
f 3998 3999 3750 
f 3750 3999 4000 
f 4000 4001 4023 
f 4023 4001 4024 
f 4001 4002 4024 
f 4024 4002 4025 
f 4002 4003 4025 
f 4025 4003 4026 
f 4003 4004 4026 
f 4004 4005 4026 
f 4026 4005 4027 
f 4005 4006 4027 
f 4006 4007 4027 
f 4027 4007 4028 
f 4007 4008 4028 
f 4008 4009 4028 
f 4028 4009 4029 
f 4009 4010 4029 
f 4029 4010 4030 
f 4010 4011 4030 
f 4030 4011 4031 
f 4011 4012 4031 
f 4031 4012 4032 
f 4012 4013 4032 
f 4032 4013 4033 
f 4013 4021 4033 
f 4021 4022 3705 
f 3750 4000 4034 
f 4034 4000 4023 
f 4025 4026 4035 
f 4035 4026 4036 
f 4036 4026 4037 
f 4026 4027 4037 
f 4037 4027 4038 
f 4027 4028 4038 
f 4038 4028 4039 
f 4039 4028 4029 
f 4029 4030 4040 
f 4030 4031 4040 
f 4040 4031 4041 
f 4031 4032 4041 
f 4032 4033 4041 
f 4041 4033 4042 
f 4033 4021 4042 
f 4021 3705 4042 
f 4034 4023 3749 
f 3749 4023 3740 
f 4023 4024 3740 
f 3740 4024 3712 
f 4024 4025 3712 
f 3712 4025 4035 
f 4039 4029 4043 
f 4029 4040 4043 
f 4035 4036 3712 
f 3711 4036 3710 
f 4036 4037 3710 
f 3710 4037 3709 
f 4037 4038 3709 
f 3709 4038 3708 
f 4038 4039 3708 
f 3708 4039 3707 
f 4039 4043 3707 
f 4043 4040 3715 
f 3500 3497 3812 
f 3517 3501 3849 
f 3513 3517 3949 
f 3479 3513 3949 
f 3480 3479 4044 
f 3692 3707 4043 
f 3715 3692 4043 
f 3689 3691 3715 
f 3706 3689 4041 
f 3686 3706 4042 
f 3705 3686 4042 
f 3753 3747 3992 
f 3737 3739 4019 
f 3736 3737 4019 
f 3734 3751 4020 
f 3732 3734 4020 
f 3717 3732 4020 
f 3730 3731 4034 
f 3749 3730 4034 
f 3705 4022 4045 
f 4045 4022 4046 
f 4046 3987 4047 
f 4047 3948 4048 
f 4048 3905 4049 
f 4049 3869 3848 
f 3848 3833 4050 
f 4050 3811 4051 
f 4051 3769 4052 
f 4052 3756 3757 
f 3755 3754 4053 
f 4053 3759 3761 
f 3761 3767 4054 
f 4055 3779 3777 
f 4056 3803 4057 
f 4057 3774 3772 
f 3799 3797 4058 
f 3792 3791 4059 
f 4059 3791 3790 
f 4060 3786 4061 
f 4061 3783 3784 
f 3784 3770 4062 
f 4062 3770 3678 
f 4044 3949 3988 
f 4063 3991 3747 
f 3754 3759 4053 
f 3765 3764 3807 
f 3767 3765 4054 
f 3760 3767 3761 
f 3763 3756 4052 
f 3807 3779 4055 
f 3769 3763 4052 
f 3803 3774 4057 
f 3776 3803 4056 
f 3782 3769 4051 
f 3786 3783 4061 
f 3787 3786 4060 
f 3801 3799 4064 
f 3811 3782 4051 
f 3833 3811 4050 
f 3501 3500 3849 
f 3891 3869 4049 
f 3905 3891 4049 
f 3517 3849 3907 
f 3931 3905 4048 
f 3517 3907 3949 
f 3948 3931 4048 
f 3973 3948 4047 
f 3987 3973 4047 
f 3479 3949 4044 
f 4016 3987 4046 
f 3976 3991 4063 
f 3747 3991 3992 
f 3753 3992 3993 
f 4022 4016 4046 
f 3753 3993 3739 
f 3736 4019 3752 
f 3717 4020 3750 
f 3689 4040 4041 
f 4042 3706 4041 
f 4036 3683 3712 
f 3683 4036 3711 
f 4040 3689 3715 
f 3731 3750 4034 
f 4065 4066 4067 
f 4065 4067 4068 
f 4068 4067 4069 
f 4068 4069 4070 
f 4071 4072 4073 
f 4071 4073 4074 
f 4075 4074 4076 
f 4075 4076 4077 
f 4078 4077 4079 
f 4066 4063 3748 
f 4066 4065 4063 
f 4063 4065 4068 
f 4068 4070 4018 
f 4018 4070 4080 
f 4070 4081 4080 
f 4080 4081 4017 
f 4081 4072 4017 
f 4017 4072 4071 
f 4071 4074 4082 
f 4082 4074 4075 
f 4075 4077 4083 
f 4083 4077 4078 
f 3478 3480 4078 
f 3477 3478 4078 
f 3748 3741 4066 
f 4063 3747 3748 
f 4018 3976 4068 
f 4017 4018 4080 
f 3990 3975 4071 
f 3974 3990 4082 
f 3989 3974 4075 
f 3988 3989 4083 
f 4044 3988 4083 
f 4079 4077 4076 
f 4076 4074 4073 
f 4073 4081 4084 
f 4084 4070 4069 
f 4067 4066 4085 
f 4081 4070 4084 
f 4072 4081 4073 
f 3477 4078 4079 
f 3976 4063 4068 
f 3975 4017 4071 
f 3990 4071 4082 
f 3974 4082 4075 
f 3989 4075 4083 
f 4044 4083 4078 
f 3480 4044 4078 
f 4066 3741 4085 
f 4086 4084 4069 
f 4086 4085 4087 
f 4088 4073 4089 
f 4090 4089 4084 
f 4090 4084 4091 
f 4084 4086 4091 
f 4091 4086 4092 
f 4086 4087 4092 
f 4092 4087 4093 
f 4094 3477 4095 
f 4096 4095 4076 
f 4096 4076 4097 
f 4097 4088 4098 
f 4098 4088 4089 
f 4094 4099 4100 
f 4099 4094 4101 
f 4094 4095 4101 
f 4101 4095 4102 
f 4095 4096 4102 
f 4102 4096 4103 
f 4096 4097 4103 
f 4097 4098 4103 
f 4103 4098 4104 
f 4098 4089 4104 
f 4104 4089 4105 
f 4089 4090 4105 
f 4105 4090 4106 
f 4090 4091 4106 
f 4106 4091 4107 
f 4091 4092 4107 
f 4107 4092 4108 
f 4092 4093 4108 
f 4100 4109 3433 
f 4100 4099 4109 
f 4109 4099 4101 
f 4101 4102 4110 
f 4110 4102 4111 
f 4102 4103 4111 
f 4111 4103 4112 
f 4103 4104 4112 
f 3433 4113 4114 
f 3433 4109 4113 
f 4113 4109 4115 
f 4109 4101 4115 
f 4101 4110 4115 
f 4115 4110 4116 
f 4110 4111 4116 
f 4116 4111 4117 
f 4111 4112 4117 
f 4117 4112 4104 
f 4104 4105 4118 
f 4105 4106 4118 
f 4118 4106 4119 
f 4106 4107 4119 
f 4119 4107 4120 
f 4107 4108 4120 
f 4114 4121 3432 
f 4114 4113 4121 
f 4121 4113 4122 
f 4113 4115 4122 
f 4122 4115 4123 
f 4115 4116 4123 
f 4123 4116 4124 
f 4116 4117 4124 
f 4124 4117 4125 
f 4117 4104 4125 
f 4125 4104 4118 
f 3432 4126 4127 
f 3432 4121 4126 
f 4126 4121 4128 
f 4121 4122 4128 
f 4128 4122 4129 
f 4122 4123 4129 
f 4129 4123 4130 
f 4123 4124 4130 
f 4130 4124 4131 
f 4124 4125 4131 
f 4131 4125 4132 
f 4125 4118 4132 
f 4132 4118 4133 
f 4118 4119 4133 
f 4119 4120 4133 
f 4120 4134 4133 
f 4127 4135 4136 
f 4127 4126 4135 
f 4135 4126 4137 
f 4126 4128 4137 
f 4137 4128 4138 
f 4128 4129 4138 
f 4138 4129 4139 
f 4129 4130 4139 
f 4139 4130 4140 
f 4130 4131 4140 
f 4140 4131 4141 
f 4131 4132 4141 
f 4141 4132 4142 
f 4132 4133 4142 
f 4133 4134 4142 
f 4136 4135 4143 
f 4143 4135 4137 
f 4137 4138 4144 
f 4144 4138 4145 
f 4138 4139 4145 
f 4145 4139 4146 
f 4139 4140 4146 
f 4146 4140 4147 
f 4140 4141 4147 
f 4147 4141 4148 
f 4141 4142 4148 
f 4136 4149 4150 
f 4136 4143 4149 
f 4149 4143 4151 
f 4143 4137 4151 
f 4151 4137 4152 
f 4137 4144 4152 
f 4152 4144 4153 
f 4144 4145 4153 
f 4153 4145 4154 
f 4145 4146 4154 
f 4154 4146 4155 
f 4146 4147 4155 
f 4155 4147 4156 
f 4147 4148 4156 
f 4156 4148 4157 
f 4157 4148 4158 
f 4148 4142 4158 
f 4150 4149 4159 
f 4159 4149 4151 
f 4151 4152 4160 
f 4160 4152 4161 
f 4152 4153 4161 
f 4161 4153 4162 
f 4153 4154 4162 
f 4162 4154 4155 
f 4150 4163 3449 
f 4150 4159 4163 
f 4163 4159 4164 
f 4159 4151 4164 
f 4151 4160 4164 
f 4164 4160 4165 
f 4160 4161 4165 
f 4165 4161 4166 
f 4161 4162 4166 
f 4166 4162 4167 
f 4162 4155 4167 
f 4167 4155 4168 
f 4155 4156 4168 
f 4168 4156 4169 
f 4156 4157 4169 
f 4169 4157 4170 
f 4157 4158 4170 
f 3449 4163 4171 
f 4171 4163 4172 
f 4163 4164 4172 
f 4172 4164 4173 
f 4164 4165 4173 
f 4173 4165 4174 
f 4165 4166 4174 
f 4174 4166 4175 
f 4166 4167 4175 
f 4175 4167 4176 
f 4167 4168 4176 
f 4176 4168 4169 
f 3449 4171 4177 
f 4177 4171 4178 
f 4171 4172 4178 
f 4178 4172 4179 
f 4172 4173 4179 
f 4179 4173 4180 
f 4173 4174 4180 
f 4180 4174 4181 
f 4174 4175 4181 
f 4181 4175 4182 
f 4175 4176 4182 
f 4182 4176 4183 
f 4176 4169 4183 
f 4183 4169 4184 
f 4169 4170 4184 
f 4177 4185 4186 
f 4177 4178 4185 
f 4185 4178 4187 
f 4187 4178 4188 
f 4178 4179 4188 
f 4188 4179 4189 
f 4179 4180 4189 
f 4189 4180 4190 
f 4180 4181 4190 
f 4190 4181 4191 
f 4181 4182 4191 
f 4191 4182 4192 
f 4182 4183 4192 
f 4192 4183 4193 
f 4183 4184 4193 
f 4186 4194 4195 
f 4186 4185 4194 
f 4194 4185 4196 
f 4185 4187 4196 
f 4196 4187 4197 
f 4187 4188 4197 
f 4197 4188 4198 
f 4188 4189 4198 
f 4198 4189 4199 
f 4189 4190 4199 
f 4199 4190 4200 
f 4190 4191 4200 
f 4200 4191 4201 
f 4201 4191 4202 
f 4191 4192 4202 
f 4202 4192 4203 
f 4203 4192 4193 
f 4195 4194 4204 
f 4204 4194 4196 
f 4196 4197 4205 
f 4205 4197 4206 
f 4197 4198 4206 
f 4206 4198 4207 
f 4198 4199 4207 
f 4207 4199 4200 
f 4203 4193 4208 
f 4195 4209 4210 
f 4195 4204 4209 
f 4209 4204 4211 
f 4204 4196 4211 
f 4196 4205 4211 
f 4211 4205 4212 
f 4205 4206 4212 
f 4212 4206 4213 
f 4206 4207 4213 
f 4213 4207 4214 
f 4207 4200 4214 
f 4214 4200 4215 
f 4200 4201 4215 
f 4215 4201 4216 
f 4201 4202 4216 
f 4216 4202 4217 
f 4202 4203 4217 
f 4217 4203 4208 
f 4210 4209 4218 
f 4218 4209 4219 
f 4209 4211 4219 
f 4219 4211 4220 
f 4211 4212 4220 
f 4220 4212 4221 
f 4212 4213 4221 
f 4221 4213 4222 
f 4213 4214 4222 
f 4222 4214 4215 
f 4217 4208 4223 
f 4210 4224 3428 
f 4210 4218 4224 
f 4224 4218 4225 
f 4218 4219 4225 
f 4225 4219 4226 
f 4219 4220 4226 
f 4226 4220 4227 
f 4220 4221 4227 
f 4227 4221 4228 
f 4221 4222 4228 
f 4228 4222 4229 
f 4222 4215 4229 
f 4229 4215 4230 
f 4215 4216 4230 
f 4216 4217 4230 
f 4230 4217 4223 
f 3428 4231 3427 
f 3428 4224 4231 
f 4231 4224 4232 
f 4224 4225 4232 
f 4232 4225 4233 
f 4225 4226 4233 
f 4233 4226 4234 
f 4226 4227 4234 
f 4234 4227 4235 
f 4227 4228 4235 
f 4235 4228 4236 
f 4236 4228 4237 
f 4228 4229 4237 
f 4237 4229 4238 
f 4238 4229 4239 
f 4229 4230 4239 
f 4239 4230 4240 
f 4240 4230 4241 
f 4230 4223 4241 
f 3427 4242 4243 
f 3427 4231 4242 
f 4242 4231 4232 
f 4233 4234 4244 
f 4244 4234 4245 
f 4245 4234 4246 
f 4234 4235 4246 
f 4246 4235 4236 
f 4243 4242 1892 
f 4242 4232 1892 
f 1892 4232 4247 
f 4232 4233 4247 
f 4233 4244 4247 
f 4247 4244 4245 
f 4246 4236 4248 
f 4236 4237 4248 
f 4248 4237 4249 
f 4237 4238 4249 
f 4249 4238 4250 
f 4238 4239 4250 
f 4239 4240 4250 
f 4250 4240 4251 
f 4240 4241 4251 
f 1892 4247 1885 
f 1885 4247 1891 
f 4247 4245 1891 
f 1891 4245 4252 
f 4245 4246 4252 
f 4252 4246 4253 
f 4253 4246 4248 
f 4249 4250 4254 
f 4254 4250 4251 
f 4253 4248 4255 
f 4248 4249 4255 
f 4255 4249 4256 
f 4256 4249 4254 
f 4254 4251 4257 
f 4256 4254 4257 
f 1892 1886 4243 
f 3434 3299 4100 
f 3433 3434 4100 
f 3318 3433 4114 
f 3432 3318 4114 
f 3431 3346 4136 
f 3361 3431 4150 
f 3449 3361 4150 
f 3430 3374 3449 
f 3429 3430 4186 
f 3407 3429 4195 
f 3418 3407 4210 
f 3428 3418 4210 
f 1893 3426 4243 
f 3476 3477 4094 
f 3299 3476 4100 
f 4085 3741 3742 
f 4069 4067 4086 
f 4073 4084 4089 
f 4076 4073 4097 
f 4258 1891 4252 
f 4259 4253 4255 
f 4260 4257 4261 
f 4261 4251 4262 
f 4263 4193 4264 
f 4264 4193 4184 
f 4184 4170 4265 
f 4265 4158 4266 
f 4266 4142 4267 
f 4267 4142 4134 
f 4134 4120 4268 
f 4268 4108 4269 
f 4269 4093 4270 
f 4270 4093 4271 
f 4271 4085 3742 
f 4067 4085 4086 
f 4087 4085 4271 
f 4093 4087 4271 
f 3477 4079 4095 
f 4095 4079 4076 
f 4073 4088 4097 
f 3476 4094 4100 
f 4108 4093 4269 
f 4120 4108 4268 
f 3346 3432 4127 
f 3346 4127 4136 
f 3431 4136 4150 
f 4158 4142 4266 
f 4170 4158 4265 
f 3430 3449 4177 
f 3430 4177 4186 
f 3429 4186 4195 
f 4208 4193 4263 
f 3407 4195 4210 
f 4223 4208 4263 
f 3426 3427 4243 
f 4251 4241 4262 
f 4257 4251 4261 
f 1886 1893 4243 
f 4272 4257 4260 
f 3746 4273 3719 
f 3719 4273 4274 
f 3719 4274 3745 
f 3744 4275 3723 
f 3723 4275 4276 
f 3723 4276 3743 
f 3743 4277 3727 
f 3727 4277 3742 
f 4278 3746 4279 
f 4273 3746 4280 
f 3746 4278 4280 
f 4274 4273 4281 
f 4273 4280 4281 
f 4274 4281 4282 
f 3745 4274 4282 
f 3745 4282 4283 
f 3744 3745 4284 
f 3745 4283 4284 
f 4275 3744 4285 
f 3744 4284 4285 
f 4275 4285 4286 
f 4276 4275 4286 
f 3743 4276 4287 
f 4276 4286 4287 
f 3743 4287 4288 
f 3743 4288 4277 
f 3742 4277 4271 
f 4282 4281 4289 
f 4286 4285 4290 
f 4277 4288 4270 
f 4277 4270 4271 
f 4278 4279 4291 
f 4291 4279 4292 
f 4280 4278 4293 
f 4278 4291 4293 
f 4281 4280 4293 
f 4281 4293 4289 
f 4282 4289 4294 
f 4283 4282 4294 
f 4284 4283 4295 
f 4283 4294 4295 
f 4285 4284 4296 
f 4284 4295 4296 
f 4290 4285 4296 
f 4287 4286 4297 
f 4286 4290 4297 
f 4288 4287 4297 
f 4288 4297 4270 
f 4291 4292 4298 
f 4291 4298 4299 
f 4293 4291 4299 
f 4293 4299 4300 
f 4289 4293 4300 
f 4289 4300 4294 
f 4300 4301 4294 
f 4295 4294 4301 
f 4296 4295 4302 
f 4295 4301 4302 
f 4290 4296 4303 
f 4296 4302 4303 
f 4297 4290 4303 
f 4297 4303 4304 
f 4270 4297 4304 
f 4299 4298 4305 
f 4299 4305 4306 
f 4300 4299 4307 
f 4299 4306 4307 
f 270 216 271 
f 4301 4300 4308 
f 4300 4307 4308 
f 4302 4301 4309 
f 4301 4308 4309 
f 4302 4309 4310 
f 4303 4302 4310 
f 4303 4310 4311 
f 4304 4303 4311 
f 4304 4311 4268 
f 4308 4307 4312 
f 4308 4312 4309 
f 4268 4311 4313 
f 4305 4314 4315 
f 4315 4314 4316 
f 4306 4305 4315 
f 4307 4306 4315 
f 4312 4307 4317 
f 273 276 275 
f 4309 4312 4318 
f 4312 4317 4318 
f 4310 4309 4318 
f 4310 4318 4319 
f 4311 4310 4319 
f 4311 4319 4320 
f 4311 4320 4313 
f 4307 4315 4321 
f 4317 4307 4322 
f 4307 4321 4322 
f 4318 4317 4323 
f 4317 4322 4323 
f 4319 4318 4324 
f 4318 4323 4324 
f 4319 4324 4320 
f 4313 4320 4267 
f 4315 4316 4325 
f 4325 4316 4326 
f 4315 4325 4327 
f 4321 4315 4328 
f 4315 4327 4328 
f 4322 4321 4329 
f 4321 4328 4329 
f 4323 4322 4330 
f 4322 4329 4330 
f 4324 4323 4331 
f 4323 4330 4331 
f 4324 4331 4332 
f 4320 4324 4333 
f 4324 4332 4333 
f 4267 4320 4333 
f 4327 4325 4334 
f 4329 4328 4335 
f 4329 4335 4330 
f 4267 4333 4266 
f 4325 4326 4334 
f 4334 4326 4336 
f 4328 4327 4337 
f 4327 4334 4337 
f 4335 4328 4338 
f 4328 4337 4338 
f 4330 4335 4339 
f 4335 4338 4339 
f 4331 4330 4340 
f 4330 4339 4340 
f 4332 4331 4341 
f 4331 4340 4341 
f 4333 4332 4342 
f 4332 4341 4342 
f 4333 4342 4266 
f 4338 4337 4343 
f 4338 4343 4344 
f 4339 4338 4344 
f 4339 4344 4345 
f 4340 4339 4345 
f 4341 4340 4346 
f 4342 4341 4346 
f 4266 4342 4265 
f 4342 4346 4265 
f 4337 4334 4347 
f 4337 4347 4343 
f 4336 4348 4349 
f 4349 4348 4350 
f 4334 4336 4349 
f 4334 4349 4351 
f 4334 4351 4347 
f 4343 4347 4352 
f 4344 4343 4352 
f 4344 4352 4353 
f 4345 4344 4353 
f 4345 4353 4354 
f 4340 4345 4355 
f 4345 4354 4355 
f 4346 4340 4355 
f 4346 4355 4356 
f 4265 4346 4356 
f 4349 4350 4357 
f 4349 4357 4351 
f 4347 4351 4358 
f 4352 4347 4359 
f 4347 4358 4359 
f 4353 4352 4360 
f 4352 4359 4360 
f 4353 4360 4354 
f 4355 4354 4361 
f 4356 4355 4264 
f 4355 4361 4264 
f 4357 4350 4362 
f 4362 4350 4363 
f 4357 4362 4364 
f 4351 4357 4364 
f 4358 4351 4365 
f 4351 4364 4365 
f 4359 4358 4366 
f 4358 4365 4366 
f 4360 4359 4367 
f 4359 4366 4367 
f 4360 4367 4368 
f 4354 4360 4368 
f 4361 4354 4369 
f 4354 4368 4369 
f 4264 4361 4370 
f 4361 4369 4370 
f 4364 4362 4371 
f 4366 4365 4372 
f 4366 4372 4367 
f 4264 4370 4263 
f 4362 4363 4373 
f 4362 4373 4371 
f 4365 4364 4374 
f 4364 4371 4374 
f 4372 4365 4375 
f 4365 4374 4375 
f 4372 4375 4376 
f 4367 4372 4376 
f 4367 4376 4377 
f 4368 4367 4377 
f 4369 4368 4378 
f 4368 4377 4378 
f 4369 4378 4370 
f 4370 4378 4379 
f 4263 4370 4379 
f 4371 4373 4380 
f 4373 4381 4380 
f 4371 4380 4382 
f 4371 4382 4374 
f 4375 4374 4383 
f 4376 4375 4383 
f 4376 4383 4384 
f 4377 4376 4384 
f 4377 4384 4385 
f 4378 4377 4386 
f 4377 4385 4386 
f 4379 4378 4387 
f 4378 4386 4387 
f 4374 4382 4388 
f 4383 4374 4389 
f 4374 4388 4389 
f 4384 4383 4390 
f 4383 4389 4390 
f 4384 4390 4385 
f 4386 4385 4391 
f 4387 4386 4392 
f 4386 4391 4392 
f 4393 4381 4394 
f 4380 4381 4393 
f 4382 4380 4395 
f 4380 4393 4395 
f 4382 4395 4388 
f 4389 4388 4396 
f 4389 4396 4390 
f 4385 4390 4397 
f 4385 4397 4391 
f 4393 4394 4398 
f 4395 4393 4399 
f 4393 4398 4399 
f 4388 4395 4400 
f 4395 4399 4400 
f 4396 4388 4401 
f 4388 4400 4401 
f 4396 4401 4402 
f 4390 4396 4402 
f 4390 4402 4403 
f 4397 4390 4403 
f 4391 4397 4404 
f 4392 4391 4404 
f 4392 4404 4262 
f 4394 4405 4406 
f 4262 4404 4261 
f 4394 4406 4407 
f 4398 4394 4407 
f 4399 4398 4407 
f 4399 4407 4400 
f 4401 4400 4408 
f 4402 4401 4408 
f 4402 4408 4409 
f 4403 4402 4409 
f 4403 4409 4410 
f 4397 4403 4411 
f 4403 4410 4411 
f 4404 4397 4411 
f 4404 4411 4412 
f 4404 4412 4261 
f 4407 4406 4413 
f 4400 4407 4414 
f 4408 4400 4415 
f 4400 4414 4415 
f 4409 4408 4416 
f 4408 4415 4416 
f 4409 4416 4410 
f 4411 4410 4417 
f 4411 4417 4418 
f 4411 4418 4412 
f 4261 4412 4260 
f 4407 4413 4419 
f 4414 4407 4419 
f 4415 4414 4420 
f 4416 4415 4421 
f 4415 4420 4421 
f 4416 4421 4422 
f 4410 4416 4422 
f 4410 4422 4417 
f 4260 4412 4423 
f 3719 3729 3746 
f 4262 4241 4392 
f 4241 4223 4387 
f 4223 4263 4379 
f 4134 4268 4313 
f 3746 3713 4424 
f 4279 4424 4425 
f 4298 4292 4426 
f 4305 4426 4314 
f 4316 4314 4427 
f 4316 4427 4428 
f 4326 4428 4429 
f 4336 4429 4430 
f 4381 4431 4432 
f 4381 4432 4433 
f 4406 4405 4434 
f 4413 4434 4435 
f 4435 4436 4437 
f 4413 4437 4438 
f 4413 4438 4439 
f 4413 4439 4440 
f 4413 4440 4441 
f 4419 4441 4442 
f 4419 4442 4443 
f 4419 4443 4444 
f 4419 4444 4445 
f 4414 4445 4446 
f 4414 4446 4447 
f 4414 4447 4448 
f 4414 4448 4449 
f 4422 4450 4451 
f 4417 4452 4453 
f 4418 4453 4454 
f 265 262 263 
f 4412 4454 4455 
f 4412 4455 4423 
f 4279 3746 4424 
f 4292 4279 4425 
f 4269 4270 4304 
f 4305 4298 4426 
f 4269 4304 4268 
f 4134 4313 4267 
f 4326 4316 4428 
f 4336 4326 4429 
f 4348 4336 4430 
f 4184 4265 4356 
f 4184 4356 4264 
f 4373 4363 4431 
f 4381 4373 4431 
f 4223 4379 4387 
f 4241 4387 4392 
f 4394 4381 4433 
f 4413 4406 4434 
f 4417 4422 4452 
f 4418 4417 4453 
f 4412 4418 4454 
f 4272 4260 4423 
f 4413 4435 4437 
f 4419 4413 4441 
f 4414 4419 4445 
f 4420 4414 4449 
f 4422 4421 4450 
f 4436 4435 4456 
f 4437 4436 4457 
f 4438 4437 4458 
f 4439 4438 4459 
f 4440 4439 4460 
f 4441 4440 4461 
f 4442 4441 4462 
f 4445 4444 4463 
f 4446 4445 4464 
f 4447 4446 4464 
f 4448 4447 4465 
f 4449 4448 4466 
f 4420 4449 4467 
f 4421 4420 4468 
f 4450 4421 4469 
f 4451 4450 4470 
f 4452 4422 4471 
f 4423 4455 4472 
f 4272 4423 4473 
f 4456 4474 4436 
f 4423 4475 4473 
f 4423 4472 4475 
f 4452 4471 4453 
f 4422 4476 4471 
f 4422 4451 4476 
f 4450 4469 4470 
f 4421 4468 4469 
f 4420 4467 4468 
f 4449 4466 4467 
f 4448 4465 4466 
f 4447 4464 4465 
f 4445 4463 4464 
f 4444 4443 4463 
f 4442 4462 4443 
f 4441 4461 4462 
f 4440 4460 4461 
f 4439 4459 4460 
f 4438 4458 4459 
f 4437 4457 4458 
f 4272 4473 4477 
f 4259 4478 4252 
f 4479 4478 4259 
f 4480 4481 4256 
f 4480 4256 4482 
f 4479 4259 4483 
f 4483 4259 4484 
f 4484 4485 4486 
f 4485 4487 4486 
f 4486 4487 4481 
f 4480 4482 4477 
f 1883 1891 4258 
f 3060 1883 4488 
f 4257 4272 4482 
f 4255 4256 4487 
f 4259 4255 4484 
f 4252 4253 4259 
f 4258 4252 4478 
f 4488 4479 4483 
f 4486 4481 4489 
f 4489 4481 4480 
f 1883 4478 4479 
f 4484 4255 4485 
f 4485 4255 4487 
f 4487 4256 4481 
f 4256 4257 4482 
f 1883 4258 4478 
f 1883 4479 4488 
f 4272 4477 4482 
f 4490 4491 4463 
f 4492 4474 4493 
f 4493 4474 4494 
f 4474 4495 4494 
f 4494 4495 4496 
f 4495 4497 4496 
f 4496 4497 4498 
f 4498 4499 4500 
f 4500 4499 4501 
f 4501 4499 4502 
f 4503 4477 4475 
f 4491 4490 4504 
f 4504 4490 4505 
f 4490 4506 4505 
f 4506 4492 4507 
f 4507 4492 4493 
f 4496 4498 4508 
f 4498 4500 4508 
f 4501 4502 4509 
f 4509 4502 4510 
f 4511 4486 4512 
f 4512 4486 4489 
f 4489 4503 4513 
f 4513 4503 4514 
f 4503 4475 4514 
f 4514 4475 4515 
f 4475 4516 4515 
f 4515 4516 4517 
f 4516 4518 4517 
f 4517 4518 4519 
f 4518 4520 4519 
f 4519 4520 4521 
f 4521 4520 4522 
f 4520 4523 4522 
f 4522 4523 4524 
f 4524 4523 4525 
f 4523 4465 4525 
f 4525 4465 4526 
f 4465 4491 4526 
f 4526 4491 4527 
f 4527 4491 4504 
f 4504 4505 4528 
f 4528 4505 4529 
f 4505 4506 4529 
f 4529 4506 4530 
f 4530 4506 4531 
f 4506 4507 4531 
f 4507 4493 4531 
f 4531 4493 4532 
f 4493 4494 4532 
f 4532 4494 4533 
f 4494 4496 4533 
f 4533 4496 4534 
f 4496 4508 4534 
f 4534 4508 4535 
f 4535 4508 4536 
f 4508 4500 4536 
f 4500 4501 4536 
f 4536 4501 4537 
f 4537 4501 4538 
f 4501 4509 4538 
f 4509 4510 4538 
f 4538 4510 4539 
f 4539 4510 4540 
f 4510 4541 4540 
f 4540 4541 4542 
f 4543 4544 4545 
f 4512 4489 4546 
f 4527 4504 4547 
f 4504 4528 4547 
f 4540 4542 4548 
f 4548 4542 4549 
f 4550 4543 4545 
f 4551 4511 4552 
f 4511 4512 4552 
f 4552 4512 4546 
f 4546 4489 4553 
f 4489 4513 4553 
f 4553 4513 4554 
f 4513 4514 4554 
f 4554 4514 4555 
f 4514 4515 4555 
f 4515 4517 4556 
f 4556 4517 4557 
f 4517 4519 4557 
f 4519 4521 4558 
f 4558 4521 4559 
f 4521 4522 4559 
f 4522 4524 4559 
f 4559 4524 4560 
f 4524 4525 4560 
f 4560 4525 4561 
f 4525 4526 4561 
f 4561 4526 4562 
f 4526 4527 4562 
f 4562 4527 4563 
f 4527 4547 4563 
f 4547 4528 4564 
f 4564 4528 4565 
f 4528 4529 4565 
f 4565 4529 4566 
f 4529 4530 4566 
f 4566 4530 4567 
f 4530 4531 4567 
f 4567 4531 4568 
f 4531 4532 4568 
f 4568 4532 4569 
f 4532 4533 4569 
f 4569 4533 4570 
f 4533 4534 4570 
f 4570 4534 4571 
f 4534 4535 4571 
f 4571 4535 4572 
f 4535 4536 4572 
f 4572 4536 4573 
f 4536 4537 4573 
f 4573 4537 4574 
f 4537 4538 4574 
f 4574 4538 4575 
f 4538 4539 4575 
f 4575 4539 4576 
f 4539 4540 4576 
f 4576 4540 4548 
f 4548 4549 4577 
f 4549 4578 4577 
f 3068 4550 4579 
f 4579 4550 4545 
f 4580 4545 4581 
f 4545 4544 4581 
f 4581 4544 4582 
f 4544 4511 4582 
f 4582 4511 4551 
f 4552 4546 4583 
f 4555 4515 4584 
f 4584 4515 4556 
f 4558 4559 4585 
f 4563 4547 4586 
f 4586 4547 4564 
f 4565 4566 4587 
f 4566 4567 4587 
f 4569 4570 4588 
f 4573 4574 4589 
f 4575 4576 4590 
f 4576 4548 4591 
f 4591 4548 4577 
f 3068 4579 3136 
f 4579 4545 4580 
f 4582 4551 4592 
f 4551 4552 4592 
f 4592 4552 4583 
f 4583 4546 4593 
f 4593 4546 4594 
f 4546 4553 4594 
f 4553 4554 4594 
f 4594 4554 4595 
f 4554 4555 4595 
f 4595 4555 4584 
f 4584 4556 4596 
f 4556 4557 4596 
f 4596 4557 4597 
f 4557 4519 4597 
f 4519 4558 4597 
f 4597 4558 4585 
f 4585 4559 4598 
f 4559 4560 4598 
f 4598 4560 4599 
f 4560 4561 4599 
f 4561 4562 4599 
f 4599 4562 4600 
f 4562 4563 4600 
f 4600 4563 4586 
f 4586 4564 4601 
f 4564 4565 4601 
f 4601 4565 4602 
f 4565 4587 4602 
f 4587 4567 4568 
f 4568 4569 4603 
f 4603 4569 4588 
f 4588 4570 4571 
f 4571 4572 4604 
f 4572 4573 4604 
f 4604 4573 4589 
f 4589 4574 4605 
f 4574 4575 4605 
f 4605 4575 4590 
f 4590 4576 4606 
f 4606 4576 4591 
f 4591 4577 4607 
f 3136 4579 4608 
f 4579 4580 4608 
f 4580 4581 4609 
f 4581 4582 4609 
f 4609 4582 4610 
f 4582 4592 4610 
f 4610 4592 4611 
f 319 320 268 
f 4592 4583 4611 
f 4583 4593 4611 
f 4593 4594 4612 
f 4594 4595 4612 
f 4612 4595 4613 
f 4595 4584 4613 
f 4613 4584 4614 
f 4584 4596 4614 
f 4614 4596 4615 
f 4596 4597 4615 
f 4615 4597 4616 
f 4616 4597 4617 
f 4597 4585 4617 
f 4585 4598 4617 
f 4617 4598 4618 
f 4618 4598 4619 
f 4598 4599 4619 
f 4619 4599 4620 
f 4599 4600 4620 
f 4600 4586 4620 
f 4620 4586 4621 
f 4586 4601 4621 
f 4621 4601 4622 
f 4622 4601 4602 
f 4602 4587 4623 
f 4587 4568 4623 
f 4623 4568 4624 
f 4624 4568 4603 
f 4603 4588 4625 
f 4625 4588 4626 
f 4588 4571 4626 
f 4626 4571 4604 
f 4604 4589 4627 
f 4627 4589 4628 
f 4589 4605 4628 
f 4628 4605 4629 
f 4605 4590 4629 
f 4590 4606 4629 
f 4629 4606 4630 
f 4606 4591 4630 
f 4630 4591 4631 
f 4591 4607 4631 
f 4619 4620 4632 
f 4602 4623 4633 
f 4624 4603 4634 
f 4603 4625 4634 
f 4626 4604 4635 
f 4604 4627 4636 
f 4627 4628 4637 
f 4628 4629 4638 
f 4608 4580 4639 
f 4639 4580 4640 
f 4580 4609 4640 
f 4609 4610 4641 
f 4641 4610 4611 
f 4611 4593 4642 
f 4593 4612 4642 
f 4612 4613 4643 
f 4643 4613 4644 
f 4613 4614 4644 
f 4614 4615 4644 
f 4644 4615 4645 
f 4645 4615 4616 
f 4616 4617 4646 
f 4646 4617 4647 
f 4617 4618 4647 
f 4647 4618 4648 
f 4618 4619 4648 
f 4648 4619 4649 
f 4649 4619 4632 
f 4632 4620 4650 
f 4620 4621 4650 
f 4650 4621 4651 
f 4621 4622 4651 
f 4622 4602 4651 
f 4651 4602 4633 
f 4633 4623 4624 
f 4634 4625 4652 
f 4625 4626 4652 
f 4652 4626 4635 
f 4635 4604 4653 
f 4653 4604 4636 
f 4636 4627 4654 
f 4654 4627 4637 
f 4637 4628 4655 
f 4655 4628 4638 
f 4638 4629 4656 
f 4629 4630 4656 
f 4656 4630 4657 
f 4630 4631 4657 
f 3136 4608 4658 
f 4608 4639 4658 
f 4658 4639 4659 
f 4659 4639 4640 
f 4640 4609 4641 
f 4641 4611 4660 
f 4660 4611 4661 
f 274 273 275 
f 4661 4611 4642 
f 4642 4612 4662 
f 4662 4612 4663 
f 4663 4612 4643 
f 4643 4644 4664 
f 4664 4644 4645 
f 4645 4616 4665 
f 4665 4616 4646 
f 4649 4632 4666 
f 4666 4632 4667 
f 4632 4650 4667 
f 4667 4650 4668 
f 4650 4651 4668 
f 4651 4633 4669 
f 4633 4624 4669 
f 4669 4624 4670 
f 4624 4634 4671 
f 4671 4634 4652 
f 4652 4635 4672 
f 4635 4653 4672 
f 4653 4636 4673 
f 4636 4654 4673 
f 4654 4637 4673 
f 4673 4637 4655 
f 4655 4638 4674 
f 4638 4656 4674 
f 4674 4656 4675 
f 4675 4656 4676 
f 4656 4657 4676 
f 4659 4640 4660 
f 4640 4641 4660 
f 4660 4661 4677 
f 4677 4661 4678 
f 4661 4642 4678 
f 4678 4642 4662 
f 4662 4663 4679 
f 4663 4643 4679 
f 4679 4643 4680 
f 4643 4664 4680 
f 4664 4645 4681 
f 4681 4645 4665 
f 4665 4646 4682 
f 4682 4646 4683 
f 4646 4647 4683 
f 4683 4647 4684 
f 4647 4648 4684 
f 4648 4649 4684 
f 4684 4649 4685 
f 4649 4666 4685 
f 4666 4667 4685 
f 4668 4651 4686 
f 4651 4669 4686 
f 4670 4624 4687 
f 4624 4671 4687 
f 4671 4652 4688 
f 4652 4672 4688 
f 4672 4653 4689 
f 4653 4673 4689 
f 4673 4655 4690 
f 4655 4674 4690 
f 3135 4658 4691 
f 4691 4658 4692 
f 4692 4658 4659 
f 269 270 272 
f 4693 4660 4677 
f 4678 4662 4694 
f 4694 4662 4679 
f 4680 4664 4681 
f 264 265 321 
f 4681 4665 4695 
f 4695 4665 4682 
f 4685 4667 4696 
f 4696 4667 4697 
f 4667 4668 4697 
f 4697 4668 4686 
f 4686 4669 4698 
f 4698 4669 4699 
f 4669 4670 4699 
f 4699 4670 4700 
f 4670 4687 4700 
f 4687 4671 4701 
f 4671 4688 4701 
f 4688 4672 4702 
f 4702 4672 4703 
f 4672 4689 4703 
f 4689 4673 4704 
f 4704 4673 4705 
f 4673 4690 4705 
f 4690 4674 4706 
f 4706 4674 4707 
f 4674 4675 4707 
f 4707 4675 4708 
f 4675 4676 4708 
f 4692 4659 4709 
f 4709 4659 4710 
f 4711 268 269 
f 4659 4660 4710 
f 4710 4660 4693 
f 4677 4678 4712 
f 4712 4678 4694 
f 4694 4679 4713 
f 4679 4680 4713 
f 4713 4680 4681 
f 4714 4685 4696 
f 4700 4687 4715 
f 4715 4687 4716 
f 4687 4701 4716 
f 4701 4688 4717 
f 4717 4688 4702 
f 4703 4689 4718 
f 4718 4689 4704 
f 4705 4690 4719 
f 4719 4690 4706 
f 4707 4708 4720 
f 3135 4691 4721 
f 4691 4692 4721 
f 4721 4692 4709 
f 4709 4710 1924 
f 1924 4710 4722 
f 4710 4693 4722 
f 4722 4693 4723 
f 4693 4677 4723 
f 4723 4677 4724 
f 4677 4712 4724 
f 4724 4712 4725 
f 4712 4694 4725 
f 4725 4694 4713 
f 4713 4681 4726 
f 4726 4681 4727 
f 319 268 4711 
f 4681 4695 4727 
f 4727 4695 4728 
f 4695 4682 4728 
f 4728 4682 4683 
f 4729 4683 2850 
f 4683 4684 2850 
f 4684 4685 2850 
f 2850 4685 4714 
f 4714 4696 4730 
f 4696 4697 4730 
f 4697 4686 4730 
f 4730 4686 4731 
f 4686 4698 4731 
f 4731 4698 2851 
f 4698 4699 2851 
f 4699 4700 2851 
f 2851 4700 4715 
f 4716 4701 4732 
f 4701 4717 4732 
f 4717 4702 4732 
f 4732 4702 4733 
f 4702 4703 4733 
f 4733 4703 4734 
f 4703 4718 4734 
f 4718 4704 4734 
f 4734 4704 4735 
f 4704 4705 4735 
f 4735 4705 4736 
f 4705 4719 4736 
f 4719 4706 4736 
f 4736 4706 4737 
f 4706 4707 4737 
f 4737 4707 4738 
f 4707 4720 4738 
f 4721 4709 1927 
f 1927 4709 1925 
f 1925 4709 1924 
f 4723 4724 4739 
f 4739 4724 4725 
f 4725 4713 4740 
f 4740 4713 4726 
f 4727 4728 4741 
f 4741 4728 4729 
f 4728 4683 4729 
f 2850 4714 2779 
f 2779 4714 2845 
f 4714 4730 2845 
f 4716 4732 4742 
f 4733 4734 4743 
f 4734 4735 4744 
f 4735 4736 4744 
f 4721 1927 1928 
f 1923 4722 4745 
f 4722 4723 4745 
f 4723 4739 4745 
f 4739 4725 2879 
f 4725 4740 2879 
f 4740 4726 2878 
f 2878 4726 2858 
f 2858 4726 2846 
f 4726 4727 2846 
f 4715 4716 2844 
f 4716 4742 2844 
f 4742 4732 4746 
f 4732 4733 4746 
f 4746 4733 4743 
f 4743 4734 4747 
f 4734 4744 4747 
f 4744 4736 4748 
f 4748 4736 4749 
f 4736 4737 4749 
f 4749 4737 4750 
f 4737 4738 4750 
f 1926 1927 1925 
f 1924 4722 1923 
f 1923 4745 1921 
f 4745 4739 2853 
f 2853 4739 2879 
f 4746 4743 2843 
f 4747 4744 4751 
f 4751 4744 4748 
f 4743 4747 2842 
f 2842 4747 2841 
f 4747 4751 2841 
f 2841 4751 4752 
f 4751 4748 4752 
f 4748 4749 4752 
f 4749 4750 4752 
f 4752 4750 4753 
f 2841 4752 2840 
f 4752 4753 4754 
f 4752 2063 2840 
f 4752 4754 2063 
f 2772 2846 4727 
f 2774 2772 4741 
f 2776 2774 4729 
f 2850 2776 4729 
f 2783 2845 4730 
f 2784 2783 4730 
f 2851 2784 4731 
f 2787 2786 4715 
f 2844 2787 4715 
f 2792 2791 4742 
f 2840 2805 2841 
f 2853 1922 4745 
f 2878 2855 4740 
f 3068 3060 4550 
f 3134 3135 4721 
f 4457 4436 4492 
f 4458 4457 4506 
f 4459 4458 4506 
f 4460 4459 4506 
f 4461 4460 4490 
f 4462 4461 4490 
f 4443 4462 4490 
f 4465 4464 4491 
f 4467 4466 4523 
f 4468 4467 4523 
f 4469 4468 4523 
f 4470 4469 4523 
f 4451 4470 4520 
f 4476 4451 4520 
f 4471 4476 4520 
f 4453 4471 4518 
f 4454 4453 4518 
f 1132 266 319 
f 4455 4454 4516 
f 4472 4455 4516 
f 4475 4472 4516 
f 4477 4473 4475 
f 4480 4477 4489 
f 4484 4486 4511 
f 4483 4484 4544 
f 4488 4483 4543 
f 3060 4488 4550 
f 4753 4750 4755 
f 4755 4738 4756 
f 4756 4720 4708 
f 4757 4676 4758 
f 4758 4657 4759 
f 4759 4607 4760 
f 4760 4577 4761 
f 4761 4578 4762 
f 4763 4497 4764 
f 4764 4497 4495 
f 4492 4436 4474 
f 4498 4497 4763 
f 4463 4443 4490 
f 4490 4460 4506 
f 4457 4492 4506 
f 4502 4499 4765 
f 4510 4502 4766 
f 4489 4477 4503 
f 4516 4454 4518 
f 4518 4471 4520 
f 4520 4470 4523 
f 4523 4466 4465 
f 4550 4488 4543 
f 4543 4483 4544 
f 4544 4484 4511 
f 4578 4549 4762 
f 4577 4578 4761 
f 4607 4577 4760 
f 4631 4607 4759 
f 4657 4631 4759 
f 3114 3136 4658 
f 4676 4657 4758 
f 3114 4658 3135 
f 4708 4676 4757 
f 2772 4727 4741 
f 2774 4741 4729 
f 2784 4730 4731 
f 4738 4720 4756 
f 3134 4721 1928 
f 2855 2879 4740 
f 2791 2844 4742 
f 4742 4746 2792 
f 4750 4738 4755 
f 1899 1928 1927 
f 1898 1923 1921 
f 1922 1921 4745 
f 4746 2843 2792 
f 2842 2843 4743 
f 2786 2851 4715 
f 4464 4463 4491 
f 4767 4768 4769 
f 4767 4770 4771 
f 4771 4770 4772 
f 4773 4774 4775 
f 4768 4767 4771 
f 4771 4762 4549 
f 4771 4772 4762 
f 4456 4495 4474 
f 4456 4764 4495 
f 4763 4764 4776 
f 4498 4763 4773 
f 4499 4498 4773 
f 4765 4499 4773 
f 4502 4765 4775 
f 4766 4502 4777 
f 4510 4766 4778 
f 4541 4510 4778 
f 4542 4541 4768 
f 4549 4542 4771 
f 1878 4767 4779 
f 4779 4780 4781 
f 4781 4766 4777 
f 4777 4775 4782 
f 4782 4775 4774 
f 4783 4773 4776 
f 4776 4764 4784 
f 4784 4456 4785 
f 4785 4456 4435 
f 4767 4769 4779 
f 4769 4768 4780 
f 4772 4770 4786 
f 4774 4773 4783 
f 4765 4773 4775 
f 4502 4775 4777 
f 4778 4766 4781 
f 4780 4778 4781 
f 4541 4778 4780 
f 4541 4780 4768 
f 4542 4768 4771 
f 4764 4456 4784 
f 4773 4763 4776 
f 4770 4767 1878 
f 4769 4780 4779 
f 4772 4786 4787 
f 4762 4772 4788 
f 4772 4787 4788 
f 4770 1877 4786 
f 4789 2594 2656 
f 4789 2656 2684 
f 4790 2669 2652 
f 4790 2684 2669 
f 4790 2652 2685 
f 2686 2685 2666 
f 4791 4792 2648 
f 2644 4793 2689 
f 2638 4794 2640 
f 4794 2691 2640 
f 2701 4795 2637 
f 4795 2638 2637 
f 2684 4790 4789 
f 4790 2685 4796 
f 2685 2686 4796 
f 2688 2689 4793 
f 4791 2688 4793 
f 2644 2690 4793 
f 2690 2691 4794 
f 4793 2690 4794 
f 4794 2638 4795 
f 4795 2701 4797 
f 2704 2056 4797 
f 4789 4790 4798 
f 4798 4790 4796 
f 4796 2686 4799 
f 4799 2686 4800 
f 2686 4792 4800 
f 4800 4792 4801 
f 4792 4791 4801 
f 4791 4793 4801 
f 4793 4794 4802 
f 4802 4794 4795 
f 4795 4797 4803 
f 4804 4789 4798 
f 4798 4796 4805 
f 4805 4796 4799 
f 4800 4801 4806 
f 4801 4793 4807 
f 4807 4793 4802 
f 4802 4795 4803 
f 4803 4797 4808 
f 4808 4797 4809 
f 4797 2059 4809 
f 4809 2060 4810 
f 4809 2059 2060 
f 4810 2060 2061 
f 2061 2060 2058 
f 2593 4804 4811 
f 4812 4798 4805 
f 4811 4804 4812 
f 4812 4804 4798 
f 4805 4799 4813 
f 4799 4800 4813 
f 4813 4800 4806 
f 4806 4801 4814 
f 4814 4801 4807 
f 4807 4802 4815 
f 4802 4803 4815 
f 4808 4809 4810 
f 2593 4811 2592 
f 4812 4805 4816 
f 4816 4805 4817 
f 4817 4805 4813 
f 4813 4806 4818 
f 4818 4806 4814 
f 4814 4807 4819 
f 4819 4807 4820 
f 4807 4815 4820 
f 4815 4803 4821 
f 4821 4803 4822 
f 4803 4808 4822 
f 4822 4808 4823 
f 4808 4810 4823 
f 2592 4811 4824 
f 4824 4811 4825 
f 4825 4811 4812 
f 4825 4812 4816 
f 4816 4817 4826 
f 4826 4817 4827 
f 4817 4813 4827 
f 4827 4813 4828 
f 4813 4818 4828 
f 4828 4818 4829 
f 4818 4814 4829 
f 4829 4814 4830 
f 4814 4819 4830 
f 4830 4819 4831 
f 4819 4820 4831 
f 4831 4820 4832 
f 4820 4815 4832 
f 4832 4815 4833 
f 4815 4821 4833 
f 4833 4821 4834 
f 4821 4822 4834 
f 4834 4822 4835 
f 4822 4823 4835 
f 4823 4810 4835 
f 2592 4824 4836 
f 4837 4824 4825 
f 4837 4825 4838 
f 4825 4816 4838 
f 4838 4816 4839 
f 4816 4826 4839 
f 4839 4826 4840 
f 4826 4827 4840 
f 4840 4827 4841 
f 4827 4828 4841 
f 4841 4828 4842 
f 4828 4829 4842 
f 4842 4829 4843 
f 4829 4830 4843 
f 4843 4830 4844 
f 4830 4831 4844 
f 4844 4831 4845 
f 4831 4832 4845 
f 4845 4832 4846 
f 4832 4833 4846 
f 4846 4833 4847 
f 4833 4834 4847 
f 4847 4834 4848 
f 4834 4835 4848 
f 4836 4824 4849 
f 4849 4824 4837 
f 4838 4839 4850 
f 4839 4840 4850 
f 4850 4840 4851 
f 4840 4841 4851 
f 4851 4841 4852 
f 4841 4842 4852 
f 4852 4842 4853 
f 4842 4843 4853 
f 4853 4843 4854 
f 4843 4844 4854 
f 4854 4844 4855 
f 4844 4845 4855 
f 4855 4845 4856 
f 4845 4846 4856 
f 4856 4846 4857 
f 4846 4847 4857 
f 4857 4847 4858 
f 4847 4848 4858 
f 4858 4848 4859 
f 4848 4835 4859 
f 4860 4836 4849 
f 4849 4837 4861 
f 4861 4837 4862 
f 4837 4838 4862 
f 4862 4838 4863 
f 4838 4850 4863 
f 4863 4850 4864 
f 4850 4851 4864 
f 4864 4851 4865 
f 4851 4852 4865 
f 4865 4852 4866 
f 4852 4853 4866 
f 4866 4853 4867 
f 4853 4854 4867 
f 4867 4854 4868 
f 4854 4855 4868 
f 4868 4855 4869 
f 4855 4856 4869 
f 4869 4856 4870 
f 4856 4857 4870 
f 4870 4857 4871 
f 4857 4858 4871 
f 4871 4858 4756 
f 4858 4859 4756 
f 4836 4860 2589 
f 4860 4849 4861 
f 4861 4862 4872 
f 4872 4862 4873 
f 4862 4863 4873 
f 4873 4863 4874 
f 4863 4864 4874 
f 4874 4864 4875 
f 4864 4865 4875 
f 4875 4865 4876 
f 4865 4866 4876 
f 4876 4866 4877 
f 4866 4867 4877 
f 4877 4867 4878 
f 4867 4868 4878 
f 4878 4868 4879 
f 4868 4869 4879 
f 4879 4869 4880 
f 4869 4870 4880 
f 4880 4870 4881 
f 4870 4871 4881 
f 4881 4871 4756 
f 2589 4860 4882 
f 4882 4860 4883 
f 4883 4860 4884 
f 4860 4861 4884 
f 4884 4861 4885 
f 4861 4872 4885 
f 4885 4872 4886 
f 4872 4873 4886 
f 4886 4873 4887 
f 4873 4874 4887 
f 4887 4874 4888 
f 4874 4875 4888 
f 4888 4875 4889 
f 4875 4876 4889 
f 4889 4876 4890 
f 4876 4877 4890 
f 4890 4877 4891 
f 4877 4878 4891 
f 4891 4878 4892 
f 4878 4879 4892 
f 4892 4879 4893 
f 4879 4880 4893 
f 4893 4880 4894 
f 4880 4881 4894 
f 4894 4881 4895 
f 4881 4756 4895 
f 4896 4882 4883 
f 4884 4885 4897 
f 4897 4885 4898 
f 4885 4886 4898 
f 4898 4886 4899 
f 4886 4887 4899 
f 4899 4887 4900 
f 4887 4888 4900 
f 4900 4888 4901 
f 4888 4889 4901 
f 4901 4889 4902 
f 4889 4890 4902 
f 4902 4890 4903 
f 4890 4891 4903 
f 4903 4891 4904 
f 4891 4892 4904 
f 4904 4892 4905 
f 4892 4893 4905 
f 4905 4893 4906 
f 4893 4894 4906 
f 4906 4894 4757 
f 4894 4895 4757 
f 2587 4896 4907 
f 4882 4896 2587 
f 4908 4896 4883 
f 4883 4884 4908 
f 4908 4884 4909 
f 4884 4897 4909 
f 4909 4897 4910 
f 4897 4898 4910 
f 4910 4898 4911 
f 4898 4899 4911 
f 4911 4899 4912 
f 4899 4900 4912 
f 4912 4900 4913 
f 4900 4901 4913 
f 4913 4901 4914 
f 4901 4902 4914 
f 4914 4902 4915 
f 4902 4903 4915 
f 4915 4903 4916 
f 4903 4904 4916 
f 4916 4904 4917 
f 4904 4905 4917 
f 4917 4905 4918 
f 4905 4906 4918 
f 4918 4906 4757 
f 4908 4919 4896 
f 4919 4907 4896 
f 4908 4909 4920 
f 4920 4909 4921 
f 4909 4910 4921 
f 4921 4910 4922 
f 4910 4911 4922 
f 4922 4911 4923 
f 4911 4912 4923 
f 4923 4912 4924 
f 4912 4913 4924 
f 4924 4913 4925 
f 4913 4914 4925 
f 4925 4914 4926 
f 4914 4915 4926 
f 4926 4915 4927 
f 4915 4916 4927 
f 4927 4916 4928 
f 4916 4917 4928 
f 4928 4917 4929 
f 4917 4918 4929 
f 4929 4918 4758 
f 4918 4757 4758 
f 4919 4908 4930 
f 4930 4908 4931 
f 4908 4920 4931 
f 4931 4920 4932 
f 4920 4921 4932 
f 4932 4921 4933 
f 4921 4922 4933 
f 4933 4922 4934 
f 4922 4923 4934 
f 4934 4923 4935 
f 4923 4924 4935 
f 4935 4924 4936 
f 4924 4925 4936 
f 4936 4925 4937 
f 4925 4926 4937 
f 4937 4926 4938 
f 4926 4927 4938 
f 4938 4927 4939 
f 4927 4928 4939 
f 4939 4928 4940 
f 4928 4929 4940 
f 4940 4929 4758 
f 2586 4907 4941 
f 4930 4941 4919 
f 4941 4907 4919 
f 4930 4931 4942 
f 4942 4931 4943 
f 4931 4932 4943 
f 4943 4932 4944 
f 4932 4933 4944 
f 4944 4933 4945 
f 4933 4934 4945 
f 4945 4934 4946 
f 4934 4935 4946 
f 4946 4935 4947 
f 4935 4936 4947 
f 4947 4936 4948 
f 4936 4937 4948 
f 4948 4937 4949 
f 4937 4938 4949 
f 4949 4938 4950 
f 4938 4939 4950 
f 4950 4939 4951 
f 4939 4940 4951 
f 4951 4940 4759 
f 4940 4758 4759 
f 2586 4941 4952 
f 4941 4930 4953 
f 4953 4930 4954 
f 4930 4942 4954 
f 4954 4942 4955 
f 4942 4943 4955 
f 4955 4943 4956 
f 4943 4944 4956 
f 4956 4944 4957 
f 4944 4945 4957 
f 4957 4945 4958 
f 4945 4946 4958 
f 4958 4946 4959 
f 4946 4947 4959 
f 4959 4947 4960 
f 4947 4948 4960 
f 4960 4948 4961 
f 4948 4949 4961 
f 4961 4949 4962 
f 4949 4950 4962 
f 4962 4950 4963 
f 4950 4951 4963 
f 4963 4951 4759 
f 2585 4952 4964 
f 4965 4941 4953 
f 4964 4952 4965 
f 4965 4952 4941 
f 4965 4953 4966 
f 4966 4953 4967 
f 4953 4954 4967 
f 4967 4954 4968 
f 4954 4955 4968 
f 4968 4955 4969 
f 4955 4956 4969 
f 4969 4956 4970 
f 4956 4957 4970 
f 4970 4957 4971 
f 4957 4958 4971 
f 4971 4958 4972 
f 4958 4959 4972 
f 4972 4959 4973 
f 4959 4960 4973 
f 4973 4960 4974 
f 4960 4961 4974 
f 4974 4961 4975 
f 4961 4962 4975 
f 4975 4962 4976 
f 4962 4963 4976 
f 4976 4963 4977 
f 4963 4759 4977 
f 4966 4967 4978 
f 4978 4967 4979 
f 4967 4968 4979 
f 4979 4968 4980 
f 4968 4969 4980 
f 4980 4969 4981 
f 4969 4970 4981 
f 4981 4970 4982 
f 4970 4971 4982 
f 4982 4971 4983 
f 4971 4972 4983 
f 4983 4972 4984 
f 4972 4973 4984 
f 4984 4973 4985 
f 4973 4974 4985 
f 4985 4974 4986 
f 4974 4975 4986 
f 4986 4975 4987 
f 4975 4976 4987 
f 4987 4976 4988 
f 4976 4977 4988 
f 2585 4964 4989 
f 4990 4965 4991 
f 4989 4964 4990 
f 4990 4964 4965 
f 4965 4966 4991 
f 4991 4966 4992 
f 4966 4978 4992 
f 4992 4978 4993 
f 4978 4979 4993 
f 4993 4979 4994 
f 4979 4980 4994 
f 4994 4980 4995 
f 4980 4981 4995 
f 4995 4981 4996 
f 4981 4982 4996 
f 4996 4982 4997 
f 4982 4983 4997 
f 4997 4983 4998 
f 4983 4984 4998 
f 4998 4984 4999 
f 4984 4985 4999 
f 4999 4985 5000 
f 4985 4986 5000 
f 5000 4986 5001 
f 4986 4987 5001 
f 5001 4987 4988 
f 5002 4989 5003 
f 5003 4989 4990 
f 5003 4990 5004 
f 4990 4991 5004 
f 5004 4991 5005 
f 4991 4992 5005 
f 5005 4992 5006 
f 4992 4993 5006 
f 5006 4993 5007 
f 4993 4994 5007 
f 5007 4994 5008 
f 4994 4995 5008 
f 5008 4995 5009 
f 4995 4996 5009 
f 4996 4997 5009 
f 5009 4997 4998 
f 5010 4999 5000 
f 4998 4999 5010 
f 5011 4988 4788 
f 5012 5002 5003 
f 5012 5003 5013 
f 5003 5004 5013 
f 5013 5004 5014 
f 5004 5005 5014 
f 5014 5005 5015 
f 5005 5006 5015 
f 5015 5006 5016 
f 5006 5007 5016 
f 5016 5007 5017 
f 5007 5008 5017 
f 5017 5008 5018 
f 5008 5009 5018 
f 5009 5019 5020 
f 5009 4998 5019 
f 5021 5022 5012 
f 5022 5002 5012 
f 5021 5012 5013 
f 5013 5014 5023 
f 5023 5014 5024 
f 5014 5015 5024 
f 5024 5015 5025 
f 5015 5016 5025 
f 5025 5016 5026 
f 5016 5017 5026 
f 5002 5022 2583 
f 5021 5013 5027 
f 5027 5013 5028 
f 5013 5023 5028 
f 5023 5024 5028 
f 5028 5024 5025 
f 5025 5029 5030 
f 5025 5026 5029 
f 5031 5022 5032 
f 2583 5022 5031 
f 5033 5034 5022 
f 5033 5022 5021 
f 5032 5022 5034 
f 5021 5027 5033 
f 5033 5027 5035 
f 5027 5028 5035 
f 5028 5025 5036 
f 5033 5035 5037 
f 5037 5035 5038 
f 5035 5028 5038 
f 5038 5028 5036 
f 2547 5032 5039 
f 5039 5032 5040 
f 5040 5032 5034 
f 5040 5034 5041 
f 5034 5033 5041 
f 5041 5033 5037 
f 2547 5039 5042 
f 5041 5037 5043 
f 5037 5038 5043 
f 5043 5044 5045 
f 5043 5038 5044 
f 5046 5039 5040 
f 5046 5040 5047 
f 5040 5041 5047 
f 5047 5041 5048 
f 5041 5043 5048 
f 5048 5045 5049 
f 5048 5043 5045 
f 5042 5039 5046 
f 5050 5046 5047 
f 5048 5049 5051 
f 5051 5049 5052 
f 5046 5050 5053 
f 5042 5046 5053 
f 2104 2594 4789 
f 2116 2104 4804 
f 2129 2116 4804 
f 2591 2592 4836 
f 2590 2591 4836 
f 2589 2590 4836 
f 2588 2589 4882 
f 2586 2587 4907 
f 2394 2586 4952 
f 2450 2585 4989 
f 2469 2450 4989 
f 2584 2469 5002 
f 2583 2584 5002 
f 2582 2583 5031 
f 2528 2582 2547 
f 2581 2547 5054 
f 2648 2687 4791 
f 2656 2655 2684 
f 2702 2699 2704 
f 2701 2702 2704 
f 2672 2697 2701 
f 4761 4762 4788 
f 4760 4761 4988 
f 4753 4755 4835 
f 4754 4753 4810 
f 2063 4754 2061 
f 5050 5047 5055 
f 5055 5048 5056 
f 5056 5048 5057 
f 5057 5048 5051 
f 5058 5052 5059 
f 5060 5061 5062 
f 5060 5052 5061 
f 5026 5018 5063 
f 5064 5001 5011 
f 2686 2661 4792 
f 4792 2661 2648 
f 4791 2687 2688 
f 2637 2672 2701 
f 4797 2701 2704 
f 4797 2056 2059 
f 2104 4789 4804 
f 2129 4804 2593 
f 4810 4753 4835 
f 4835 4755 4859 
f 4859 4755 4756 
f 4756 4708 4895 
f 4895 4708 4757 
f 2588 4882 2587 
f 2394 4952 2585 
f 4759 4760 4977 
f 4977 4760 4988 
f 5010 5000 5065 
f 5000 5001 5064 
f 5001 4988 5011 
f 2469 4989 5002 
f 5017 5018 5026 
f 5030 5029 5066 
f 5025 5030 5036 
f 2582 5031 5032 
f 5038 5036 5067 
f 2582 5032 2547 
f 5044 5038 5068 
f 2547 5042 5054 
f 5054 5042 5069 
f 5047 5048 5055 
f 5051 5052 5058 
f 5042 5053 5069 
f 4988 4761 4788 
f 2061 4754 4810 
f 5009 5020 5018 
f 1881 1875 5070 
f 5070 1875 5071 
f 5071 1875 5072 
f 5072 1875 1876 
f 5072 1876 5073 
f 5073 1876 5074 
f 5074 1876 1874 
f 5074 1874 5075 
f 5075 1874 5076 
f 5076 1874 1871 
f 5076 1871 5077 
f 5078 5077 1872 
f 5078 1872 5079 
f 5079 1872 1873 
f 5079 1873 5019 
f 5019 1873 5080 
f 5081 1873 1880 
f 4787 1881 4788 
f 4788 1881 5070 
f 5071 5072 5011 
f 5011 5072 5064 
f 5064 5072 5073 
f 5073 5074 5000 
f 5000 5074 5075 
f 5076 5077 5065 
f 5077 5078 5065 
f 5065 5078 5010 
f 5010 5078 5079 
f 5080 1873 5081 
f 5081 1880 5063 
f 5063 1879 5082 
f 5066 5082 1879 
f 1879 1864 5066 
f 5066 1864 5030 
f 5068 5083 1882 
f 5084 1853 5085 
f 5085 1853 5086 
f 5061 5086 1851 
f 5087 1851 5088 
f 5089 5083 5038 
f 1882 5090 5044 
f 5068 1882 5044 
f 1850 1842 1841 
f 1853 1851 5086 
f 1882 1853 5084 
f 1880 1879 5063 
f 1871 1872 5077 
f 1877 1867 4786 
f 5011 4788 5070 
f 5065 5000 5076 
f 4998 5010 5079 
f 5020 5019 5080 
f 5018 5020 5081 
f 5063 5018 5081 
f 5029 5026 5082 
f 5036 5030 1864 
f 5038 5067 5089 
f 5045 5044 5090 
f 5049 5045 5084 
f 5052 5049 5085 
f 5061 5052 5086 
f 5087 5062 1851 
f 4787 1867 1881 
f 5088 1850 1841 
f 5011 5070 5071 
f 5000 5064 5073 
f 5000 5075 5076 
f 4998 5079 5019 
f 5020 5080 5081 
f 5026 5063 5082 
f 5029 5082 5066 
f 5036 1864 1863 
f 5091 5089 5067 
f 5089 5091 1860 
f 5089 1860 5083 
f 5083 1860 1882 
f 5084 5045 5090 
f 5049 5084 5085 
f 5052 5085 5086 
f 5067 5036 5091 
f 5083 5068 5038 
f 1850 5088 1851 
f 5090 1882 5084 
f 1863 1860 5091 
f 4786 1867 4787 
f 5036 1863 5091 
f 5062 5061 1851 
f 1840 5092 1841 
f 5087 5092 5093 
f 5093 5092 1840 
f 1819 1821 1840 
f 5087 5088 5092 
f 5093 1840 1821 
f 5093 5094 5087 
f 5092 5088 1841 
f 5095 5096 5097 
f 5098 5087 5094 
f 5098 5099 5100 
f 5060 5062 5098 
f 5098 5062 5087 
f 5060 5098 5052 
f 5052 5098 5059 
f 5098 5100 5059 
f 5059 5100 5058 
f 5100 5101 5058 
f 5058 5101 5057 
f 5101 5102 5057 
f 5102 5103 5057 
f 5057 5103 5056 
f 5103 5104 5056 
f 5056 5104 5055 
f 5104 5105 5055 
f 5055 5105 5106 
f 259 260 323 
f 1132 263 266 
f 260 258 322 
f 5107 262 264 
f 5108 5109 5053 
f 5053 5109 5069 
f 5109 5110 5069 
f 5069 5110 5111 
f 5110 5112 5111 
f 5111 5112 5096 
f 5050 5055 5106 
f 5053 5050 5108 
f 5054 5069 5111 
f 2561 2581 5113 
f 5114 5115 5097 
f 5097 5109 5116 
f 5116 5109 5117 
f 5117 5108 5118 
f 5118 5106 5105 
f 5103 5119 5105 
f 5119 5101 5120 
f 5120 5100 5099 
f 5098 5094 5099 
f 5095 5097 5115 
f 5097 5096 5112 
f 5101 5100 5120 
f 5102 5101 5119 
f 5102 5119 5103 
f 5104 5103 5105 
f 5108 5106 5118 
f 5109 5108 5117 
f 5110 5109 5097 
f 5112 5110 5097 
f 5051 5058 5057 
f 5050 5106 5108 
f 5054 5111 5096 
f 5096 5095 5113 
f 5054 5096 2581 
f 2581 5096 5113 
f 5121 5122 5123 
f 260 257 258 
f 322 258 5107 
f 5124 5125 2577 
f 5124 2577 5126 
f 5127 5126 2578 
f 5127 2578 5128 
f 5129 5128 5130 
f 5129 5130 5131 
f 5132 5131 2579 
f 5132 2579 5133 
f 5134 5135 2580 
f 5134 2580 5136 
f 5136 2580 5137 
f 5137 5113 5115 
f 5138 5122 5121 
f 5123 5139 5140 
f 5140 5139 5141 
f 5139 5125 5141 
f 5141 5125 5124 
f 5124 5126 5142 
f 5142 5126 5127 
f 5127 5128 5143 
f 5143 5128 5129 
f 5129 5131 5144 
f 5144 5131 5132 
f 5132 5133 5145 
f 5145 5133 5146 
f 5133 5147 5146 
f 5146 5147 5148 
f 5147 5149 5148 
f 5149 5150 5148 
f 5148 5150 5151 
f 5150 5152 5151 
f 5152 5153 5151 
f 5151 5153 5154 
f 5153 5135 5154 
f 5154 5135 5134 
f 5136 5137 5114 
f 5114 5137 5115 
f 2580 2561 5137 
f 2559 2560 5135 
f 2558 2559 5153 
f 2557 2558 5149 
f 2556 2557 5147 
f 2555 2556 5133 
f 2554 2579 5131 
f 2553 2554 5130 
f 2552 2553 5128 
f 2577 2578 5126 
f 2551 2577 5125 
f 2550 2551 5139 
f 2549 2550 5123 
f 2548 2549 5123 
f 2561 5113 5137 
f 5121 5123 5155 
f 5155 5123 5140 
f 5140 5141 5156 
f 5156 5124 5142 
f 5142 5127 5143 
f 5143 5129 5157 
f 5157 5129 5144 
f 5144 5132 5158 
f 5158 5132 5159 
f 5160 5134 5161 
f 5161 5136 5114 
f 5122 2548 5123 
f 5123 2550 5139 
f 5139 2551 5125 
f 2578 2552 5128 
f 5128 2553 5130 
f 5130 2554 5131 
f 2579 2555 5133 
f 5133 2556 5147 
f 5147 2557 5149 
f 5149 2558 5150 
f 5150 2558 5152 
f 5152 2558 5153 
f 5153 2559 5135 
f 5135 2560 2580 
f 5113 5095 5115 
f 5141 5124 5156 
f 5132 5145 5159 
f 5145 5146 5159 
f 5154 5134 5160 
f 5134 5136 5161 
f 5162 5163 5164 
f 5162 5164 5165 
f 5166 5165 2373 
f 5166 2373 5167 
f 5167 2373 2397 
f 5167 2397 5168 
f 5168 2397 2396 
f 5168 2396 5169 
f 5169 2396 5170 
f 5170 2396 5171 
f 5171 2396 5172 
f 5173 5172 2451 
f 5173 2451 5174 
f 5175 5174 2478 
f 5175 2478 5176 
f 5177 5178 2496 
f 5177 2496 2601 
f 5179 2601 2570 
f 5179 2570 5180 
f 5180 2570 5181 
f 5182 5183 2572 
f 5182 2572 5184 
f 5184 2572 2573 
f 5184 2573 5185 
f 5185 2573 2574 
f 5185 2574 5186 
f 5186 2574 2575 
f 5186 2575 5187 
f 5188 5187 2576 
f 5162 5165 5166 
f 5171 5172 5189 
f 5189 5172 5173 
f 5173 5174 5190 
f 5190 5174 5175 
f 5175 5176 5191 
f 5191 5176 5192 
f 5176 5178 5192 
f 5178 5177 5192 
f 5192 5177 5193 
f 5193 5177 5194 
f 5177 2601 5194 
f 5194 2601 5179 
f 5180 5181 5195 
f 5195 5181 5196 
f 5181 5197 5196 
f 5196 5197 5198 
f 5197 5199 5198 
f 5198 5199 5200 
f 5199 5201 5200 
f 5201 5202 5200 
f 5200 5202 5203 
f 5202 5183 5203 
f 5203 5183 5182 
f 5182 5184 5204 
f 5204 5184 5185 
f 5186 5187 5205 
f 5205 5187 5188 
f 5163 5162 5206 
f 2576 2548 5122 
f 2575 2562 5187 
f 2571 2572 5183 
f 2539 2571 5201 
f 2529 2539 5197 
f 2530 2529 5181 
f 2508 2570 2601 
f 2495 2601 2496 
f 2478 2496 5178 
f 2322 2373 5165 
f 2323 2322 5165 
f 5122 5138 5188 
f 5207 5167 5208 
f 5208 5169 5209 
f 5209 5171 5189 
f 5210 5190 5211 
f 5211 5175 5212 
f 5212 5191 5213 
f 5214 5194 5179 
f 5215 5180 5195 
f 5216 5182 5204 
f 5204 5185 5205 
f 5188 5138 5217 
f 5164 2323 5165 
f 2396 2438 5172 
f 5172 2438 2451 
f 5174 2451 2478 
f 5176 2478 5178 
f 2570 2530 5181 
f 5181 2529 5197 
f 5197 2539 5199 
f 5199 2539 5201 
f 5201 2571 5202 
f 5202 2571 5183 
f 5122 5188 2576 
f 5187 2562 2576 
f 5162 5166 5207 
f 5166 5167 5207 
f 5167 5168 5208 
f 5168 5169 5208 
f 5169 5170 5209 
f 5170 5171 5209 
f 5189 5173 5210 
f 5173 5190 5210 
f 5190 5175 5211 
f 5175 5191 5212 
f 5191 5192 5213 
f 5193 5194 5214 
f 5179 5180 5215 
f 5203 5182 5216 
f 5185 5186 5205 
f 5205 5188 5217 
f 5163 5206 5218 
f 5205 5217 5219 
f 5204 5205 5220 
f 5216 5204 5221 
f 5200 5203 5222 
f 5198 5200 5223 
f 5196 5198 5224 
f 5195 5196 5225 
f 5215 5195 5226 
f 5179 5215 5227 
f 5193 5214 5228 
f 5192 5193 5229 
f 5212 5213 5230 
f 5210 5211 5231 
f 5189 5210 5232 
f 5209 5189 5233 
f 5208 5209 5234 
f 5207 5208 5235 
f 5162 5207 5236 
f 5206 5162 5237 
f 5218 5237 5238 
f 5162 5236 5237 
f 5207 5239 5236 
f 5207 5235 5239 
f 5208 5240 5235 
f 5208 5234 5240 
f 5209 5241 5234 
f 5209 5233 5241 
f 5189 5232 5233 
f 5210 5242 5232 
f 5210 5231 5242 
f 5211 5212 5231 
f 5192 5229 5213 
f 5193 5228 5229 
f 5179 5243 5214 
f 5179 5227 5243 
f 5215 5226 5227 
f 5195 5225 5226 
f 5196 5224 5225 
f 5198 5244 5224 
f 5198 5223 5244 
f 5200 5222 5223 
f 5203 5216 5222 
f 5204 5245 5221 
f 5204 5220 5245 
f 5205 5219 5220 
f 5219 5217 5246 
f 5246 5155 5247 
f 5246 5138 5155 
f 5217 5138 5246 
f 5206 5237 5218 
f 5218 5238 5248 
f 5248 5238 5249 
f 2299 2323 5164 
f 5164 5163 5250 
f 5218 5248 5163 
f 2299 5164 5250 
f 5250 5251 2271 
f 5252 5253 2070 
f 5254 2563 2564 
f 5254 2564 5255 
f 5255 2564 2565 
f 5255 2565 5256 
f 5257 2567 2568 
f 5258 5259 2130 
f 5258 2130 5260 
f 5261 5262 2170 
f 5261 2170 5263 
f 5264 5263 2197 
f 5264 2197 5265 
f 5266 5267 2569 
f 5266 2569 5268 
f 5253 5252 5269 
f 5269 5252 2563 
f 5255 5256 5270 
f 5270 5256 5271 
f 5256 2567 5271 
f 5271 2567 5257 
f 5257 2568 5272 
f 5272 2568 5273 
f 2568 5274 5273 
f 5273 5274 5275 
f 5275 5274 5276 
f 5276 5259 5277 
f 5277 5259 5278 
f 5278 5259 5258 
f 5258 5260 5279 
f 5279 5260 5280 
f 5260 5281 5280 
f 5280 5281 5282 
f 5281 5262 5282 
f 5282 5262 5283 
f 5262 5261 5283 
f 5283 5261 5284 
f 5261 5263 5284 
f 5284 5263 5285 
f 5285 5263 5264 
f 5264 5265 5286 
f 5286 5265 5287 
f 5265 5267 5287 
f 5287 5267 5288 
f 5267 5266 5288 
f 5266 5268 5288 
f 5268 5289 5288 
f 5268 5290 5289 
f 5289 5290 5291 
f 5290 5292 5291 
f 5291 5292 2600 
f 5293 5251 5294 
f 5293 2600 5251 
f 5294 5251 5163 
f 5251 5250 5163 
f 2272 2271 2600 
f 2235 2234 5292 
f 2199 2235 5268 
f 2569 2199 5268 
f 2197 2569 5267 
f 2169 2197 5263 
f 2170 2169 5263 
f 2140 2159 5262 
f 2132 2140 5281 
f 2130 2132 5260 
f 2118 2130 5259 
f 2107 2118 5274 
f 2568 2107 5274 
f 2565 2566 5256 
f 2070 2563 5252 
f 2072 2070 2607 
f 2606 2607 5295 
f 5295 5253 5269 
f 5296 5254 5297 
f 5271 5257 5298 
f 5298 5257 5299 
f 5107 258 262 
f 5299 5272 5273 
f 5300 5273 5275 
f 5277 5278 5301 
f 5301 5258 5302 
f 5302 5279 5280 
f 5303 5282 5283 
f 5304 5284 5285 
f 5305 5285 5306 
f 5306 5264 5307 
f 5307 5264 5286 
f 5286 5287 5308 
f 5291 2600 5293 
f 5309 5293 5294 
f 5163 5248 5294 
f 2299 5250 2271 
f 2271 5251 2600 
f 5253 2607 2070 
f 5256 2566 2567 
f 5274 2118 5276 
f 5276 2118 5259 
f 5260 2132 5281 
f 5281 2140 5262 
f 5262 2159 2170 
f 5265 2197 5267 
f 5268 2235 5290 
f 5290 2235 5292 
f 5292 2234 2600 
f 5269 2563 5296 
f 2563 5254 5296 
f 5254 5255 5297 
f 5255 5270 5297 
f 5257 5272 5299 
f 5275 5276 5310 
f 5278 5258 5301 
f 5258 5279 5302 
f 5285 5264 5306 
f 5289 5291 5311 
f 2607 5253 5295 
f 5248 5249 5312 
f 172 163 173 
f 5291 5293 5313 
f 5311 5291 5314 
f 5288 5289 5315 
f 5287 5288 5316 
f 5308 5287 5317 
f 5307 5286 5318 
f 5285 5305 5319 
f 5304 5285 5320 
f 5283 5284 5321 
f 5303 5283 5322 
f 5280 5282 5323 
f 5302 5280 5324 
f 5277 5301 5325 
f 5276 5277 5326 
f 5310 5276 5327 
f 5300 5275 5328 
f 5273 5300 5329 
f 5299 5273 5330 
f 5270 5271 5331 
f 5297 5270 5332 
f 5296 5297 5333 
f 5269 5296 5334 
f 5295 5269 5335 
f 5336 5295 5337 
f 5295 5335 5337 
f 5269 5338 5335 
f 5269 5334 5338 
f 5296 5339 5334 
f 5296 5340 5339 
f 5296 5333 5340 
f 5297 5341 5342 
f 5297 5332 5341 
f 5270 5343 5332 
f 5270 5331 5343 
f 5271 5344 5331 
f 5271 5298 5344 
f 5273 5329 5330 
f 5275 5345 5328 
f 5275 5310 5345 
f 5310 5327 5346 
f 5276 5347 5327 
f 5276 5326 5347 
f 5277 5348 5326 
f 5277 5325 5348 
f 171 167 160 
f 169 164 166 
f 5280 5349 5324 
f 5280 5323 5349 
f 5282 5303 5323 
f 5283 5350 5322 
f 5283 5321 5350 
f 5284 5304 5321 
f 5285 5319 5320 
f 5287 5351 5317 
f 5287 5316 5351 
f 5288 5352 5316 
f 5288 5315 5352 
f 5289 5353 5315 
f 5289 5311 5353 
f 1123 257 259 
f 5291 5313 5314 
f 5293 5309 5313 
f 5294 5354 5309 
f 5294 5312 5354 
f 5294 5248 5312 
f 5355 5356 5357 
f 5357 5356 5358 
f 5358 5359 5360 
f 5360 5359 5361 
f 2629 5357 2619 
f 5362 2628 5363 
f 5363 2628 5364 
f 2619 5357 5364 
f 5358 5360 5363 
f 5357 5358 5363 
f 5357 5363 5364 
f 5362 5363 5365 
f 5363 5360 5365 
f 5360 5361 5365 
f 5365 5361 5366 
f 5365 5366 5367 
f 5368 5369 5370 
f 5370 2668 2654 
f 5367 2608 5365 
f 5362 5365 2614 
f 2668 5370 5371 
f 5368 5370 2654 
f 5367 5369 2608 
f 5369 5368 2608 
f 2668 5371 2683 
f 5370 5372 5371 
f 5372 5373 5371 
f 5374 113 119 
f 5373 5375 5376 
f 5376 5375 5377 
f 5376 5378 2682 
f 5378 2680 2681 
f 2682 5378 2681 
f 2683 5371 2682 
f 5371 5373 5376 
f 5371 5376 2682 
f 5379 2657 2658 
f 5379 5380 5381 
f 5379 2658 5380 
f 5380 2658 5382 
f 2649 2662 2679 
f 2633 2606 5295 
f 2624 2626 2633 
f 2622 2632 5383 
f 2630 2622 5383 
f 2628 2619 5364 
f 2614 2628 5362 
f 2609 2611 5365 
f 2608 2609 5365 
f 2654 2634 5368 
f 2668 2670 2654 
f 2651 2682 2681 
f 2660 2647 5382 
f 2671 2673 2716 
f 2716 2673 2740 
f 2676 2677 2734 
f 5295 5336 2633 
f 5368 2634 2608 
f 5365 2611 2614 
f 2650 2683 2682 
f 2624 2633 2632 
f 2667 2680 2665 
f 2657 5379 5384 
f 2658 2660 5382 
f 2647 2679 5382 
f 5385 5386 5387 
f 5388 5389 5390 
f 5388 5391 5389 
f 5389 5391 5392 
f 5392 5391 5386 
f 5392 5386 5393 
f 5386 5385 5393 
f 5390 5389 5394 
f 5389 5392 5394 
f 5394 5392 2657 
f 5390 5394 2657 
f 2741 2677 2678 
f 5390 2657 5384 
f 2643 2657 5392 
f 2678 2643 5392 
f 2741 5385 5387 
f 5388 5390 5384 
f 5385 2741 5393 
f 5393 2678 5392 
f 2741 2678 5393 
f 5391 5387 5386 
f 1997 1996 5388 
f 1995 1992 5391 
f 1992 1993 5387 
f 1968 2741 5387 
f 5391 1992 5387 
f 1996 1995 5388 
f 1993 1968 5387 
f 1995 5391 5388 
f 2004 1998 5395 
f 1998 1997 5396 
f 1997 5388 5396 
f 2004 5395 5380 
f 5380 5395 5397 
f 5395 1998 5396 
f 5396 5388 5384 
f 446 182 324 
f 1123 254 257 
f 5381 5398 5379 
f 5379 5398 5384 
f 5381 5380 5399 
f 5395 5396 5398 
f 5397 5395 5381 
f 5380 5397 5399 
f 5381 5395 5398 
f 5396 5384 5398 
f 5397 5381 5399 
f 1678 1694 1680 
f 1694 2008 1685 
f 5400 2008 5401 
f 5400 5401 5402 
f 1694 1678 2008 
f 2007 5401 2008 
f 2004 5403 5401 
f 5404 2011 1710 
f 2011 1695 1710 
f 1678 1695 2011 
f 1710 1708 5404 
f 2012 5404 1707 
f 5404 2012 2013 
f 2012 1707 2019 
f 2021 2020 2019 
f 2021 2019 1702 
f 1801 1702 1799 
f 1702 1801 2763 
f 5405 5406 5407 
f 5405 5407 5408 
f 458 253 255 
f 1689 1690 2008 
f 1690 1691 2008 
f 1687 1685 1691 
f 1687 1692 1685 
f 1685 1693 1694 
f 1693 1683 1694 
f 1683 1682 1694 
f 1707 5404 1708 
f 1706 1704 1707 
f 1704 1703 2019 
f 2010 2009 2008 
f 2001 2006 2007 
f 2006 2000 5401 
f 2000 2005 2004 
f 2011 2010 1678 
f 2017 2019 2020 
f 2029 2026 2021 
f 2762 2754 5406 
f 2765 2029 2021 
f 2680 5378 2665 
f 5378 5376 5409 
f 5376 5377 5409 
f 251 249 429 
f 5382 2679 5410 
f 2679 2662 5411 
f 2662 2665 5409 
f 458 104 253 
f 5412 5403 5413 
f 1751 5408 1769 
f 2763 5414 5415 
f 5416 5415 5417 
f 1769 5408 5407 
f 5411 2662 5409 
f 5403 5412 5401 
f 5410 5411 5418 
f 2679 5411 5410 
f 5382 5410 5403 
f 1680 1679 1678 
f 1691 1685 2008 
f 2010 2008 1678 
f 5400 1689 2008 
f 2007 2006 5401 
f 5403 2004 5380 
f 2000 2004 5401 
f 5382 5403 5380 
f 1695 1697 1710 
f 1969 2011 5404 
f 1969 5404 2013 
f 1703 1702 2019 
f 2765 2021 1702 
f 2763 1801 5414 
f 5416 2763 5415 
f 5416 2754 2763 
f 5406 5416 1797 
f 5407 5406 1797 
f 2754 5416 5406 
f 5406 5405 5419 
f 1707 1704 2019 
f 2765 1702 2763 
f 2665 5378 5409 
f 1795 1793 5415 
f 1792 1790 5415 
f 1790 1797 5416 
f 1801 1800 1795 
f 1769 5407 1791 
f 5407 1797 1791 
f 5417 1790 5416 
f 428 250 252 
f 248 142 144 
f 1767 5420 5421 
f 1767 5421 5422 
f 1767 5422 5423 
f 1801 1795 5414 
f 1793 1792 5415 
f 1768 1767 5423 
f 1790 5417 5415 
f 5414 1795 5415 
f 5424 5425 5426 
f 5427 5424 5428 
f 5427 5428 5429 
f 5424 5426 5430 
f 5424 5430 5431 
f 5428 5424 5432 
f 5424 5431 5432 
f 5429 5428 5433 
f 5428 5432 5433 
f 5433 5432 5408 
f 5431 5430 5405 
f 5432 5431 5408 
f 5431 5405 5408 
f 2757 2758 5425 
f 2758 2749 5425 
f 2749 2759 5425 
f 2759 2760 5426 
f 2760 2750 5426 
f 2750 2761 5430 
f 2761 2751 5419 
f 2751 2762 5406 
f 5419 5405 5430 
f 5408 1751 1753 
f 1753 1768 5433 
f 1768 5423 5433 
f 5423 5422 5429 
f 5422 5421 5429 
f 5421 5420 5429 
f 5420 1767 5434 
f 5425 5424 5427 
f 5425 2759 5426 
f 5423 5429 5433 
f 5426 2750 5430 
f 5430 2761 5419 
f 2751 5406 5419 
f 5408 1753 5433 
f 71 5427 5435 
f 49 71 5435 
f 2892 5436 2887 
f 5436 5437 2887 
f 70 69 82 
f 71 2757 5427 
f 2901 34 5438 
f 34 2902 5439 
f 2902 5 5440 
f 5 2903 5441 
f 2903 64 5442 
f 50 19 2 
f 2757 5425 5427 
f 5429 5420 5435 
f 5420 5434 5435 
f 5435 5434 5443 
f 64 49 5444 
f 64 5444 5445 
f 64 5445 5446 
f 64 5446 5447 
f 5442 64 5447 
f 2903 5442 5448 
f 2903 5448 5449 
f 5441 2903 5449 
f 5 5441 5450 
f 5440 5 5450 
f 2902 5440 5451 
f 5439 2902 5451 
f 34 5439 5452 
f 34 5452 5453 
f 34 5453 5438 
f 5437 2890 2887 
f 5427 5429 5435 
f 49 5435 5443 
f 24 49 64 
f 2892 2901 5436 
f 5436 2901 5438 
f 5436 5438 5454 
f 2886 2887 2890 
f 48 71 49 
f 5441 5455 5450 
f 5450 5456 5457 
f 5442 5458 5448 
f 5445 5459 5460 
f 5459 5444 5461 
f 5459 5445 5444 
f 5461 5444 5443 
f 5443 5434 5462 
f 1767 1766 5434 
f 5446 5445 5458 
f 5447 5446 5458 
f 5440 5450 5457 
f 5451 5440 5457 
f 5439 5451 5463 
f 5452 5439 5464 
f 5452 5464 5465 
f 5436 5454 5466 
f 5437 5436 5467 
f 2891 2890 5468 
f 5468 2890 5469 
f 5467 5436 5470 
f 5436 5466 5470 
f 5454 5438 5453 
f 5464 5439 5463 
f 5463 5451 5471 
f 5455 5441 5449 
f 5449 5448 5472 
f 5458 5445 5460 
f 247 244 245 
f 5461 5473 5474 
f 5442 5447 5458 
f 300 248 144 
f 5459 5461 5475 
f 5444 49 5443 
f 5451 5457 5471 
f 304 5476 301 
f 317 5477 383 
f 335 334 241 
f 332 384 333 
f 310 1491 5478 
f 307 310 5478 
f 2882 2891 2889 
f 384 2888 2889 
f 301 302 304 
f 1459 244 246 
f 106 431 5479 
f 431 430 5480 
f 430 274 5481 
f 274 275 5482 
f 275 376 5483 
f 3663 280 5484 
f 285 288 5485 
f 289 291 5486 
f 432 106 5479 
f 291 374 5486 
f 5485 288 289 
f 5484 280 282 
f 376 3663 5484 
f 275 5483 5482 
f 274 5482 5481 
f 430 5481 5480 
f 431 5480 5479 
f 5487 374 373 
f 5487 373 5488 
f 374 5487 5486 
f 289 5486 5485 
f 5485 5489 285 
f 285 5490 375 
f 285 5489 5490 
f 375 5490 282 
f 282 5490 5484 
f 376 5491 5483 
f 376 5484 5491 
f 5486 5487 5492 
f 5485 5486 5493 
f 5486 5492 5493 
f 5485 5493 5489 
f 5480 5483 5494 
f 5483 5491 5494 
f 5480 5494 5479 
f 5487 5488 5495 
f 5487 5495 5496 
f 5489 5493 5497 
f 5490 5489 5498 
f 5489 5497 5498 
f 5490 5498 5499 
f 5490 5499 5500 
f 5490 5500 5484 
f 5500 5501 5484 
f 5484 5501 5491 
f 5494 5491 5502 
f 5491 5503 5502 
f 5479 5494 5504 
f 5487 5496 5492 
f 5493 5492 5505 
f 5493 5505 5497 
f 5491 5501 5506 
f 5491 5506 5503 
f 5494 5502 5504 
f 5492 5496 5507 
f 5502 5503 5508 
f 5502 5508 5504 
f 5509 5496 5510 
f 5495 5510 5496 
f 5496 5509 5507 
f 5492 5507 5511 
f 5492 5511 5505 
f 5499 5498 5512 
f 5499 5512 5500 
f 5504 5508 5513 
f 432 5479 5514 
f 5481 5482 5483 
f 5507 5509 5515 
f 5507 5516 5511 
f 5497 5505 5517 
f 5497 5517 5518 
f 5501 5512 5519 
f 5503 5519 5520 
f 5503 5520 5521 
f 5508 5521 5513 
f 5510 5522 5523 
f 5514 5479 5524 
f 5481 5483 5480 
f 5495 5488 5522 
f 5479 5504 5524 
f 5510 5495 5522 
f 5505 5511 5517 
f 5498 5497 5518 
f 5512 5498 5518 
f 5501 5500 5512 
f 5506 5501 5519 
f 5503 5506 5519 
f 5508 5503 5521 
f 5525 5526 1676 
f 5525 1676 5524 
f 5526 5527 1675 
f 1675 5528 1674 
f 1674 5528 5529 
f 5525 5524 5530 
f 5527 5526 5531 
f 1675 5527 5532 
f 5527 5531 5532 
f 5528 1675 5532 
f 5528 5532 5529 
f 5526 5525 5533 
f 5525 5530 5533 
f 5526 5533 5531 
f 5529 5532 5534 
f 5532 5531 5535 
f 5534 5532 5535 
f 5530 5536 5537 
f 5533 5530 5538 
f 5530 5537 5538 
f 5531 5533 5539 
f 5531 5539 5535 
f 5537 5536 5513 
f 5533 5538 5539 
f 5535 5539 5540 
f 5535 5540 5541 
f 1672 1673 5529 
f 1674 387 1675 
f 388 390 5526 
f 390 433 5526 
f 432 5514 1676 
f 5524 5504 5530 
f 5504 5513 5536 
f 5538 5542 5539 
f 5541 5543 5544 
f 5541 5544 5535 
f 1650 1672 5534 
f 5526 433 1676 
f 1676 5514 5524 
f 388 5526 1675 
f 1673 1674 5529 
f 5530 5504 5536 
f 5537 5513 5542 
f 5538 5537 5542 
f 1672 5529 5534 
f 5545 5546 5547 
f 5546 5545 5548 
f 5549 5550 5551 
f 5551 5550 5552 
f 5553 5554 5555 
f 5555 5554 5556 
f 5557 5558 5559 
f 5559 5558 5560 
f 5561 5562 5563 
f 5563 5562 5564 
f 335 241 1459 
f 5562 5565 5564 
f 5566 5567 5568 
f 240 236 242 
f 5566 5568 5544 
f 5569 5545 5547 
f 5545 5569 5570 
f 5548 5545 5571 
f 5545 5570 5571 
f 5572 5548 5573 
f 5548 5571 5573 
f 5549 5572 5574 
f 5572 5573 5574 
f 5550 5549 5575 
f 5549 5574 5575 
f 5552 5550 5576 
f 5550 5575 5576 
f 5577 5552 5578 
f 5552 5576 5578 
f 5579 5577 1666 
f 5577 5578 1666 
f 5580 5579 5581 
f 5579 1666 5581 
f 5582 5580 5583 
f 5580 5581 5583 
f 5584 5582 5585 
f 5582 5583 5585 
f 5586 5584 1663 
f 5584 5585 1663 
f 5587 5586 1662 
f 5586 1663 1662 
f 5588 5587 5589 
f 5587 1662 5589 
f 5590 5588 5591 
f 5588 5589 5591 
f 5592 5590 5593 
f 5590 5591 5593 
f 5594 5592 5595 
f 5592 5593 5595 
f 5553 5594 1659 
f 5594 5595 1659 
f 5554 5553 5596 
f 5553 1659 5596 
f 5556 5554 5597 
f 5554 5596 5597 
f 5557 5556 5598 
f 5556 5597 5598 
f 5558 5557 5599 
f 5557 5598 5599 
f 5560 5558 5600 
f 5558 5599 5600 
f 5601 5560 5602 
f 5560 5600 5602 
f 5561 5601 5603 
f 5601 5602 5603 
f 5562 5561 5604 
f 5561 5603 5604 
f 5564 5565 5567 
f 5562 5604 5565 
f 5567 5565 5568 
f 5544 5568 5534 
f 5569 1670 5570 
f 5570 1670 1669 
f 5570 1669 5571 
f 5573 5571 1668 
f 5573 1668 5574 
f 5575 5574 399 
f 5575 399 5576 
f 5583 5581 1665 
f 5585 5583 1664 
f 5583 1665 1664 
f 5585 1664 1663 
f 5589 1662 5605 
f 5591 5589 1660 
f 5589 5605 1660 
f 5591 1660 5593 
f 5595 5593 413 
f 5595 413 1659 
f 5596 1659 5606 
f 5597 5596 1658 
f 5596 5606 1658 
f 5598 5597 1657 
f 5597 1658 1657 
f 5599 5598 5607 
f 5598 1657 5607 
f 5600 5599 5608 
f 5599 5607 5608 
f 5602 5600 1655 
f 5600 5608 1655 
f 5602 1655 5603 
f 5604 5603 1654 
f 5604 1654 5609 
f 5565 5604 1653 
f 5604 5609 1653 
f 5568 1653 1652 
f 5565 1653 5568 
f 5534 5568 1651 
f 5568 1652 1651 
f 1670 395 1669 
f 1669 168 5571 
f 1668 170 5574 
f 399 1667 5576 
f 1667 401 5578 
f 401 403 5578 
f 1666 405 5581 
f 1662 1661 5605 
f 1661 409 1660 
f 1660 411 5593 
f 1659 415 5606 
f 415 416 5606 
f 416 436 1658 
f 1657 1656 5607 
f 1656 419 5608 
f 419 435 5608 
f 1655 420 5603 
f 420 421 5603 
f 1654 423 5609 
f 1650 5534 1651 
f 5544 5543 5566 
f 5566 5543 5610 
f 5567 5610 5564 
f 5561 5563 5611 
f 5601 5611 5559 
f 5557 5612 5613 
f 5556 5613 5555 
f 5594 5614 5615 
f 5592 5615 5616 
f 5587 5616 5617 
f 5584 5617 5618 
f 5582 5618 5619 
f 5582 5619 5620 
f 5579 5620 5621 
f 5552 5621 5551 
f 5572 5622 5548 
f 5623 5624 5547 
f 5547 5546 5623 
f 5567 5566 5610 
f 5572 5549 5622 
f 5549 5551 5622 
f 5552 5577 5621 
f 5577 5579 5621 
f 5579 5580 5620 
f 5580 5582 5620 
f 5582 5584 5618 
f 5584 5586 5617 
f 5586 5587 5617 
f 5587 5588 5616 
f 5588 5590 5616 
f 5590 5592 5616 
f 5592 5594 5615 
f 5594 5553 5614 
f 5553 5555 5614 
f 5556 5557 5613 
f 5557 5559 5612 
f 5560 5601 5559 
f 5601 5561 5611 
f 5535 5544 5534 
f 5571 168 1668 
f 5574 170 399 
f 5576 1667 5578 
f 5578 403 1666 
f 5581 405 1665 
f 1665 444 1664 
f 1663 445 1662 
f 5605 1661 1660 
f 5593 411 413 
f 5606 416 1658 
f 5607 1656 5608 
f 5608 435 1655 
f 5603 421 1654 
f 5609 423 1653 
f 5625 5626 5627 
f 5627 5628 5629 
f 5629 5628 5630 
f 5626 5631 5632 
f 5627 5626 5633 
f 5626 5632 5633 
f 5628 5627 5634 
f 5630 5628 5635 
f 5630 5635 5636 
f 5637 5636 5638 
f 5637 5638 5639 
f 5631 5640 5632 
f 5633 5632 5641 
f 5628 5634 5642 
f 5628 5642 5635 
f 5636 5635 5638 
f 5643 5639 5644 
f 5632 5640 5645 
f 5632 5645 5641 
f 5627 5633 5646 
f 5633 5641 5646 
f 5634 5627 5646 
f 5634 5646 5642 
f 5639 5638 5647 
f 5644 5639 5647 
f 5645 5640 5624 
f 5641 5645 5648 
f 5642 5646 5649 
f 5635 5642 5650 
f 5638 5635 5651 
f 5635 5650 5651 
f 5647 5638 5652 
f 5638 5653 5652 
f 5645 5624 5648 
f 5646 5641 5654 
f 5641 5648 5654 
f 5646 5654 5649 
f 5642 5649 5650 
f 5638 5651 5653 
f 394 1670 5631 
f 1670 5569 5640 
f 5569 5547 5640 
f 5547 5655 5640 
f 5654 5648 5656 
f 5650 5649 5656 
f 5657 5658 5659 
f 5659 5658 5660 
f 5643 5660 5661 
f 5639 5661 200 
f 5637 200 5662 
f 5637 5662 5663 
f 5627 5664 5665 
f 5626 5666 5667 
f 5631 5667 1671 
f 5647 5668 5669 
f 5631 5626 5667 
f 5626 5625 5666 
f 5625 5627 5670 
f 5627 5629 5664 
f 5630 5636 5663 
f 5636 5637 5663 
f 5637 5639 200 
f 5639 5643 5661 
f 5643 5659 5660 
f 5631 1670 5640 
f 5643 5644 5659 
f 5644 5647 5669 
f 5640 5655 5624 
f 5651 5650 5656 
f 5653 5651 5656 
f 5647 5652 5668 
f 394 5631 1671 
f 5657 5671 144 
f 144 5671 329 
f 329 5672 1459 
f 1459 5672 335 
f 335 5673 239 
f 5672 5674 335 
f 5675 5676 5677 
f 5677 5676 5678 
f 5679 5680 225 
f 225 5680 5681 
f 5671 5657 5659 
f 5671 5682 329 
f 5672 329 5683 
f 335 5674 5673 
f 5673 5684 5685 
f 238 235 236 
f 237 238 336 
f 5686 5678 5687 
f 5678 5676 5687 
f 5679 5686 5687 
f 5681 5680 5688 
f 337 338 235 
f 5681 5688 5689 
f 5682 5683 329 
f 5673 5674 5690 
f 5685 5684 5691 
f 5673 5690 5684 
f 5675 5691 5692 
f 5676 5675 5693 
f 5676 5693 5687 
f 5680 5679 5694 
f 5680 5694 5688 
f 5683 5682 5695 
f 5672 5683 5696 
f 5683 5695 5696 
f 5674 5672 5696 
f 5674 5696 5690 
f 5691 5684 5697 
f 5691 5697 5692 
f 5675 5692 5698 
f 5675 5698 5693 
f 5687 5693 5699 
f 5679 5687 5700 
f 5679 5700 5694 
f 5688 5694 5701 
f 5682 5671 5702 
f 5687 5699 5700 
f 5703 5702 5704 
f 5703 5704 5705 
f 5671 5704 5702 
f 5682 5702 5706 
f 5682 5706 5695 
f 5696 5695 5707 
f 5696 5707 5708 
f 5696 5708 5690 
f 5699 5693 5709 
f 5701 5694 5710 
f 5701 5710 5711 
f 5644 5669 5671 
f 5669 5668 5704 
f 5695 5706 5707 
f 5684 5712 5713 
f 5697 5714 5692 
f 5693 5714 5709 
f 5699 5709 5715 
f 5700 5715 5710 
f 5686 225 342 
f 5678 342 339 
f 5675 5677 337 
f 5685 337 237 
f 5673 237 239 
f 331 316 332 
f 5711 5716 5701 
f 239 240 335 
f 144 329 300 
f 329 1459 246 
f 5673 5685 237 
f 5685 5691 337 
f 5691 5675 337 
f 5677 5678 339 
f 5678 5686 342 
f 5686 5679 225 
f 5689 5688 5717 
f 5659 5644 5671 
f 5671 5669 5704 
f 5688 5701 5718 
f 5704 5668 5705 
f 5690 5708 5712 
f 5684 5690 5712 
f 5697 5684 5713 
f 5697 5713 5714 
f 5698 5692 5714 
f 5693 5698 5714 
f 249 102 104 
f 5700 5699 5715 
f 5694 5700 5710 
f 5711 5710 5719 
f 5720 5721 5722 
f 5723 5720 5724 
f 5725 5726 5727 
f 5716 5726 5718 
f 5724 5720 5728 
f 5729 5724 5730 
f 5724 5728 5730 
f 5731 5729 5732 
f 5729 5730 5732 
f 5733 5731 5734 
f 5731 5732 5734 
f 5725 5733 5735 
f 5733 5734 5735 
f 337 235 237 
f 5725 5735 5726 
f 339 340 230 
f 5726 5717 5718 
f 5736 5720 5737 
f 5720 5736 5738 
f 5720 5738 5728 
f 5726 5735 5739 
f 339 230 337 
f 5726 5739 5717 
f 5730 5728 259 
f 5728 5738 259 
f 5732 5730 5740 
f 5730 259 5740 
f 5734 5732 5741 
f 5732 5740 5741 
f 5734 5741 5735 
f 5736 5737 429 
f 341 224 228 
f 5688 5718 5717 
f 5718 5701 5716 
f 5725 5727 5742 
f 5733 5742 5743 
f 5731 5743 5744 
f 5724 5744 5723 
f 5736 429 5745 
f 5739 5746 4711 
f 5689 5717 272 
f 5721 5747 5722 
f 5721 5720 5723 
f 5726 5716 5727 
f 5724 5729 5744 
f 5729 5731 5744 
f 5731 5733 5743 
f 5733 5725 5742 
f 5720 5722 5737 
f 5738 5736 5745 
f 5741 5740 5107 
f 5739 5735 5746 
f 5717 5739 4711 
f 429 5737 5748 
f 5717 4711 269 
f 5727 5716 5742 
f 5749 1637 1636 
f 5750 5748 5751 
f 5748 5750 5752 
f 5752 5750 5753 
f 5754 5752 5749 
f 5750 5751 5755 
f 5750 5755 5753 
f 5749 5752 1646 
f 5752 5753 1646 
f 5755 5751 5722 
f 225 219 223 
f 5753 5755 5756 
f 1646 5753 5757 
f 5753 5756 5757 
f 5755 5722 5758 
f 342 227 339 
f 5755 5758 5759 
f 5755 5759 5756 
f 5757 5756 5760 
f 1646 5757 5760 
f 1648 1644 5760 
f 1644 1646 5760 
f 1647 1639 1646 
f 5748 5737 5751 
f 5737 5722 5751 
f 5756 5759 5760 
f 5754 1636 1635 
f 1628 1637 5749 
f 5749 1636 5754 
f 5748 5752 428 
f 1639 5749 1646 
f 302 298 303 
f 1639 1628 5749 
f 5758 5722 5747 
f 428 5752 427 
f 272 451 5689 
f 272 5717 269 
f 1132 319 5735 
f 264 1132 5741 
f 1105 5107 5740 
f 1123 259 5738 
f 255 1123 5738 
f 458 255 5745 
f 249 458 5745 
f 310 309 1491 
f 5745 255 5738 
f 259 1105 5740 
f 5107 264 5741 
f 5741 1132 5735 
f 5735 319 5746 
f 5754 1635 427 
f 428 252 5748 
f 5752 5754 427 
f 5748 252 429 
f 249 5745 429 
f 5746 319 4711 
f 451 343 5689 
f 343 220 5681 
f 339 337 5677 
f 165 192 347 
f 223 219 224 
f 5681 220 225 
f 5689 343 5681 
f 144 143 5658 
f 5657 144 5658 
f 143 140 5658 
f 140 439 5658 
f 439 437 5660 
f 437 438 5661 
f 438 179 5661 
f 5761 178 201 
f 199 457 200 
f 457 178 5662 
f 178 5761 5662 
f 5761 5762 5663 
f 5762 180 5663 
f 180 447 5663 
f 447 189 5663 
f 189 188 5630 
f 188 203 5629 
f 203 204 5629 
f 204 206 5664 
f 206 205 5664 
f 205 5763 5665 
f 5763 448 5665 
f 233 65 234 
f 448 212 5627 
f 212 450 5670 
f 450 209 5670 
f 209 449 5625 
f 449 186 5666 
f 186 452 5666 
f 452 213 5667 
f 213 5764 5667 
f 5764 5765 1671 
f 5765 176 1671 
f 176 392 1671 
f 5667 5764 1671 
f 5666 452 5667 
f 5625 449 5666 
f 5670 209 5625 
f 5627 212 5670 
f 5665 448 5627 
f 5664 205 5665 
f 5629 204 5664 
f 5630 188 5629 
f 5663 189 5630 
f 5662 5761 5663 
f 200 457 5662 
f 5661 179 200 
f 5660 437 5661 
f 5658 439 5660 
f 3664 5766 5767 
f 5768 5767 5769 
f 5768 3664 5767 
f 101 456 5766 
f 103 101 5766 
f 3664 103 5766 
f 3662 104 5768 
f 104 3664 5768 
f 5767 5766 5769 
f 343 344 218 
f 5770 5771 4062 
f 5771 3673 5772 
f 5771 5770 3673 
f 3673 5773 5774 
f 5774 5773 5775 
f 5775 5773 5776 
f 5776 5773 3676 
f 5775 5776 3677 
f 5776 3676 3677 
f 5775 5769 5777 
f 5775 3677 5769 
f 3677 3662 5768 
f 3674 3672 5770 
f 5769 5766 5777 
f 4062 5771 3784 
f 3784 5771 5772 
f 5772 3673 5774 
f 5778 5775 5777 
f 3678 5770 4062 
f 3678 3674 5770 
f 5770 3672 3673 
f 3673 3668 5773 
f 5773 3668 3676 
f 3676 3666 3677 
f 5768 5769 3677 
f 5779 5780 5781 
f 5779 5781 4064 
f 5782 4064 4058 
f 5782 4058 5783 
f 5784 5785 4059 
f 5784 4059 5786 
f 5787 5788 5789 
f 5789 3784 5790 
f 5791 5792 5793 
f 5791 5793 5794 
f 5795 5794 4054 
f 5795 4054 5796 
f 5797 5798 4055 
f 5797 4055 5799 
f 5800 5799 4056 
f 5801 5802 5803 
f 5801 5803 5804 
f 5804 5803 5780 
f 5780 5779 5805 
f 5805 5779 5806 
f 5779 4064 5806 
f 4064 5782 5806 
f 5806 5782 5807 
f 5782 5783 5807 
f 5807 5783 5808 
f 5783 5809 5808 
f 5809 5810 5808 
f 5808 5810 5811 
f 5810 5812 5811 
f 5811 5812 5813 
f 5812 5785 5813 
f 5785 5784 5813 
f 5813 5784 5814 
f 5784 5786 5814 
f 5814 5786 5815 
f 5786 5816 5815 
f 5816 5788 5815 
f 5815 5788 5787 
f 5789 5790 5817 
f 5787 5789 5817 
f 5792 5791 5818 
f 5791 5794 5819 
f 5819 5794 5795 
f 5795 5796 5820 
f 5796 5798 5820 
f 5820 5798 5797 
f 5797 5799 5821 
f 5821 5799 5800 
f 5800 4056 5822 
f 4056 5823 5822 
f 5822 5823 5824 
f 5823 5802 5824 
f 5824 5802 5801 
f 5804 5780 5825 
f 5825 5780 5805 
f 5805 5806 5826 
f 5826 5806 5807 
f 5807 5808 5827 
f 5827 5808 5828 
f 5828 5808 5829 
f 5808 5811 5829 
f 5811 5813 5829 
f 5813 5814 5830 
f 5814 5815 5830 
f 5815 5787 5831 
f 5831 5787 5817 
f 5818 5791 5819 
f 5819 5795 5832 
f 5832 5795 5820 
f 5820 5797 5833 
f 5833 5797 5821 
f 5821 5800 5834 
f 5834 5800 5835 
f 5800 5822 5835 
f 5835 5822 5836 
f 5836 5822 5824 
f 5824 5801 5837 
f 5837 5801 5838 
f 5801 5804 5838 
f 5804 5839 5840 
f 5804 5825 5839 
f 5825 5805 5839 
f 5839 5805 5841 
f 5805 5826 5841 
f 5826 5807 5842 
f 5842 5807 5827 
f 5829 5813 5843 
f 5813 5830 5843 
f 5830 5815 5844 
f 5815 5831 5844 
f 5831 5817 5845 
f 5818 5846 5847 
f 5846 5818 5848 
f 5818 5819 5848 
f 5848 5819 5832 
f 5832 5820 5849 
f 5820 5833 5850 
f 5833 5821 5851 
f 5851 5821 5834 
f 5836 5824 5852 
f 5852 5824 5837 
f 5804 5840 5838 
f 5839 5841 5853 
f 5841 5826 5853 
f 5853 5826 5842 
f 5842 5827 5854 
f 5854 5827 5855 
f 5827 5828 5855 
f 5855 5828 5856 
f 5828 5829 5856 
f 5856 5829 5857 
f 5829 5843 5857 
f 5843 5830 5858 
f 5858 5830 5859 
f 5830 5844 5859 
f 5844 5831 5860 
f 5831 5845 5778 
f 5860 5831 5778 
f 5848 5832 5861 
f 5861 5832 5849 
f 5850 5833 5862 
f 5862 5833 5851 
f 5851 5834 5863 
f 5863 5834 5864 
f 5834 5835 5864 
f 5864 5835 5865 
f 5835 5836 5865 
f 5865 5836 5852 
f 5852 5837 5866 
f 5866 5837 5867 
f 5837 5838 5867 
f 5867 5838 5840 
f 5840 5839 5868 
f 5868 5839 5853 
f 221 219 225 
f 5853 5842 5869 
f 5869 5842 5854 
f 5855 5856 5870 
f 5870 5856 5857 
f 5857 5843 5871 
f 5871 5843 5858 
f 5859 5844 5872 
f 5872 5844 5860 
f 5860 5778 5777 
f 4061 3784 5789 
f 4060 4061 5789 
f 3787 4060 5788 
f 3788 3787 5816 
f 3790 3788 5786 
f 3792 4059 5785 
f 3793 3792 5812 
f 3795 3793 5810 
f 3797 3795 5783 
f 4058 3797 5783 
f 3771 3801 5781 
f 3772 3771 5803 
f 4057 3772 5802 
f 3777 3776 5799 
f 4055 3777 5799 
f 3765 3807 5798 
f 4054 3765 5796 
f 4053 3761 5794 
f 3755 4053 5794 
f 3758 3755 5793 
f 5873 3758 5793 
f 5775 5778 5845 
f 5774 5775 5845 
f 5772 5774 5817 
f 3784 5772 5790 
f 5874 5846 5875 
f 5875 5848 5861 
f 5876 5849 5877 
f 5877 5820 5878 
f 5878 5850 5879 
f 5879 5850 5880 
f 5862 5851 5863 
f 5865 5852 5881 
f 5866 5867 5882 
f 5867 5840 5868 
f 225 226 342 
f 5883 5853 5869 
f 5869 5854 5884 
f 5884 5855 5885 
f 5885 5855 5870 
f 5870 5857 5871 
f 5871 5858 5886 
f 5886 5859 5872 
f 5873 5793 5792 
f 5792 5818 5887 
f 5887 5818 5888 
f 5847 5889 5888 
f 5781 3801 4064 
f 5781 5780 5803 
f 4064 3799 4058 
f 5783 3795 5809 
f 5809 3795 5810 
f 5810 3793 5812 
f 5812 3792 5785 
f 4059 3790 5786 
f 5786 3788 5816 
f 5816 3787 5788 
f 5788 4060 5789 
f 5793 3755 5794 
f 5794 3761 4054 
f 5796 3765 5798 
f 5798 3807 4055 
f 5799 3776 4056 
f 4056 4057 5823 
f 5823 4057 5802 
f 5802 3772 5803 
f 5790 5772 5817 
f 5817 5774 5845 
f 5818 5847 5888 
f 5847 5846 5874 
f 5846 5848 5875 
f 5861 5849 5876 
f 5849 5820 5877 
f 5820 5850 5878 
f 5850 5862 5880 
f 5852 5866 5881 
f 5854 5855 5884 
f 5858 5859 5886 
f 5872 5860 5890 
f 5860 5777 5890 
f 5777 5766 5890 
f 3771 5781 5803 
f 5889 5847 5874 
f 5891 5892 5893 
f 5892 5894 5893 
f 5893 5894 5895 
f 5894 5896 5895 
f 5887 5891 5893 
f 5887 5893 5897 
f 5897 5893 5898 
f 5893 5895 5898 
f 5898 5895 5899 
f 5887 5900 5873 
f 5900 5887 5897 
f 5888 5889 5901 
f 5902 5899 5903 
f 5903 5895 5904 
f 5905 5896 5906 
f 5906 5896 5907 
f 5907 5894 5908 
f 5908 5894 5909 
f 5909 5892 5910 
f 5910 5891 5911 
f 5911 5891 5912 
f 5912 5901 5913 
f 5901 5889 5913 
f 5900 5897 5914 
f 5914 5898 5899 
f 5891 5901 5912 
f 5892 5891 5910 
f 5894 5892 5909 
f 5896 5894 5907 
f 5888 5901 5891 
f 5895 5896 5904 
f 5888 5891 5887 
f 5899 5895 5903 
f 5792 5887 5873 
f 5897 5898 5914 
f 5914 5899 5902 
f 5904 5896 5905 
f 5915 5916 5917 
f 5915 5917 5918 
f 5919 5920 5921 
f 5919 5921 5922 
f 5922 5921 5923 
f 5922 5923 5924 
f 5922 5924 5925 
f 5926 5927 5928 
f 5926 5928 5929 
f 5930 5929 5931 
f 5930 5931 5932 
f 5933 5934 5935 
f 5936 5935 5937 
f 5938 5937 5939 
f 5938 5939 5940 
f 5941 5916 5942 
f 5916 5915 5942 
f 5942 5915 5943 
f 5915 5918 5943 
f 5943 5918 5944 
f 5918 5920 5944 
f 5920 5919 5944 
f 5944 5919 5945 
f 5919 5922 5945 
f 5945 5922 5946 
f 5922 5925 5946 
f 5946 5925 5947 
f 5925 5948 5947 
f 5948 5927 5947 
f 5947 5927 5949 
f 5927 5926 5949 
f 5949 5926 5950 
f 5926 5929 5950 
f 5929 5930 5950 
f 5950 5930 5951 
f 5930 5932 5951 
f 5951 5932 5952 
f 5932 5933 5952 
f 5933 5935 5953 
f 5935 5936 5953 
f 5953 5936 5954 
f 5936 5937 5954 
f 5954 5937 5955 
f 5937 5938 5955 
f 5938 5940 5955 
f 5955 5940 5956 
f 5957 5941 5958 
f 5958 5941 5942 
f 5944 5945 5959 
f 5946 5947 5960 
f 5949 5950 5961 
f 5952 5933 5962 
f 5962 5933 5963 
f 5933 5953 5963 
f 5954 5955 5964 
f 5965 5966 5967 
f 5967 5966 5968 
f 5966 5957 5968 
f 5958 5942 5969 
f 5969 5942 5970 
f 5942 5943 5970 
f 5970 5943 5971 
f 5943 5944 5971 
f 5971 5944 5972 
f 5972 5944 5959 
f 5959 5945 5973 
f 5973 5945 5974 
f 5945 5946 5974 
f 5974 5946 5960 
f 5960 5947 5975 
f 5947 5949 5975 
f 5975 5949 5961 
f 5961 5950 5976 
f 5950 5951 5976 
f 5976 5951 5977 
f 5951 5952 5977 
f 5977 5952 5962 
f 5963 5953 5978 
f 5978 5953 5979 
f 5953 5954 5979 
f 5979 5954 5964 
f 5964 5955 5980 
f 5955 5956 5980 
f 5981 5965 5982 
f 5982 5965 5967 
f 5968 5957 5983 
f 5983 5957 5984 
f 5957 5958 5984 
f 5984 5958 5969 
f 5972 5959 5985 
f 5985 5959 5973 
f 5974 5960 5986 
f 5975 5961 5987 
f 5977 5962 5988 
f 5962 5963 5988 
f 5988 5963 5978 
f 5979 5964 5989 
f 5964 5980 5989 
f 5990 5991 5981 
f 5990 5981 5982 
f 5982 5967 5992 
f 5992 5967 5993 
f 5967 5968 5993 
f 5968 5983 5993 
f 5993 5983 5994 
f 5994 5983 5995 
f 5983 5984 5995 
f 5984 5969 5995 
f 5995 5969 5996 
f 5969 5970 5996 
f 5996 5970 5997 
f 5970 5971 5997 
f 5997 5971 5998 
f 5971 5972 5998 
f 5998 5972 5999 
f 5972 5985 5999 
f 5985 5973 5999 
f 5999 5973 6000 
f 5973 5974 6000 
f 6000 5974 5986 
f 5986 5960 6001 
f 6001 5960 6002 
f 5960 5975 6002 
f 6002 5975 5987 
f 5987 5961 6003 
f 5961 5976 6003 
f 6003 5976 6004 
f 5976 5977 6004 
f 6004 5977 6005 
f 5977 5988 6005 
f 5988 5978 6006 
f 6006 5978 6007 
f 5978 5979 6007 
f 6007 5979 6008 
f 5979 5989 6008 
f 6009 5991 5990 
f 5990 5982 6010 
f 6010 5982 5992 
f 5994 5995 6011 
f 6011 5995 5996 
f 5996 5997 6012 
f 6012 5997 5998 
f 5998 5999 6013 
f 5999 6000 6014 
f 6000 5986 6014 
f 6014 5986 6001 
f 6001 6002 6015 
f 6015 6002 6016 
f 6002 5987 6016 
f 6016 5987 6003 
f 6003 6004 6017 
f 6005 5988 6018 
f 5988 6006 6018 
f 6018 6006 6007 
f 6007 6008 6019 
f 6019 6008 6020 
f 6008 5989 6020 
f 6009 5990 6021 
f 6021 5990 6010 
f 6010 5992 6022 
f 6022 5992 6023 
f 5992 5993 6023 
f 6023 5993 6024 
f 6024 5993 6025 
f 5993 5994 6025 
f 6025 5994 6026 
f 5994 6011 6026 
f 6011 5996 6027 
f 6027 5996 6012 
f 6012 5998 6028 
f 6028 5998 6013 
f 6013 5999 6029 
f 6029 5999 6030 
f 5999 6014 6030 
f 6014 6001 6031 
f 6031 6001 6015 
f 6015 6016 6032 
f 6016 6003 6033 
f 6033 6003 6034 
f 6003 6017 6034 
f 6017 6004 6034 
f 6034 6004 6035 
f 6004 6005 6035 
f 6035 6005 6036 
f 6005 6018 6036 
f 6018 6007 6037 
f 6037 6007 6019 
f 6019 6020 6038 
f 6021 6039 6040 
f 6021 6010 6041 
f 6041 6010 6022 
f 6025 6026 6042 
f 6042 6026 6043 
f 6026 6011 6043 
f 6043 6011 6027 
f 6027 6012 6044 
f 6044 6012 6028 
f 6028 6013 6045 
f 6045 6013 6029 
f 6030 6014 6046 
f 6046 6014 6031 
f 6031 6015 6047 
f 6047 6015 6032 
f 6032 6016 6048 
f 6048 6016 6049 
f 6016 6033 6049 
f 6049 6033 6050 
f 6033 6034 6050 
f 6036 6018 6051 
f 6051 6018 6037 
f 6037 6019 6052 
f 6052 6019 6038 
f 6039 6021 6053 
f 6053 6021 6054 
f 6054 6021 6041 
f 6041 6022 6055 
f 6055 6022 6056 
f 6022 6023 6056 
f 6056 6023 6057 
f 6023 6024 6057 
f 6057 6024 6058 
f 6024 6025 6058 
f 6058 6025 6059 
f 6025 6042 6059 
f 6059 6042 6060 
f 6042 6043 6060 
f 6060 6043 6061 
f 6043 6027 6061 
f 6061 6027 6062 
f 6027 6044 6062 
f 6062 6044 6063 
f 6044 6028 6063 
f 6063 6028 6064 
f 6028 6045 6064 
f 6064 6045 6065 
f 6045 6029 6065 
f 6065 6029 6066 
f 6029 6030 6066 
f 6066 6030 6067 
f 6030 6046 6067 
f 6067 6046 6068 
f 6046 6031 6068 
f 6068 6031 6069 
f 6031 6047 6069 
f 6069 6047 6070 
f 6047 6032 6070 
f 6070 6032 6048 
f 6048 6049 6071 
f 6071 6049 6050 
f 6050 6034 6072 
f 6034 6035 6072 
f 6072 6035 6073 
f 6035 6036 6073 
f 6073 6036 6074 
f 6036 6051 6074 
f 6074 6051 6075 
f 6051 6037 6075 
f 6075 6037 6076 
f 6037 6052 6076 
f 6076 6052 6077 
f 6052 6038 6077 
f 6078 6039 6053 
f 6053 6054 6079 
f 6054 6041 6079 
f 6079 6041 6080 
f 6041 6055 6080 
f 6080 6055 6081 
f 6055 6056 6081 
f 6056 6057 6081 
f 6081 6057 6082 
f 6057 6058 6082 
f 6082 6058 6083 
f 6058 6059 6083 
f 6059 6060 6083 
f 6083 6060 6084 
f 6060 6061 6084 
f 6084 6061 6085 
f 6061 6062 6085 
f 6085 6062 6086 
f 6062 6063 6086 
f 6086 6063 6087 
f 6063 6064 6087 
f 6064 6065 6087 
f 6087 6065 6088 
f 6065 6066 6088 
f 6088 6066 6089 
f 6066 6067 6089 
f 6089 6067 6090 
f 6067 6068 6090 
f 6090 6068 6091 
f 6068 6069 6091 
f 6091 6069 6092 
f 6069 6070 6092 
f 6070 6048 6092 
f 6092 6048 6093 
f 6048 6071 6093 
f 6093 6071 6094 
f 6071 6050 6094 
f 6094 6050 6095 
f 6050 6072 6095 
f 6095 6072 6096 
f 6072 6073 6096 
f 6073 6074 6096 
f 6096 6074 6097 
f 6074 6075 6097 
f 6097 6075 6098 
f 6075 6076 6098 
f 6098 6076 6099 
f 6076 6077 6099 
f 6100 6101 6078 
f 6078 6053 6100 
f 6100 6053 6102 
f 6053 6079 6102 
f 6082 6083 6103 
f 6085 6086 6104 
f 6104 6086 6105 
f 6086 6087 6105 
f 6091 6092 6106 
f 6092 6093 6107 
f 6107 6093 6108 
f 6093 6094 6108 
f 6095 6096 6109 
f 6097 6098 6110 
f 6110 6098 6111 
f 6098 6099 6111 
f 6099 6077 6111 
f 6112 6101 6100 
f 6100 6102 6113 
f 6102 6079 6113 
f 6113 6079 6114 
f 6079 6080 6114 
f 6114 6080 6115 
f 6080 6081 6115 
f 6115 6081 6116 
f 6116 6081 6117 
f 6081 6082 6117 
f 6117 6082 6118 
f 6082 6103 6118 
f 6118 6103 6119 
f 6103 6083 6119 
f 6119 6083 6120 
f 6083 6084 6120 
f 6120 6084 6121 
f 6084 6085 6121 
f 6121 6085 6122 
f 6085 6104 6122 
f 6122 6104 6123 
f 6104 6105 6123 
f 6123 6105 6124 
f 6105 6087 6124 
f 6124 6087 6125 
f 6087 6088 6125 
f 6125 6088 6126 
f 6088 6089 6126 
f 6126 6089 6127 
f 6089 6090 6127 
f 6127 6090 6128 
f 6090 6091 6128 
f 6128 6091 6129 
f 6091 6106 6129 
f 6129 6106 6130 
f 6106 6092 6130 
f 6130 6092 6131 
f 6092 6107 6131 
f 6131 6107 6132 
f 6107 6108 6132 
f 6108 6094 6132 
f 6132 6094 6133 
f 6094 6095 6133 
f 6133 6095 6134 
f 6095 6109 6134 
f 6134 6109 6135 
f 6109 6096 6135 
f 6135 6096 6136 
f 6096 6097 6136 
f 6136 6097 6137 
f 6097 6110 6137 
f 6137 6110 6138 
f 6110 6111 6138 
f 6112 6100 6139 
f 6139 6100 6140 
f 6100 6113 6140 
f 6140 6113 6141 
f 6113 6114 6141 
f 6141 6114 6142 
f 6114 6115 6142 
f 6142 6115 6143 
f 6115 6116 6143 
f 6143 6116 6144 
f 6116 6117 6144 
f 6144 6117 6145 
f 6117 6118 6145 
f 6145 6118 6146 
f 6118 6119 6146 
f 6146 6119 6147 
f 6119 6120 6147 
f 6147 6120 6148 
f 6120 6121 6148 
f 6148 6121 6149 
f 6121 6122 6149 
f 6149 6122 6150 
f 6122 6123 6150 
f 6150 6123 6151 
f 6123 6124 6151 
f 6151 6124 6152 
f 6124 6125 6152 
f 6152 6125 6153 
f 6125 6126 6153 
f 6153 6126 6154 
f 6126 6127 6154 
f 6154 6127 6155 
f 6127 6128 6155 
f 6155 6128 6156 
f 6128 6129 6156 
f 6156 6129 6157 
f 6129 6130 6157 
f 6157 6130 6158 
f 6130 6131 6158 
f 6158 6131 6132 
f 6132 6133 6159 
f 6159 6133 6160 
f 6133 6134 6160 
f 6160 6134 6161 
f 6134 6135 6161 
f 6161 6135 6162 
f 6135 6136 6162 
f 6162 6136 6163 
f 6136 6137 6163 
f 6163 6137 6138 
f 6112 6164 6165 
f 6112 6139 6166 
f 6139 6140 6166 
f 6166 6140 6167 
f 6140 6141 6167 
f 6167 6141 6168 
f 6141 6142 6168 
f 6142 6143 6168 
f 6168 6143 6169 
f 6143 6144 6169 
f 6169 6144 6170 
f 6144 6145 6170 
f 6145 6146 6170 
f 6170 6146 6171 
f 6146 6147 6171 
f 6171 6147 6172 
f 6147 6148 6172 
f 6172 6148 6173 
f 6148 6149 6173 
f 6173 6149 6174 
f 6149 6150 6174 
f 6150 6151 6174 
f 6174 6151 6175 
f 6151 6152 6175 
f 6175 6152 6176 
f 6152 6153 6176 
f 6176 6153 6177 
f 6153 6154 6177 
f 6177 6154 6178 
f 6154 6155 6178 
f 6178 6155 6179 
f 6155 6156 6179 
f 6156 6157 6179 
f 6179 6157 6180 
f 6157 6158 6180 
f 6180 6158 6181 
f 6158 6132 6181 
f 6181 6132 6182 
f 6132 6159 6182 
f 6182 6159 6183 
f 6159 6160 6183 
f 6183 6160 6184 
f 6160 6161 6184 
f 6184 6161 6185 
f 6161 6162 6185 
f 6185 6162 6186 
f 6162 6163 6186 
f 6186 6163 6187 
f 6163 6138 6187 
f 6187 6138 6188 
f 6189 6164 6112 
f 6189 6112 6190 
f 6190 6112 6191 
f 6112 6166 6191 
f 6168 6169 6192 
f 6192 6169 6193 
f 6169 6170 6193 
f 6170 6171 6194 
f 6194 6171 6195 
f 6171 6172 6195 
f 6195 6172 6196 
f 6172 6173 6196 
f 6196 6173 6197 
f 6173 6174 6197 
f 6174 6175 6198 
f 6198 6175 6199 
f 6175 6176 6199 
f 6199 6176 6200 
f 6176 6177 6200 
f 6200 6177 6201 
f 6177 6178 6201 
f 6201 6178 6202 
f 6178 6179 6202 
f 6179 6180 6203 
f 6203 6180 6204 
f 6180 6181 6204 
f 6181 6182 6205 
f 6205 6182 6206 
f 6182 6183 6206 
f 6206 6183 6207 
f 6183 6184 6207 
f 6207 6184 6208 
f 6184 6185 6208 
f 6208 6185 6209 
f 6185 6186 6209 
f 6209 6186 6210 
f 6186 6187 6210 
f 6210 6187 6188 
f 6189 6190 6211 
f 6190 6191 6212 
f 6191 6166 6212 
f 6212 6166 6213 
f 6166 6167 6213 
f 6213 6167 6214 
f 6167 6168 6214 
f 6214 6168 6215 
f 6215 6168 6216 
f 6168 6192 6216 
f 6216 6192 6217 
f 6192 6193 6217 
f 6217 6193 6218 
f 6193 6170 6218 
f 6218 6170 6219 
f 6170 6194 6219 
f 6219 6194 6220 
f 6194 6195 6220 
f 6220 6195 6221 
f 6195 6196 6221 
f 6221 6196 6222 
f 6196 6197 6222 
f 6222 6197 6223 
f 6197 6174 6223 
f 6223 6174 6224 
f 6174 6198 6224 
f 6224 6198 6225 
f 6198 6199 6225 
f 6225 6199 6226 
f 6199 6200 6226 
f 6226 6200 6227 
f 6200 6201 6227 
f 6227 6201 6228 
f 6201 6202 6228 
f 6228 6202 6229 
f 6202 6179 6229 
f 6229 6179 6230 
f 6179 6203 6230 
f 6230 6203 6204 
f 6204 6181 6231 
f 6181 6205 6231 
f 6231 6205 6232 
f 6205 6206 6232 
f 6232 6206 6233 
f 6206 6207 6233 
f 6233 6207 6234 
f 6207 6208 6234 
f 6234 6208 6235 
f 6208 6209 6235 
f 6235 6209 6236 
f 6209 6210 6236 
f 6236 6210 6237 
f 6210 6188 6237 
f 6238 6239 6189 
f 6238 6189 6211 
f 6211 6190 6240 
f 6190 6212 6240 
f 6240 6212 6241 
f 6212 6213 6241 
f 6241 6213 6242 
f 6213 6214 6242 
f 6214 6215 6242 
f 6242 6215 6243 
f 6215 6216 6243 
f 6243 6216 6244 
f 6216 6217 6244 
f 6217 6218 6244 
f 6244 6218 6245 
f 6218 6219 6245 
f 6245 6219 6246 
f 6219 6220 6246 
f 6246 6220 6247 
f 6220 6221 6247 
f 6247 6221 6248 
f 6221 6222 6248 
f 6222 6223 6248 
f 6248 6223 6249 
f 6223 6224 6249 
f 6249 6224 6250 
f 6224 6225 6250 
f 6225 6226 6250 
f 6250 6226 6251 
f 6226 6227 6251 
f 6251 6227 6252 
f 6227 6228 6252 
f 6228 6229 6252 
f 6252 6229 6253 
f 6229 6230 6253 
f 6253 6230 6254 
f 6230 6204 6254 
f 6254 6204 6255 
f 6204 6231 6255 
f 6255 6231 6256 
f 6231 6232 6256 
f 6232 6233 6256 
f 6256 6233 6257 
f 6233 6234 6257 
f 6257 6234 6258 
f 6234 6235 6258 
f 6258 6235 6259 
f 6235 6236 6259 
f 6236 6237 6259 
f 6260 6238 6261 
f 6238 6211 6261 
f 6261 6211 6262 
f 6211 6240 6262 
f 6243 6244 6263 
f 6247 6248 6264 
f 6249 6250 6265 
f 6251 6252 6266 
f 6252 6253 6267 
f 6267 6253 6268 
f 6253 6254 6268 
f 6255 6256 6269 
f 6258 6259 6270 
f 6261 6262 6271 
f 6271 6262 6272 
f 6262 6240 6272 
f 6240 6241 6272 
f 6272 6241 6273 
f 6241 6242 6273 
f 6273 6242 6274 
f 6274 6242 6275 
f 6242 6243 6275 
f 6275 6243 6276 
f 6243 6263 6276 
f 6276 6263 6277 
f 6263 6244 6277 
f 6244 6245 6277 
f 6277 6245 6278 
f 6245 6246 6278 
f 6278 6246 6279 
f 6246 6247 6279 
f 6279 6247 6280 
f 6247 6264 6280 
f 6280 6264 6281 
f 6264 6248 6281 
f 6281 6248 6282 
f 6248 6249 6282 
f 6282 6249 6265 
f 6265 6250 6283 
f 6283 6250 6284 
f 6250 6251 6284 
f 6284 6251 6285 
f 6251 6266 6285 
f 6285 6266 6286 
f 6266 6252 6286 
f 6286 6252 6287 
f 6252 6267 6287 
f 6287 6267 6288 
f 6267 6268 6288 
f 6288 6268 6289 
f 6268 6254 6289 
f 6289 6254 6290 
f 6254 6255 6290 
f 6290 6255 6291 
f 6255 6269 6291 
f 6291 6269 6292 
f 6269 6256 6292 
f 6292 6256 6293 
f 6256 6257 6293 
f 6293 6257 6294 
f 6257 6258 6294 
f 6294 6258 6295 
f 6258 6270 6295 
f 6295 6270 6296 
f 6270 6259 6296 
f 6261 6297 6298 
f 6297 6261 6271 
f 6271 6272 6299 
f 6272 6273 6299 
f 6299 6273 6274 
f 6276 6277 6300 
f 6277 6278 6300 
f 6300 6278 6279 
f 6280 6281 6301 
f 6281 6282 6301 
f 6282 6265 6301 
f 6301 6265 6283 
f 6283 6284 6285 
f 6285 6286 6302 
f 6286 6287 6302 
f 6302 6287 6288 
f 6289 6290 6291 
f 6291 6292 6303 
f 6292 6293 6303 
f 6293 6294 6303 
f 6303 6294 6295 
f 6297 6271 6304 
f 6304 6271 6305 
f 6271 6299 6305 
f 6305 6299 6306 
f 6299 6274 6306 
f 6306 6274 6307 
f 6274 6275 6307 
f 6307 6275 6308 
f 6275 6276 6308 
f 6308 6276 6309 
f 6276 6300 6309 
f 6309 6300 6310 
f 6310 6300 6311 
f 6300 6279 6311 
f 6311 6279 6312 
f 6279 6280 6312 
f 6312 6280 6313 
f 6280 6301 6313 
f 6313 6301 6314 
f 6301 6283 6314 
f 6314 6283 6315 
f 6315 6283 6316 
f 6283 6285 6316 
f 6316 6285 6302 
f 6302 6288 6317 
f 6317 6288 6318 
f 6288 6289 6318 
f 6318 6289 6319 
f 6289 6291 6319 
f 6319 6291 6320 
f 6291 6303 6320 
f 6320 6303 6321 
f 6321 6303 6322 
f 6303 6295 6322 
f 6323 6324 6297 
f 6323 6297 6325 
f 6325 6297 6304 
f 6307 6308 6326 
f 6311 6312 6327 
f 6315 6316 6328 
f 6316 6302 6329 
f 6302 6317 6329 
f 6318 6319 6330 
f 6323 6325 6331 
f 6331 6325 6332 
f 6332 6325 6333 
f 6325 6304 6333 
f 6304 6305 6333 
f 6333 6305 6334 
f 6305 6306 6334 
f 6334 6306 6335 
f 6306 6307 6335 
f 6335 6307 6326 
f 6326 6308 6336 
f 6336 6308 6337 
f 6308 6309 6337 
f 6309 6310 6337 
f 6337 6310 6338 
f 6310 6311 6338 
f 6338 6311 6339 
f 6311 6327 6339 
f 6339 6327 6340 
f 6327 6312 6340 
f 6312 6313 6340 
f 6340 6313 6341 
f 6313 6314 6341 
f 6341 6314 6342 
f 6342 6314 6343 
f 6314 6315 6343 
f 6343 6315 6344 
f 6315 6328 6344 
f 6344 6328 6345 
f 6328 6316 6345 
f 6316 6329 6345 
f 6329 6317 6346 
f 6346 6317 6347 
f 6317 6318 6347 
f 6318 6330 6347 
f 6347 6330 6348 
f 6330 6319 6348 
f 6319 6320 6348 
f 6348 6320 6349 
f 6320 6321 6349 
f 6349 6321 6350 
f 6321 6322 6350 
f 6350 6322 6351 
f 6332 6333 6352 
f 6333 6334 6353 
f 6353 6334 6335 
f 6335 6326 6354 
f 6354 6326 6336 
f 6338 6339 6355 
f 6339 6340 6356 
f 6356 6340 6341 
f 6341 6342 6357 
f 6357 6342 6343 
f 6344 6345 6358 
f 6345 6329 6358 
f 6358 6329 6346 
f 6349 6350 6359 
f 6360 6352 6361 
f 6361 6352 6362 
f 6352 6333 6362 
f 6362 6333 6363 
f 6363 6333 6353 
f 6353 6335 6364 
f 6364 6335 6354 
f 6354 6336 6365 
f 6336 6337 6365 
f 6365 6337 6355 
f 6338 6355 6337 
f 6355 6339 6366 
f 6366 6339 6356 
f 6356 6341 6357 
f 6357 6343 6367 
f 6343 6344 6367 
f 6367 6344 6368 
f 6344 6358 6368 
f 6358 6346 6369 
f 6369 6346 6370 
f 6346 6347 6370 
f 6370 6347 6371 
f 6347 6348 6371 
f 6371 6348 6359 
f 343 218 220 
f 6349 6359 6348 
f 6359 6350 6372 
f 6363 6353 6364 
f 6364 6354 6373 
f 6373 6354 6374 
f 6354 6365 6374 
f 6365 6355 6375 
f 6375 6355 6366 
f 6366 6356 6376 
f 6376 6356 6377 
f 6356 6357 6377 
f 6377 6357 6367 
f 214 176 5765 
f 6368 6358 6378 
f 6378 6358 6369 
f 357 165 345 
f 6362 6379 6380 
f 6362 6363 6379 
f 6379 6363 6381 
f 6363 6364 6381 
f 6381 6364 6382 
f 6364 6373 6382 
f 6374 6365 6383 
f 6365 6375 6383 
f 6375 6366 6384 
f 6384 6366 6376 
f 451 215 343 
f 6367 6368 6385 
f 6368 6378 6385 
f 6378 6369 6386 
f 6369 6370 6386 
f 6386 6370 6387 
f 6370 6371 6387 
f 6387 6371 6388 
f 6371 6359 6388 
f 6388 6359 6389 
f 6359 6372 6389 
f 6382 6373 6390 
f 6373 6374 6390 
f 6390 6374 6383 
f 6383 6375 6391 
f 6391 6375 6384 
f 6384 6376 6392 
f 6376 6377 6392 
f 6392 6377 6393 
f 6377 6367 6393 
f 6393 6367 6394 
f 6367 6385 6394 
f 6385 6378 6386 
f 6382 6390 6395 
f 6390 6383 6391 
f 6391 6384 6396 
f 6396 6384 6397 
f 6384 6392 6397 
f 6392 6393 6398 
f 6393 6394 6398 
f 6394 6385 6399 
f 6385 6386 6399 
f 6399 6386 6400 
f 6400 6386 6401 
f 6386 6387 6401 
f 6401 6387 6402 
f 6387 6388 6402 
f 6402 6388 6403 
f 5940 6404 6405 
f 6406 5935 5934 
f 5934 5933 5932 
f 6407 5929 6408 
f 5928 5927 6409 
f 6409 5948 6410 
f 6410 5925 6411 
f 6411 5925 5924 
f 6412 5920 6413 
f 6413 5920 6414 
f 6414 5918 6415 
f 6415 5918 6416 
f 5917 5916 6417 
f 6417 5916 6418 
f 6419 5941 6420 
f 6420 5957 6421 
f 6422 5966 6423 
f 5965 5981 6424 
f 6425 6112 6165 
f 6260 6261 6426 
f 6298 6297 6427 
f 6428 6362 6380 
f 6429 6381 6430 
f 6382 6431 6432 
f 6431 6382 6395 
f 6433 6390 6434 
f 6434 6391 6435 
f 6435 6391 6436 
f 6436 6391 6396 
f 6437 6394 6438 
f 6438 6394 6399 
f 6439 6401 6402 
f 6440 6403 6441 
f 6441 6388 6389 
f 6442 6350 6351 
f 6351 6322 6443 
f 6443 6295 6444 
f 6444 6296 6445 
f 6445 6259 6237 
f 6188 6138 6446 
f 6446 6077 6447 
f 6447 6038 6448 
f 6448 6020 6449 
f 6449 5989 6450 
f 6450 5980 5956 
f 5916 5941 6418 
f 5918 5917 6416 
f 5920 5918 6414 
f 5921 5920 6412 
f 5948 5925 6410 
f 5927 5948 6409 
f 5929 5928 6408 
f 5931 5929 6407 
f 5937 5935 6406 
f 5940 5939 6404 
f 5941 5957 6420 
f 5956 5940 6451 
f 5957 5966 6421 
f 5966 5965 6423 
f 5989 5980 6450 
f 6020 5989 6449 
f 6038 6020 6448 
f 6077 6038 6447 
f 6111 6077 6446 
f 6101 6112 6425 
f 6138 6111 6446 
f 6165 6164 6452 
f 6261 6453 6426 
f 6296 6259 6445 
f 6261 6298 6453 
f 6295 6296 6444 
f 6322 6295 6443 
f 6297 6324 6427 
f 6360 6361 6454 
f 6372 6350 6442 
f 6361 6362 6428 
f 6379 6381 6429 
f 6395 6390 6433 
f 6390 6391 6434 
f 6398 6394 6437 
f 6403 6388 6441 
f 6451 5940 6455 
f 6381 6382 6430 
f 6456 6457 6458 
f 6456 6458 6459 
f 6460 6461 6462 
f 6460 6462 6463 
f 6460 6463 6464 
f 6464 6465 6466 
f 6467 6461 6468 
f 6461 6460 6469 
f 6460 6464 6469 
f 6468 6461 6469 
f 6469 6464 6470 
f 6470 6464 6471 
f 6464 6466 6471 
f 6471 6466 6472 
f 6466 6473 6472 
f 6473 6474 6475 
f 6472 6473 6475 
f 6475 6474 6476 
f 6475 6476 6477 
f 6467 6468 6478 
f 6469 6470 6468 
f 6472 6475 6479 
f 6475 6477 6480 
f 6479 6475 6480 
f 6467 6478 6481 
f 6482 6478 6468 
f 6482 6468 6483 
f 6468 6470 6483 
f 6483 6470 6484 
f 6470 6471 6484 
f 6484 6471 6485 
f 6471 6472 6485 
f 6485 6472 6479 
f 6479 6480 6486 
f 6481 6478 6487 
f 6487 6478 6482 
f 6483 6484 6488 
f 6488 6484 6485 
f 6485 6479 6489 
f 6489 6479 6486 
f 6481 6487 6490 
f 6491 6487 6482 
f 6491 6482 6492 
f 6482 6483 6492 
f 6492 6483 6493 
f 6483 6488 6493 
f 6493 6488 6494 
f 6488 6485 6494 
f 6494 6485 6489 
f 6490 6487 6495 
f 6495 6487 6496 
f 6496 6487 6491 
f 6492 6493 6497 
f 6497 6493 6498 
f 6493 6494 6498 
f 6498 6494 6499 
f 6494 6489 6499 
f 6489 6486 6500 
f 6499 6500 6501 
f 6499 6489 6500 
f 6500 6486 6502 
f 6490 6495 6503 
f 6496 6491 6504 
f 6491 6492 6504 
f 6504 6492 6505 
f 6492 6497 6505 
f 6505 6497 6506 
f 6497 6498 6506 
f 6506 6498 6507 
f 6498 6499 6507 
f 6507 6499 6501 
f 6501 6508 6509 
f 6501 6500 6508 
f 6503 6495 6510 
f 6511 6496 6504 
f 6510 6495 6511 
f 6511 6495 6496 
f 6511 6504 6512 
f 6512 6504 6513 
f 6504 6505 6513 
f 6513 6505 6514 
f 6505 6506 6514 
f 6514 6506 6515 
f 6506 6507 6515 
f 6515 6507 6516 
f 6507 6501 6516 
f 6516 6501 6509 
f 6508 6517 6518 
f 6509 6508 6518 
f 6519 6518 6520 
f 6447 6510 6521 
f 6503 6510 6447 
f 6521 6510 6522 
f 6522 6510 6511 
f 6522 6511 6523 
f 6511 6512 6523 
f 6523 6512 6524 
f 6512 6513 6524 
f 6524 6513 6525 
f 6513 6514 6525 
f 6525 6514 6526 
f 6514 6515 6526 
f 6526 6515 6527 
f 6515 6516 6527 
f 6527 6516 6528 
f 6516 6509 6528 
f 6528 6509 6529 
f 6509 6518 6529 
f 6518 6519 6530 
f 6531 6530 6532 
f 6531 6532 6533 
f 6531 6533 6534 
f 6531 6534 6535 
f 6536 6521 6537 
f 6537 6521 6522 
f 6537 6522 6538 
f 6522 6523 6538 
f 6538 6523 6539 
f 6523 6524 6539 
f 6539 6524 6540 
f 6524 6525 6540 
f 6540 6525 6541 
f 6525 6526 6541 
f 6541 6526 6542 
f 6526 6527 6542 
f 6542 6527 6543 
f 6527 6528 6543 
f 6543 6528 6544 
f 6528 6529 6544 
f 6544 6529 6545 
f 6529 6518 6545 
f 6545 6518 6546 
f 6518 6530 6546 
f 6546 6530 6547 
f 6530 6531 6547 
f 6531 6535 6548 
f 6521 6536 6446 
f 6549 6536 6537 
f 6538 6539 6550 
f 6550 6539 6551 
f 6539 6540 6551 
f 6551 6540 6552 
f 6540 6541 6552 
f 6552 6541 6553 
f 6541 6542 6553 
f 6553 6542 6554 
f 6542 6543 6554 
f 6554 6543 6555 
f 6543 6544 6555 
f 6555 6544 6556 
f 6544 6545 6556 
f 6556 6545 6557 
f 6545 6546 6557 
f 6557 6546 6558 
f 6546 6547 6558 
f 6558 6547 6559 
f 6547 6531 6559 
f 6559 6531 6548 
f 6446 6536 6560 
f 6549 6537 6561 
f 6560 6536 6549 
f 6537 6538 6561 
f 6561 6538 6562 
f 6538 6550 6562 
f 6562 6550 6563 
f 6550 6551 6563 
f 6563 6551 6564 
f 6551 6552 6564 
f 6564 6552 6565 
f 6552 6553 6565 
f 6565 6553 6566 
f 6553 6554 6566 
f 6566 6554 6567 
f 6554 6555 6567 
f 6567 6555 6568 
f 6555 6556 6568 
f 6568 6556 6569 
f 6556 6557 6569 
f 6569 6557 6570 
f 6557 6558 6570 
f 6570 6558 6571 
f 6558 6559 6571 
f 6571 6559 6572 
f 6559 6548 6572 
f 6446 6560 6573 
f 6561 6574 6549 
f 6574 6560 6549 
f 6575 6561 6576 
f 6561 6562 6576 
f 6576 6562 6577 
f 6562 6563 6577 
f 6577 6563 6578 
f 6563 6564 6578 
f 6578 6564 6579 
f 6564 6565 6579 
f 6579 6565 6580 
f 6565 6566 6580 
f 6580 6566 6581 
f 6566 6567 6581 
f 6581 6567 6582 
f 6567 6568 6582 
f 6582 6568 6583 
f 6568 6569 6583 
f 6583 6569 6584 
f 6569 6570 6584 
f 6584 6570 6585 
f 6570 6571 6585 
f 6585 6571 6586 
f 6571 6572 6586 
f 6573 6560 6574 
f 6561 6575 6574 
f 6575 6576 6587 
f 6587 6576 6588 
f 6576 6577 6588 
f 6588 6577 6589 
f 6577 6578 6589 
f 6589 6578 6590 
f 6578 6579 6590 
f 6590 6579 6591 
f 6579 6580 6591 
f 6591 6580 6592 
f 6580 6581 6592 
f 6592 6581 6593 
f 6581 6582 6593 
f 6593 6582 6594 
f 6582 6583 6594 
f 6594 6583 6595 
f 6583 6584 6595 
f 6595 6584 6596 
f 6584 6585 6596 
f 6596 6585 6586 
f 6597 6574 6598 
f 6573 6574 6597 
f 6599 6598 6574 
f 6574 6575 6599 
f 6599 6575 6600 
f 6600 6575 6601 
f 6575 6587 6601 
f 6601 6587 6602 
f 6587 6588 6602 
f 6602 6588 6603 
f 6588 6589 6603 
f 6603 6589 6604 
f 6589 6590 6604 
f 6604 6590 6605 
f 6590 6591 6605 
f 6605 6591 6606 
f 6591 6592 6606 
f 6606 6592 6607 
f 6592 6593 6607 
f 6607 6593 6608 
f 6593 6594 6608 
f 6608 6594 6609 
f 6594 6595 6609 
f 6609 6595 6610 
f 6595 6596 6610 
f 6610 6596 6611 
f 6596 6586 6611 
f 6597 6598 6612 
f 6598 6599 6613 
f 6599 6600 6613 
f 6613 6600 6614 
f 6600 6601 6614 
f 6614 6601 6615 
f 6601 6602 6615 
f 6615 6602 6616 
f 6602 6603 6616 
f 6616 6603 6617 
f 6603 6604 6617 
f 6617 6604 6618 
f 6604 6605 6618 
f 6618 6605 6619 
f 6605 6606 6619 
f 6619 6606 6620 
f 6606 6607 6620 
f 6620 6607 6621 
f 6607 6608 6621 
f 6621 6608 6622 
f 6608 6609 6622 
f 6622 6609 6623 
f 6609 6610 6623 
f 6623 6610 6624 
f 6610 6611 6624 
f 6625 6612 6626 
f 6597 6612 6625 
f 6627 6598 6613 
f 6626 6612 6627 
f 6627 6612 6598 
f 6627 6613 6628 
f 6628 6613 6629 
f 6613 6614 6629 
f 6629 6614 6630 
f 6614 6615 6630 
f 6630 6615 6631 
f 6615 6616 6631 
f 6631 6616 6632 
f 6616 6617 6632 
f 6632 6617 6633 
f 6617 6618 6633 
f 6633 6618 6634 
f 6618 6619 6634 
f 6634 6619 6635 
f 6619 6620 6635 
f 6635 6620 6636 
f 6620 6621 6636 
f 6636 6621 6637 
f 6621 6622 6637 
f 6637 6622 6638 
f 6622 6623 6638 
f 6623 6624 6638 
f 6628 6629 6639 
f 6639 6629 6640 
f 6629 6630 6640 
f 6640 6630 6641 
f 6630 6631 6641 
f 6641 6631 6642 
f 6631 6632 6642 
f 6642 6632 6643 
f 6632 6633 6643 
f 6643 6633 6644 
f 6633 6634 6644 
f 6644 6634 6645 
f 6634 6635 6645 
f 6645 6635 6646 
f 6635 6636 6646 
f 6646 6636 6647 
f 6636 6637 6647 
f 6647 6637 6648 
f 6637 6638 6648 
f 6649 6626 6650 
f 6651 6650 6627 
f 6650 6626 6627 
f 6627 6628 6651 
f 6651 6628 6652 
f 6652 6628 6653 
f 6628 6639 6653 
f 6653 6639 6654 
f 6639 6640 6654 
f 6654 6640 6655 
f 6640 6641 6655 
f 6655 6641 6656 
f 6641 6642 6656 
f 6656 6642 6657 
f 6642 6643 6657 
f 6657 6643 6658 
f 6643 6644 6658 
f 6658 6644 6659 
f 6644 6645 6659 
f 6659 6645 6660 
f 6645 6646 6660 
f 6660 6646 6661 
f 6646 6647 6661 
f 6661 6647 6662 
f 6647 6648 6662 
f 6662 6648 4050 
f 6648 6638 4050 
f 6649 6650 6663 
f 6650 6651 6664 
f 6651 6652 6664 
f 6664 6652 6665 
f 6652 6653 6665 
f 6665 6653 6666 
f 6653 6654 6666 
f 6666 6654 6667 
f 6654 6655 6667 
f 6667 6655 6668 
f 6655 6656 6668 
f 6668 6656 6669 
f 6656 6657 6669 
f 6669 6657 6670 
f 6657 6658 6670 
f 6670 6658 6671 
f 6658 6659 6671 
f 6671 6659 6672 
f 6659 6660 6672 
f 6672 6660 6673 
f 6660 6661 6673 
f 6673 6661 6674 
f 6661 6662 6674 
f 6674 6662 4050 
f 6675 6676 6650 
f 6675 6650 6664 
f 6677 6663 6676 
f 6676 6663 6650 
f 6675 6664 6678 
f 6664 6665 6678 
f 6678 6665 6679 
f 6665 6666 6679 
f 6679 6666 6680 
f 6666 6667 6680 
f 6680 6667 6681 
f 6667 6668 6681 
f 6681 6668 6682 
f 6668 6669 6682 
f 6682 6669 6683 
f 6669 6670 6683 
f 6683 6670 6684 
f 6670 6671 6684 
f 6684 6671 6685 
f 6671 6672 6685 
f 6685 6672 6686 
f 6672 6673 6686 
f 6686 6673 6687 
f 6673 6674 6687 
f 6687 6674 6688 
f 6674 4050 6688 
f 6675 6678 6689 
f 6689 6678 6690 
f 6678 6679 6690 
f 6690 6679 6691 
f 6679 6680 6691 
f 6691 6680 6692 
f 6680 6681 6692 
f 6692 6681 6693 
f 6681 6682 6693 
f 6693 6682 6694 
f 6682 6683 6694 
f 6694 6683 6695 
f 6683 6684 6695 
f 6695 6684 6696 
f 6684 6685 6696 
f 6696 6685 6697 
f 6685 6686 6697 
f 6697 6686 6698 
f 6686 6687 6698 
f 6687 6688 6698 
f 6699 6700 6676 
f 6700 6677 6676 
f 6699 6676 6701 
f 6676 6675 6701 
f 6701 6675 6702 
f 6675 6689 6702 
f 6702 6689 6703 
f 6689 6690 6703 
f 6703 6690 6704 
f 6690 6691 6704 
f 6704 6691 6705 
f 6691 6692 6705 
f 6705 6692 6706 
f 6692 6693 6706 
f 6706 6693 6707 
f 6693 6694 6707 
f 6707 6694 6708 
f 6694 6695 6708 
f 6708 6695 6709 
f 6695 6696 6709 
f 6709 6696 6710 
f 6696 6697 6710 
f 6710 6697 6698 
f 6442 6700 6711 
f 6677 6700 6442 
f 6699 6701 6712 
f 6712 6701 6713 
f 6701 6702 6713 
f 6713 6702 6714 
f 6702 6703 6714 
f 6714 6703 6715 
f 6703 6704 6715 
f 6715 6704 6716 
f 6704 6705 6716 
f 6716 6705 6717 
f 6705 6706 6717 
f 6717 6706 6718 
f 6706 6707 6718 
f 6707 6708 6718 
f 6718 6708 6719 
f 6708 6709 6719 
f 6719 6709 6720 
f 6709 6710 6720 
f 6720 6710 6721 
f 6710 6698 6721 
f 6722 6700 6699 
f 6722 6711 6700 
f 6722 6699 6712 
f 6713 6714 6723 
f 6723 6714 6724 
f 6714 6715 6724 
f 6715 6716 6724 
f 6724 6716 6725 
f 6716 6717 6725 
f 6725 6717 6726 
f 6717 6718 6726 
f 6718 6719 6727 
f 6727 6719 6728 
f 6719 6720 6728 
f 6720 6721 6728 
f 6729 6711 6730 
f 6730 6711 6722 
f 6722 6712 6731 
f 6731 6712 6713 
f 6723 6724 6732 
f 6725 6726 6733 
f 6733 6726 6734 
f 6726 6718 6734 
f 6734 6718 6735 
f 6718 6727 6735 
f 6727 6728 6735 
f 6728 6721 6736 
f 6711 6729 6737 
f 6730 6722 6729 
f 6729 6722 6731 
f 6731 6713 6738 
f 6713 6723 6738 
f 6738 6723 6739 
f 6723 6732 6739 
f 6739 6732 6740 
f 6732 6724 6740 
f 6724 6725 6740 
f 6740 6725 6733 
f 6735 6728 5914 
f 5914 6728 6736 
f 6740 6733 6741 
f 6733 6734 6741 
f 6741 6734 6742 
f 6742 6735 5914 
f 6734 6735 6742 
f 6441 6737 6743 
f 6744 6729 6745 
f 6743 6737 6744 
f 6737 6729 6744 
f 6745 6731 6746 
f 6729 6731 6745 
f 6746 6731 6747 
f 6731 6738 6747 
f 6747 6738 6748 
f 6738 6739 6748 
f 6748 6739 6749 
f 6749 6739 6750 
f 6739 6740 6750 
f 6750 6740 6741 
f 6751 6741 6742 
f 6751 6742 6752 
f 6742 5914 5902 
f 6753 6742 5902 
f 6754 6441 6743 
f 6755 6747 6748 
f 6749 6750 6756 
f 6757 6750 6741 
f 6752 6742 6758 
f 3758 5873 6736 
f 3757 3758 6721 
f 4052 3757 6721 
f 4051 4052 6698 
f 4049 3848 6638 
f 4048 4049 6611 
f 4047 4048 6586 
f 4046 4047 6548 
f 4045 4046 6535 
f 5900 5914 6736 
f 5956 6451 6467 
f 6450 5956 6481 
f 6449 6450 6490 
f 6448 6449 6503 
f 6447 6448 6503 
f 6446 6447 6521 
f 6188 6446 6573 
f 6237 6188 6597 
f 6445 6237 6625 
f 6444 6445 6649 
f 6443 6444 6663 
f 6351 6443 6677 
f 6372 6442 6711 
f 6389 6372 6711 
f 6440 6441 6754 
f 6458 6474 6759 
f 6759 6474 6760 
f 6760 6473 6761 
f 6761 6473 6762 
f 6762 6466 6763 
f 6465 6464 6764 
f 6764 6464 6463 
f 6754 6743 6765 
f 6766 6744 6745 
f 6755 6748 6767 
f 6768 6535 6534 
f 6532 6530 6519 
f 6769 6519 6770 
f 6770 6520 6771 
f 6771 6520 6517 
f 6772 6508 6773 
f 6774 6775 6459 
f 6458 6457 6474 
f 6463 6462 6776 
f 6461 6451 6462 
f 6466 6465 6763 
f 6473 6466 6762 
f 6474 6473 6760 
f 6474 6457 6476 
f 6451 6461 6467 
f 5956 6467 6481 
f 6450 6481 6490 
f 6449 6490 6503 
f 6519 6520 6770 
f 6535 4046 6548 
f 6548 4047 6572 
f 6572 4047 6586 
f 6188 6573 6597 
f 6586 4048 6611 
f 6611 4049 6624 
f 6237 6597 6625 
f 6624 4049 6638 
f 6445 6625 6626 
f 6445 6626 6649 
f 6638 3848 4050 
f 6444 6649 6663 
f 4050 4051 6688 
f 6443 6663 6677 
f 6688 4051 6698 
f 6351 6677 6442 
f 6698 4052 6721 
f 6721 3758 6736 
f 6389 6711 6737 
f 6389 6737 6441 
f 5873 5900 6736 
f 6742 6753 6758 
f 6743 6744 6765 
f 6746 6747 6777 
f 6756 6750 6778 
f 4045 6535 6768 
f 6520 6518 6517 
f 6508 6500 6773 
f 1603 1597 6775 
f 6769 6779 1579 
f 5764 214 5765 
f 6769 1579 6780 
f 6780 1579 1616 
f 6781 6782 1578 
f 6783 1578 1581 
f 6784 1581 1582 
f 6784 1582 6785 
f 6785 1582 1607 
f 6785 1607 6786 
f 6486 1589 1615 
f 6486 1615 6502 
f 6502 1615 1614 
f 1614 1585 6773 
f 6773 1585 1617 
f 1617 6772 6773 
f 6772 1617 6517 
f 1617 1618 6517 
f 6517 1618 6771 
f 1618 6787 6771 
f 6787 6779 6771 
f 6771 6779 6770 
f 6779 6769 6770 
f 6769 6780 6519 
f 6780 1616 6532 
f 1616 6782 6532 
f 6532 6782 6781 
f 6781 1578 6533 
f 6533 1578 6783 
f 6783 1581 6788 
f 6788 1581 6784 
f 6784 6785 6768 
f 6768 6785 6789 
f 6785 6786 6789 
f 6786 1609 6789 
f 1589 6486 6790 
f 1609 1608 3679 
f 1607 1609 6786 
f 1616 1578 6782 
f 1617 1583 1618 
f 1590 1589 6790 
f 1588 1596 6791 
f 1601 1588 6456 
f 3680 3705 6789 
f 6459 6775 1597 
f 6456 6459 1601 
f 6476 6457 6791 
f 6486 6480 6790 
f 6500 6502 1614 
f 6773 6500 1614 
f 6517 6508 6772 
f 210 209 211 
f 6532 6519 6780 
f 6533 6532 6781 
f 6534 6533 6783 
f 6768 6534 6784 
f 1618 1579 6787 
f 6787 1579 6779 
f 6459 1597 1601 
f 6456 1588 6791 
f 6457 6456 6791 
f 6476 6791 6477 
f 6791 1596 6477 
f 1596 1590 6477 
f 6480 1590 6790 
f 6534 6783 6788 
f 6534 6788 6784 
f 4045 6768 6789 
f 1609 3680 6789 
f 1590 6480 6477 
f 3705 4045 6789 
f 1603 6775 6792 
f 6793 6794 6795 
f 6796 6795 6797 
f 1603 6792 6797 
f 6798 1603 6794 
f 6794 1603 6795 
f 6795 1603 6797 
f 6794 6799 6800 
f 6801 6800 6799 
f 6801 6799 6802 
f 6801 6802 6803 
f 6803 6802 6804 
f 6803 6804 6805 
f 6805 6804 6806 
f 6805 6806 6807 
f 6807 6806 6808 
f 6807 6808 6809 
f 6807 6809 6810 
f 6810 6811 1613 
f 1613 6811 6812 
f 211 209 450 
f 5764 213 214 
f 1619 6801 6803 
f 6805 6807 1610 
f 1610 6807 1611 
f 6807 6810 1611 
f 6810 1612 1611 
f 1612 6810 1613 
f 6812 1604 1613 
f 1619 1602 6801 
f 1610 1598 6805 
f 6798 6794 6800 
f 6811 6810 6809 
f 6813 6799 6814 
f 6794 6793 6799 
f 6815 6812 6811 
f 6802 6799 6813 
f 6804 6802 6813 
f 6806 6804 6813 
f 1603 6798 6800 
f 1602 6800 6801 
f 1598 1619 6803 
f 1598 6803 6805 
f 6800 1602 1603 
f 6816 6817 6818 
f 6816 6818 6819 
f 6820 1604 6812 
f 6821 6818 6822 
f 6822 6818 6823 
f 6818 6820 6823 
f 6823 6820 6824 
f 6824 6820 6825 
f 6825 6820 6815 
f 6821 6822 6826 
f 6826 6822 6823 
f 6823 6824 6825 
f 6819 6818 6821 
f 6820 6812 6815 
f 1608 6827 3682 
f 6827 1608 6828 
f 3682 6827 3704 
f 6827 6828 6829 
f 6829 6828 1606 
f 6827 6829 6830 
f 3704 6827 6830 
f 3704 6830 6831 
f 3704 6831 3693 
f 3693 6831 3703 
f 3703 6832 3696 
f 3696 6832 3701 
f 3700 3701 6833 
f 3700 6833 3699 
f 6829 1606 1605 
f 6830 6829 6834 
f 6831 6830 6835 
f 3703 6831 6836 
f 6831 6835 6836 
f 6832 3703 6837 
f 3703 6836 6837 
f 3701 6832 6838 
f 6832 6837 6838 
f 6833 3701 6839 
f 3701 6838 6839 
f 3699 6833 6839 
f 3699 6839 4425 
f 6829 1605 6840 
f 6840 1605 6817 
f 6829 6840 6834 
f 6830 6834 6841 
f 6835 6830 6841 
f 6835 6841 6842 
f 6836 6835 6842 
f 6837 6836 6843 
f 6838 6837 6844 
f 6837 6843 6844 
f 6839 6838 6845 
f 6838 6844 6845 
f 6839 6845 6846 
f 4425 6839 6846 
f 6840 6817 6847 
f 6834 6840 6848 
f 6840 6847 6848 
f 6841 6834 6848 
f 6841 6848 6849 
f 6842 6841 6849 
f 6842 6849 6850 
f 6836 6842 6850 
f 6843 6836 6851 
f 6836 6850 6851 
f 6844 6843 6852 
f 6843 6851 6852 
f 6844 6852 6845 
f 6846 6845 6853 
f 6818 6817 6820 
f 6849 6848 6854 
f 6849 6854 6855 
f 6850 6849 6856 
f 6849 6855 6856 
f 6851 6850 6857 
f 6850 6856 6857 
f 6852 6851 6858 
f 6851 6857 6858 
f 6845 6852 6859 
f 6852 6858 6859 
f 6853 6845 6859 
f 6853 6859 4426 
f 6860 6856 6861 
f 6857 6856 6862 
f 6856 6860 6862 
f 6858 6857 6863 
f 6857 6862 6863 
f 6859 6858 6864 
f 6858 6863 6864 
f 6859 6864 6865 
f 4426 6859 6865 
f 6862 6860 6866 
f 6862 6866 6867 
f 6863 6862 6868 
f 6862 6867 6868 
f 6863 6868 6864 
f 6865 6864 6869 
f 6868 6867 6870 
f 6870 6867 6871 
f 6864 6868 6872 
f 6868 6870 6872 
f 6869 6864 6872 
f 6869 6872 4427 
f 6873 6870 6874 
f 6872 6870 6875 
f 6870 6873 6875 
f 4427 6872 4428 
f 6872 6875 4428 
f 6873 6874 6876 
f 6875 6873 6877 
f 6875 6877 6878 
f 6875 6878 4428 
f 6873 6879 6880 
f 6877 6873 6880 
f 6877 6880 6878 
f 4428 6878 4429 
f 6878 6880 4430 
f 6880 6881 4430 
f 4429 6878 4430 
f 6881 6882 4430 
f 4430 6882 6883 
f 6883 6882 6884 
f 6883 6884 6885 
f 6884 6886 6885 
f 6886 6887 6888 
f 6885 6886 6889 
f 6886 6888 6889 
f 6888 6887 6890 
f 6888 6890 6891 
f 6889 6888 6892 
f 6888 6891 6892 
f 6891 6890 6893 
f 6892 6891 6894 
f 6893 6895 6896 
f 6894 6891 6897 
f 6891 6893 6897 
f 6896 6898 6899 
f 6896 6899 6900 
f 6893 6896 6901 
f 6896 6900 6901 
f 6897 6893 6902 
f 6893 6901 6902 
f 6897 6902 4432 
f 6903 6904 6905 
f 6904 6903 6906 
f 6899 6904 6906 
f 6899 6906 6900 
f 4432 6902 4433 
f 6900 6906 6907 
f 6901 6900 6908 
f 6900 6907 6908 
f 6902 6901 6909 
f 6901 6908 6909 
f 4433 6902 6909 
f 6910 6911 6912 
f 6903 6913 6914 
f 6906 6903 6915 
f 6903 6914 6915 
f 6907 6906 6916 
f 6906 6915 6916 
f 6907 6916 6908 
f 6909 6908 6917 
f 6918 1814 1815 
f 1814 6918 6919 
f 1814 6919 6920 
f 6910 6912 6920 
f 6910 6920 6921 
f 6922 6910 6923 
f 6910 6921 6923 
f 6913 6922 6923 
f 6914 6913 6924 
f 6913 6923 6924 
f 6914 6924 6915 
f 6916 6915 6925 
f 6908 6916 6926 
f 6916 6925 6926 
f 6917 6908 6927 
f 6908 6926 6927 
f 6920 6919 6928 
f 6924 6923 6929 
f 6924 6929 6930 
f 6915 6924 6931 
f 6924 6930 6931 
f 6925 6915 6932 
f 6915 6931 6932 
f 6925 6932 6933 
f 6925 6933 6926 
f 6927 6926 6934 
f 6919 6918 6935 
f 6935 6918 6936 
f 6919 6935 6928 
f 6920 6928 6937 
f 6921 6920 6937 
f 6923 6921 6938 
f 6921 6937 6938 
f 6923 6938 6929 
f 6926 6933 6939 
f 6934 6926 6940 
f 6926 6939 6940 
f 6934 6940 6941 
f 6935 6936 1866 
f 6928 6935 6942 
f 6937 6928 6943 
f 6928 6942 6943 
f 6938 6937 6944 
f 6929 6938 4782 
f 6938 6944 4782 
f 6930 6929 6945 
f 6929 4782 6945 
f 6931 6930 4774 
f 6930 6945 4774 
f 6932 6931 4783 
f 6931 4774 4783 
f 6933 6932 4783 
f 6933 4783 6939 
f 6941 6940 4785 
f 6935 1866 1878 
f 6942 6935 4779 
f 6935 1878 4779 
f 6943 6942 4779 
f 6943 4779 4781 
f 6937 6943 4781 
f 6937 4781 6944 
f 1607 1587 1608 
f 1605 1604 6817 
f 1809 1810 1815 
f 1815 1856 6918 
f 1856 1857 6918 
f 3684 3700 3699 
f 4435 4434 6941 
f 4434 4405 6927 
f 4405 4394 6909 
f 4432 4431 6897 
f 4431 4363 6889 
f 4363 4350 6889 
f 4350 4348 6883 
f 4427 4314 6869 
f 4314 4426 6865 
f 4292 4425 6846 
f 4425 4424 3699 
f 4424 3713 3699 
f 4781 4777 6944 
f 4776 4784 6939 
f 4784 4785 6940 
f 6848 6946 6854 
f 6854 6947 6855 
f 6871 6948 6949 
f 6884 6950 6886 
f 6886 6951 6887 
f 6890 6887 6952 
f 6890 6952 6953 
f 6922 6954 6955 
f 3690 3682 3704 
f 6828 1587 1606 
f 4292 6846 6853 
f 6820 6817 1604 
f 6856 6855 6861 
f 4292 6853 4426 
f 6867 6866 6871 
f 4314 6865 6869 
f 6870 6871 6874 
f 6873 6876 6879 
f 6884 6882 6950 
f 4348 4430 6883 
f 4350 6883 6885 
f 4350 6885 6889 
f 4431 6889 6892 
f 4431 6892 6894 
f 6896 6895 6898 
f 6893 6890 6895 
f 4431 6894 6897 
f 6904 6899 6956 
f 6903 6905 6957 
f 6957 6913 6903 
f 6913 6957 6954 
f 4394 4433 6909 
f 6955 6910 6922 
f 6922 6913 6954 
f 4405 6909 6917 
f 4405 6917 6927 
f 4434 6927 6934 
f 6918 1857 6936 
f 4434 6934 6941 
f 6936 1857 1866 
f 4783 4776 6939 
f 6939 4784 6940 
f 4435 6941 4785 
f 6944 4777 4782 
f 4770 1878 1877 
f 1608 1587 6828 
f 4774 6945 4782 
f 6847 6817 6958 
f 6848 6847 6946 
f 6874 6871 6949 
f 6880 6879 6959 
f 6960 6961 6962 
f 6960 6962 6963 
f 6963 6962 6964 
f 6963 6964 6965 
f 6966 6967 6968 
f 6968 6967 6969 
f 6968 6969 6970 
f 6968 6970 6971 
f 6972 6973 6974 
f 6975 6976 6977 
f 6975 6977 6978 
f 6978 6977 6979 
f 6978 6979 6980 
f 6980 6979 6981 
f 6981 6982 6980 
f 6980 6982 6983 
f 6982 6984 6983 
f 6983 6984 6985 
f 6984 6986 6985 
f 6985 6986 6987 
f 6986 6961 6987 
f 6961 6960 6987 
f 6987 6960 6988 
f 6988 6960 6989 
f 6960 6963 6989 
f 6989 6963 6990 
f 6990 6963 6991 
f 6963 6965 6991 
f 6991 6965 6992 
f 6965 6966 6992 
f 6992 6966 6993 
f 6993 6966 6994 
f 6966 6968 6994 
f 6994 6968 6995 
f 6995 6968 6996 
f 6968 6971 6996 
f 6996 6971 6997 
f 6971 6972 6997 
f 6997 6972 6998 
f 6972 6974 6998 
f 6974 6999 7000 
f 7000 6999 7001 
f 7000 7001 7002 
f 7003 7004 7005 
f 7003 7005 7006 
f 7007 7008 6826 
f 7009 7010 7011 
f 7012 7009 7013 
f 7012 7013 7014 
f 7012 7014 7015 
f 7015 7016 7017 
f 7017 7016 7018 
f 7017 7018 7019 
f 7019 7018 7020 
f 7020 7018 6975 
f 7018 6976 6975 
f 448 210 212 
f 207 182 448 
f 7004 7003 7021 
f 7021 7003 7022 
f 7003 7006 7022 
f 7006 7023 7022 
f 7022 7023 7024 
f 7025 7024 7026 
f 7025 7026 7027 
f 7028 7007 7029 
f 7029 7007 7030 
f 7029 7030 7031 
f 7029 7031 7032 
f 7032 7031 7011 
f 7032 7011 7010 
f 7009 7033 7034 
f 7009 7012 7033 
f 7033 7012 7035 
f 7012 7015 7035 
f 7035 7015 7017 
f 6975 6978 7036 
f 6978 6980 7036 
f 7036 6980 6983 
f 6983 6985 7037 
f 7037 6985 7038 
f 6985 6987 7038 
f 7038 6987 7039 
f 6987 6988 7039 
f 6988 6989 7039 
f 6989 6990 7039 
f 6990 6991 7040 
f 6991 6992 7040 
f 7040 6992 6993 
f 6994 6995 7041 
f 6995 6996 7041 
f 7041 6996 7042 
f 6996 6997 7042 
f 7042 6997 7043 
f 6997 6998 7043 
f 7043 6998 7044 
f 6998 6974 7044 
f 6974 7000 7044 
f 7044 7000 7045 
f 7000 7002 7045 
f 7045 7002 7004 
f 7025 7027 7046 
f 7046 7027 7047 
f 7027 7048 7047 
f 7047 7048 7049 
f 7048 7050 7049 
f 7050 7051 7049 
f 7052 7051 7053 
f 7054 7052 7055 
f 7054 7055 7056 
f 7056 1808 7057 
f 1808 7056 1813 
f 7008 7058 6958 
f 7007 7058 7008 
f 6958 6816 7008 
f 7007 7028 7058 
f 5763 207 448 
f 202 187 189 
f 7059 7010 7034 
f 7009 7034 7010 
f 7033 7035 7060 
f 7035 7017 7061 
f 7061 7017 7019 
f 7020 6975 6948 
f 6949 7036 7062 
f 7036 6983 7062 
f 7062 6983 7063 
f 7063 6983 7064 
f 6983 7037 7064 
f 7064 7037 7065 
f 7037 7038 7065 
f 7038 7039 7066 
f 7066 7039 7067 
f 7039 6990 7067 
f 7067 6990 7068 
f 7068 6990 7040 
f 7040 6993 7069 
f 7069 6993 6951 
f 6993 6994 6951 
f 6951 6994 7041 
f 7042 7043 7070 
f 7043 7044 7070 
f 7070 7044 7071 
f 7071 7044 7045 
f 7045 7004 7072 
f 7072 7004 7073 
f 7004 7021 7073 
f 7022 7024 7074 
f 7074 7024 7075 
f 7024 7025 7075 
f 7075 7025 7046 
f 7047 7049 7076 
f 7049 7051 7077 
f 7077 7051 7078 
f 7051 7052 7078 
f 7078 7052 7079 
f 7079 7052 7054 
f 7054 7056 7080 
f 7056 7057 7081 
f 7080 7056 7081 
f 7058 7028 6847 
f 6847 7028 6946 
f 7028 7029 6946 
f 6946 7029 7032 
f 7032 7010 6947 
f 6947 7010 7059 
f 6948 6975 7036 
f 7065 7038 6959 
f 6959 7038 7066 
f 6950 7040 7069 
f 6951 7041 6887 
f 6887 7041 6952 
f 7041 7042 6952 
f 6952 7042 6953 
f 6953 7042 7070 
f 7071 7045 6898 
f 6898 7045 7072 
f 7072 7073 6956 
f 6956 7073 6904 
f 6904 7073 7021 
f 7075 7046 6954 
f 6954 7046 6955 
f 6955 7046 7047 
f 7076 7049 6911 
f 6911 7049 7077 
f 7079 7054 1814 
f 1814 7054 7080 
f 7081 7057 1814 
f 1809 1814 7057 
f 1808 1809 7057 
f 6819 6821 6816 
f 6817 6816 6958 
f 6854 6946 7032 
f 6947 6854 7032 
f 6855 6947 7059 
f 6861 6855 7033 
f 6860 6861 7061 
f 6866 6860 7019 
f 6871 6866 7020 
f 6949 6948 7036 
f 6876 6874 7062 
f 6879 6876 7063 
f 6959 6879 7065 
f 6880 6959 7066 
f 6881 6880 7067 
f 6882 6881 7068 
f 6950 6882 7040 
f 6886 6950 7069 
f 6951 6886 7069 
f 6890 6953 7070 
f 6895 6890 7070 
f 6898 6895 7071 
f 6956 6899 7072 
f 6957 6905 7022 
f 6954 6957 7075 
f 6910 6955 7076 
f 6912 6911 7077 
f 6920 6912 7079 
f 7055 7052 7053 
f 7053 7051 7082 
f 7082 7050 7083 
f 7083 7048 7084 
f 7084 7027 7026 
f 7026 7024 7023 
f 7023 7006 7005 
f 7085 7002 1573 
f 1573 7002 7001 
f 6999 6974 1560 
f 1560 6974 1576 
f 1576 6974 6973 
f 6972 7086 7087 
f 7086 6971 6970 
f 7088 6969 6967 
f 7089 6966 6965 
f 7090 6965 6964 
f 7091 6962 7092 
f 7092 6961 6986 
f 7093 6984 6982 
f 7094 7018 7095 
f 7095 7018 7016 
f 7096 7015 7014 
f 7013 7009 7011 
f 7030 7007 7097 
f 7097 7007 6826 
f 6986 6984 7093 
f 6962 6961 7092 
f 6967 6966 7089 
f 6972 6971 7086 
f 6976 7018 7094 
f 6977 6976 7098 
f 7004 7002 7085 
f 7005 7004 7085 
f 7008 6821 6826 
f 7048 7027 7084 
f 7050 7048 7083 
f 7051 7050 7082 
f 6816 6821 7008 
f 6855 7059 7034 
f 6855 7034 7033 
f 6861 7033 7060 
f 6861 7060 7035 
f 6861 7035 7061 
f 6860 7061 7019 
f 6866 7019 7020 
f 6871 7020 6948 
f 6874 6949 7062 
f 6876 7062 7063 
f 6879 7063 7064 
f 6879 7064 7065 
f 6880 7066 7067 
f 6881 7067 7068 
f 6882 7068 7040 
f 6895 7070 7071 
f 6899 6898 7072 
f 6905 6904 7021 
f 6905 7021 7022 
f 6957 7022 7074 
f 6957 7074 7075 
f 6955 7047 7076 
f 6910 7076 6911 
f 6912 7077 7078 
f 6912 7078 7079 
f 6920 7079 1814 
f 1814 7080 7081 
f 7058 6847 6958 
f 7097 7099 7100 
f 7030 7097 7101 
f 7031 7030 7101 
f 7031 7101 7011 
f 7011 7102 7013 
f 7096 7095 7016 
f 7095 7103 7094 
f 7085 1573 7104 
f 7023 7105 7026 
f 7026 7105 7106 
f 7105 7107 7106 
f 7026 7106 7084 
f 7083 7084 7108 
f 7083 7108 7082 
f 7082 7108 7109 
f 7055 7053 7109 
f 7109 7108 7110 
f 7056 7055 7111 
f 7055 7109 7111 
f 7109 7110 7111 
f 7056 7111 1813 
f 1804 1813 7112 
f 1813 7111 7112 
f 7087 7113 6973 
f 7113 1577 6973 
f 1577 1576 6973 
f 1560 1566 6999 
f 1566 1573 7001 
f 1566 7001 6999 
f 6973 6972 7087 
f 6970 6969 7114 
f 6967 7089 7115 
f 7089 6965 7116 
f 197 99 103 
f 6964 6962 7090 
f 7092 6986 7117 
f 7093 6982 7118 
f 6982 6981 7119 
f 6981 6979 7119 
f 7098 6976 7094 
f 7016 7015 7096 
f 7014 7013 7096 
f 7120 7100 7121 
f 7097 7100 7122 
f 7101 7122 7123 
f 7101 7123 7102 
f 7013 7124 7125 
f 7096 7126 7127 
f 7098 7128 7129 
f 7119 6979 6977 
f 7104 1573 1572 
f 7104 1572 7130 
f 7085 7130 1571 
f 7105 7131 7132 
f 7106 7107 7133 
f 7106 7133 7134 
f 7084 7134 7135 
f 7108 7135 7136 
f 7108 7136 7137 
f 7110 7137 7138 
f 7110 7138 7139 
f 7112 7111 7139 
f 7090 6962 7091 
f 7116 6965 7090 
f 7115 7089 7116 
f 7088 6967 7115 
f 7114 6969 7088 
f 7086 6970 7114 
f 7118 6982 7119 
f 7117 6986 7093 
f 6826 7099 7097 
f 7100 7099 7121 
f 7101 7097 7122 
f 7011 7101 7102 
f 7013 7102 7124 
f 7096 7013 7125 
f 7096 7125 7126 
f 7095 7096 7127 
f 7095 7127 7103 
f 7094 7103 7128 
f 6977 7098 7129 
f 7005 7085 7105 
f 7085 7104 7130 
f 7023 7005 7105 
f 7107 7105 7132 
f 7108 7084 7135 
f 7082 7109 7053 
f 7110 7108 7137 
f 7111 7110 7139 
f 7098 7094 7128 
f 7105 7085 1571 
f 7084 7106 7134 
f 7140 7141 7117 
f 7142 7143 7144 
f 7140 7117 7118 
f 7140 7118 7119 
f 7142 7140 7145 
f 7140 7119 7145 
f 7143 7142 7146 
f 7142 7145 7146 
f 7143 7146 7147 
f 7145 7119 7148 
f 7092 7117 7141 
f 82 68 57 
f 7149 7150 7151 
f 7147 7151 7152 
f 7143 7152 7153 
f 7145 7148 7129 
f 7146 7129 7128 
f 7146 7128 7154 
f 7149 7146 7154 
f 7091 7092 7141 
f 7144 7143 7153 
f 7117 7093 7118 
f 7143 7147 7152 
f 7146 7145 7129 
f 7147 7146 7149 
f 7147 7149 7151 
f 7141 7144 7155 
f 7156 7157 7158 
f 7156 7158 7159 
f 7141 7160 7115 
f 7115 7160 7114 
f 7160 7141 7161 
f 7114 7160 7162 
f 7114 7162 7159 
f 447 202 189 
f 7163 7162 7160 
f 7162 7164 7165 
f 7162 7166 7164 
f 1574 1557 7167 
f 5761 201 5762 
f 1557 1559 7157 
f 1559 1561 7157 
f 1561 1577 7158 
f 1577 7113 7158 
f 7113 7087 7158 
f 7087 7086 7158 
f 7086 7114 7158 
f 7088 7115 7114 
f 7116 7090 7115 
f 198 179 457 
f 7090 7091 7141 
f 7141 7140 7144 
f 7140 7142 7144 
f 7144 7153 7168 
f 7144 7168 7169 
f 7144 7169 7170 
f 102 197 103 
f 7161 7155 7171 
f 7161 7171 7172 
f 7165 7173 7159 
f 7159 7174 7175 
f 7159 7175 7176 
f 193 65 194 
f 7162 7163 7177 
f 7162 7177 7166 
f 7155 7144 7170 
f 7157 1561 7158 
f 7159 7158 7114 
f 7156 7159 7176 
f 7161 7141 7155 
f 7160 7161 7178 
f 7159 7162 7165 
f 102 196 197 
f 7163 7160 7179 
f 1557 7157 7167 
f 7090 7141 7115 
f 7177 7163 7180 
f 7180 7163 7179 
f 7181 7160 7182 
f 7160 7181 7179 
f 165 177 191 
f 7166 7183 7164 
f 7184 7185 7186 
f 7185 7184 7187 
f 7188 7189 7190 
f 7190 7191 7192 
f 7190 7189 7191 
f 7191 7193 7194 
f 7194 7193 7195 
f 7196 7194 7197 
f 7184 7186 7198 
f 7187 7184 7198 
f 7188 7187 7199 
f 7187 7198 7199 
f 7188 7199 7189 
f 7191 7200 7193 
f 7194 7195 7197 
f 7189 7199 7201 
f 7191 7189 7200 
f 7189 7201 7200 
f 7195 7193 7202 
f 7200 7203 7193 
f 7197 7195 7204 
f 7195 7202 7204 
f 7197 7204 7205 
f 7197 7205 7206 
f 183 359 190 
f 7198 7207 7208 
f 7199 7198 7209 
f 7198 7208 7209 
f 7199 7209 7201 
f 7207 7210 7211 
f 7200 7201 7212 
f 7203 7202 7193 
f 7208 7207 7213 
f 7209 7208 7213 
f 7209 7213 7201 
f 7200 7212 7214 
f 7200 7214 7203 
f 7205 7204 7215 
f 7205 7215 7206 
f 7206 7215 7216 
f 7210 7217 7218 
f 7210 7218 7211 
f 177 66 191 
f 7191 7172 7192 
f 7188 7190 7170 
f 7187 7170 7185 
f 7153 7186 7185 
f 7211 7219 7207 
f 7201 7214 7212 
f 7203 7220 7221 
f 7204 7221 7215 
f 7206 7216 7222 
f 7206 7222 7223 
f 7197 7223 7196 
f 7187 7188 7170 
f 7190 7192 7224 
f 7191 7194 7172 
f 7198 7186 7210 
f 7207 7198 7210 
f 7197 7206 7223 
f 165 393 175 
f 393 176 175 
f 7213 7207 7219 
f 7201 7213 7225 
f 7201 7225 7214 
f 7203 7214 7220 
f 7202 7203 7221 
f 7204 7202 7221 
f 7217 7186 7153 
f 7210 7186 7217 
f 7222 7216 7226 
f 7227 7228 7229 
f 7230 7227 7231 
f 7229 7228 7232 
f 7226 7232 7233 
f 7229 7232 7226 
f 7226 7233 7223 
f 7227 7230 7228 
f 7223 7233 7234 
f 7233 7232 7180 
f 7233 7180 7234 
f 7228 7230 7235 
f 7232 7228 7180 
f 7228 7235 7180 
f 7230 7166 7235 
f 7234 7180 7182 
f 7166 7230 7183 
f 7182 7180 7181 
f 7164 7183 7236 
f 7177 7180 7235 
f 7179 7181 7180 
f 7182 7196 7234 
f 7196 7223 7234 
f 7226 7216 7237 
f 7229 7237 7238 
f 7227 7238 7231 
f 7227 7229 7238 
f 7222 7226 7223 
f 7166 7177 7235 
f 7229 7226 7237 
f 1574 7167 7239 
f 7240 7183 7241 
f 7240 7241 7242 
f 7242 7243 7244 
f 7242 7241 7243 
f 7244 7245 7246 
f 7244 7243 7245 
f 7246 7245 7247 
f 7246 7248 7249 
f 7246 7247 7248 
f 7249 7239 7250 
f 7249 7248 7239 
f 1574 7239 7251 
f 7252 7253 7254 
f 190 359 177 
f 7245 7243 7255 
f 7245 7255 7247 
f 7239 7248 7256 
f 7239 7256 7251 
f 7243 7241 7257 
f 7243 7257 7255 
f 7247 7255 7258 
f 7248 7247 7259 
f 7247 7258 7259 
f 7256 7248 7260 
f 7248 7259 7260 
f 7256 7260 7251 
f 7261 7241 7231 
f 7241 7261 7257 
f 7255 7257 7262 
f 7255 7262 7258 
f 7257 7261 7262 
f 7258 7262 7259 
f 7251 7260 7263 
f 7251 7263 7264 
f 7265 7266 7231 
f 7262 7261 7267 
f 7263 7268 7269 
f 7183 7230 7241 
f 7231 7238 7265 
f 7261 7266 7267 
f 7262 7270 7271 
f 7259 7271 7272 
f 7263 7272 7268 
f 7239 7167 7250 
f 7244 7246 7174 
f 7264 7269 7273 
f 7264 7273 7274 
f 7183 7240 7236 
f 7246 7249 7275 
f 1574 7251 7274 
f 7251 7264 7274 
f 7241 7230 7231 
f 7266 7261 7231 
f 7262 7267 7270 
f 7259 7262 7271 
f 7260 7259 7272 
f 7263 7260 7272 
f 7263 7269 7264 
f 7276 7277 7278 
f 7278 7279 7280 
f 7278 7277 7279 
f 7280 7281 7282 
f 7280 7279 7281 
f 7282 7281 7283 
f 7277 7276 7284 
f 7279 7277 7284 
f 7279 7284 7285 
f 7279 7285 7281 
f 7276 7286 7287 
f 7276 7287 7284 
f 7284 7287 7288 
f 7284 7288 7285 
f 7281 7285 7289 
f 7283 7281 7290 
f 7281 7289 7290 
f 1574 7274 7290 
f 7274 7273 7283 
f 7273 7269 7282 
f 7280 7291 7292 
f 7286 7293 7294 
f 7276 7295 7296 
f 7286 7296 7293 
f 7297 7276 7278 
f 7276 7297 7295 
f 7280 7282 7291 
f 7273 7282 7283 
f 7286 7276 7296 
f 7287 7286 7294 
f 7285 7288 1570 
f 7289 7285 1570 
f 7274 7283 7290 
f 7298 7299 7300 
f 7301 7302 7303 
f 7304 7298 7300 
f 7298 7304 7305 
f 7306 7307 7308 
f 7308 7307 7303 
f 7303 7307 7301 
f 7305 7304 7309 
f 7310 7309 7311 
f 7312 7310 7311 
f 7313 7312 7314 
f 7312 7311 7314 
f 7315 7313 7314 
f 7315 7314 7316 
f 7317 7315 7316 
f 7318 7317 7319 
f 7317 7316 7319 
f 7318 7319 7306 
f 7320 7253 7252 
f 7320 7321 7253 
f 7301 7307 7322 
f 7307 7323 7322 
f 7309 7304 7324 
f 7309 7324 7311 
f 7314 7311 7325 
f 7314 7325 7326 
f 7314 7326 7316 
f 7307 7306 7327 
f 7307 7327 7323 
f 7328 7304 7329 
f 7304 7328 7324 
f 7324 7328 7330 
f 7311 7324 7331 
f 7324 7330 7331 
f 7311 7331 7325 
f 7316 7326 7332 
f 7319 7316 7333 
f 7316 7332 7333 
f 7306 7319 7333 
f 7306 7333 7327 
f 7323 7327 7334 
f 7323 7334 7322 
f 7331 7330 7335 
f 7325 7331 7336 
f 7325 7336 7326 
f 7332 7326 7337 
f 7333 7332 7337 
f 7327 7333 7338 
f 7327 7338 7334 
f 7303 7302 7308 
f 7306 7308 7339 
f 7312 7340 7341 
f 7309 7341 7342 
f 7309 7342 7343 
f 7298 7343 7299 
f 7344 7328 7345 
f 7331 7335 7346 
f 7331 7346 7336 
f 7326 7336 7337 
f 7305 7309 7343 
f 7309 7310 7341 
f 7310 7312 7341 
f 7312 7313 7340 
f 7313 7315 7340 
f 7315 7317 7347 
f 7317 7318 7347 
f 7318 7306 7339 
f 7329 7304 7300 
f 7322 7334 7348 
f 7298 7305 7343 
f 7349 7350 7351 
f 7349 7351 7301 
f 7350 7349 7352 
f 7352 7353 7354 
f 7354 7355 7356 
f 7354 7353 7355 
f 7356 7355 7357 
f 7349 7301 7358 
f 7352 7349 7359 
f 7353 7352 7359 
f 7353 7359 7360 
f 7353 7360 7355 
f 7359 7349 7361 
f 7349 7358 7361 
f 7355 7360 7362 
f 7359 7361 7363 
f 7360 7359 7363 
f 7360 7363 7362 
f 7362 7363 7364 
f 7358 7348 7361 
f 7363 7361 7365 
f 7363 7365 7364 
f 7362 7364 7366 
f 7302 7301 7351 
f 7301 7322 7358 
f 7357 7367 7356 
f 7352 7354 7368 
f 7352 7368 7350 
f 7361 7369 7365 
f 7366 7370 7371 
f 7362 7371 7372 
f 7355 7372 7357 
f 7373 7367 7357 
f 7354 7356 7374 
f 7358 7322 7348 
f 7355 7362 7372 
f 7361 7348 7369 
f 7362 7366 7371 
f 7375 7373 7357 
f 7375 7357 7372 
f 7373 7375 7376 
f 7376 7375 7377 
f 7378 7379 7380 
f 7380 7379 7381 
f 7382 7383 7384 
f 7384 7383 7385 
f 7385 7386 7387 
f 7385 7383 7386 
f 7387 7321 7320 
f 7387 7386 7321 
f 5763 205 207 
f 7253 7321 7254 
f 180 181 187 
f 7252 7254 7388 
f 7389 7375 7372 
f 7377 7375 7390 
f 7375 7389 7390 
f 7391 7377 7392 
f 7377 7390 7392 
f 7378 7391 7393 
f 7391 7392 7393 
f 7378 7393 7379 
f 7381 7379 7394 
f 7395 7381 7396 
f 7381 7394 7396 
f 7397 7395 7398 
f 7395 7396 7398 
f 7382 7397 7399 
f 7397 7398 7399 
f 7383 7382 7400 
f 7382 7399 7400 
f 7383 7400 7401 
f 7386 7383 7402 
f 7383 7401 7402 
f 7386 7403 7321 
f 7404 7389 7371 
f 7386 7402 7403 
f 7403 7254 7321 
f 7389 7404 7405 
f 7390 7389 7406 
f 7389 7405 7406 
f 7392 7390 7407 
f 7390 7406 7407 
f 7393 7392 7408 
f 7392 7407 7408 
f 7379 7393 7409 
f 7393 7408 7409 
f 7394 7379 7410 
f 7379 7409 7410 
f 7396 7394 7411 
f 7394 7410 7411 
f 7398 7396 7412 
f 7396 7411 7412 
f 7399 7398 7413 
f 7398 7412 7413 
f 7400 7399 7414 
f 7399 7413 7414 
f 7401 7400 7415 
f 7400 7414 7415 
f 7401 7415 7402 
f 7254 7403 7416 
f 7388 7254 7417 
f 7254 7416 7417 
f 7320 7418 7419 
f 7384 7385 7420 
f 7382 7384 7421 
f 7395 7421 7422 
f 7395 7422 7380 
f 7378 7380 7423 
f 7377 7423 7376 
f 7410 7424 7411 
f 7412 7425 7413 
f 7402 7415 7416 
f 7418 7252 7388 
f 7320 7252 7418 
f 7377 7391 7423 
f 7391 7378 7423 
f 7381 7395 7380 
f 7395 7397 7421 
f 7397 7382 7421 
f 7387 7320 7419 
f 7389 7372 7371 
f 7404 7371 7370 
f 7407 7406 7426 
f 7410 7409 7424 
f 7412 7411 7425 
f 7403 7402 7416 
f 7417 7416 7427 
f 7428 7429 7388 
f 7428 7430 7431 
f 213 185 176 
f 7431 7430 7432 
f 7433 7296 7434 
f 184 186 209 
f 184 183 186 
f 7435 7436 7437 
f 7438 7435 7439 
f 7435 7437 7439 
f 7433 7438 7440 
f 7438 7439 7440 
f 7296 7433 7441 
f 7433 7440 7441 
f 7432 7430 7442 
f 181 179 182 
f 7432 7442 7443 
f 7441 7440 7444 
f 7445 7428 7388 
f 176 185 177 
f 7428 7445 7430 
f 7443 7442 7446 
f 7447 7443 7446 
f 7436 7447 7448 
f 7447 7446 7448 
f 7436 7448 7437 
f 7439 7437 7449 
f 7440 7439 7450 
f 7439 7449 7450 
f 7440 7450 7444 
f 7445 7388 7417 
f 7442 7430 7451 
f 7446 7442 7452 
f 7442 7451 7452 
f 7446 7452 7453 
f 7446 7453 7448 
f 7437 7448 7454 
f 7437 7454 7449 
f 7455 7445 7417 
f 7445 7455 7456 
f 7430 7445 7456 
f 7451 7430 7456 
f 7455 7417 7457 
f 7293 7296 7444 
f 7418 7388 7429 
f 7435 7458 7459 
f 7447 7459 7460 
f 7443 7460 7461 
f 7432 7461 7431 
f 7417 7427 7457 
f 7456 7462 7463 
f 7451 7463 7452 
f 7449 7454 7464 
f 7449 7464 7450 
f 7293 7444 7465 
f 7429 7428 7431 
f 7432 7443 7461 
f 7443 7447 7460 
f 7447 7436 7459 
f 7436 7435 7459 
f 7435 7438 7458 
f 7438 7433 7458 
f 7296 7295 7434 
f 7433 7434 7458 
f 7296 7441 7444 
f 7448 7453 7454 
f 7451 7456 7463 
f 7444 7450 7465 
f 1563 1574 7290 
f 1575 1563 7289 
f 1568 1570 7288 
f 7165 7164 7236 
f 7173 7165 7240 
f 7159 7173 7242 
f 7175 7174 7246 
f 7176 7175 7246 
f 7156 7176 7275 
f 7157 7156 7249 
f 7167 7157 7250 
f 195 191 65 
f 7250 7157 7249 
f 7249 7156 7275 
f 7275 7176 7246 
f 7174 7159 7244 
f 7244 7159 7242 
f 7242 7173 7240 
f 7240 7165 7236 
f 7294 7293 7465 
f 7287 1568 7288 
f 1570 1575 7289 
f 7289 1563 7290 
f 7455 7457 7466 
f 7462 7456 7455 
f 7452 7463 7467 
f 7453 7452 7467 
f 7464 7454 7468 
f 7465 7450 7469 
f 1568 7287 7294 
f 7450 7470 7469 
f 7450 7464 7470 
f 181 182 188 
f 7471 7472 7473 
f 7471 7473 7474 
f 7466 7475 7476 
f 7466 7476 7477 
f 7475 7466 7427 
f 7478 7137 7135 
f 7478 7135 7469 
f 7469 7135 7479 
f 1572 1571 7130 
f 1571 1564 7105 
f 1564 1569 7131 
f 1569 1568 7479 
f 7480 7112 7477 
f 7112 7139 7477 
f 7139 7138 7137 
f 7134 7133 7135 
f 7133 7107 7479 
f 7107 7132 7479 
f 7132 7131 7479 
f 7105 1564 7131 
f 1568 7294 7479 
f 7294 7465 7469 
f 7470 7464 7478 
f 7464 7468 7478 
f 7468 7454 7478 
f 7454 7453 7478 
f 213 186 185 
f 7453 7467 7477 
f 7467 7463 7477 
f 7463 7462 7477 
f 7462 7455 7477 
f 7455 7466 7477 
f 7457 7427 7466 
f 7475 7416 7481 
f 7482 7481 7425 
f 7474 7425 7424 
f 7474 7424 7483 
f 7472 7484 7485 
f 7473 7485 7486 
f 7473 7486 7487 
f 7474 7487 7488 
f 7474 7488 7489 
f 7482 7489 1849 
f 7482 1849 7475 
f 7472 7366 7490 
f 7472 7490 7491 
f 7484 7472 7491 
f 7473 7472 7485 
f 7474 7473 7487 
f 7471 7474 7483 
f 7474 7482 7425 
f 7482 7474 7489 
f 7482 7475 7481 
f 7476 7480 7477 
f 7475 7427 7416 
f 7478 7453 7137 
f 7137 7136 7135 
f 7470 7478 7469 
f 7135 7133 7479 
f 7294 7469 7479 
f 7131 1569 7479 
f 7477 7139 7137 
f 7453 7477 7137 
f 7484 7491 7492 
f 7491 7490 7365 
f 7490 7366 7365 
f 171 160 172 
f 7365 7369 7493 
f 7493 7369 7494 
f 7493 7495 7496 
f 7492 7491 7496 
f 7491 7365 7493 
f 7491 7493 7496 
f 1844 1823 1816 
f 1844 1816 7497 
f 1816 1807 1804 
f 1844 7497 1843 
f 1833 1843 1849 
f 5093 1821 5094 
f 5094 1821 5099 
f 1833 1849 1836 
f 5099 1821 1849 
f 5099 1849 7489 
f 5099 7489 7488 
f 7485 7484 5105 
f 1818 1849 1821 
f 1829 1827 1844 
f 5114 5097 5161 
f 5119 5120 5099 
f 5155 5140 7498 
f 5142 5143 7499 
f 5159 5146 7500 
f 5146 5148 7500 
f 5148 5151 7500 
f 5151 5154 7501 
f 5154 5160 7501 
f 5160 5161 7501 
f 5247 5155 7498 
f 5138 5121 5155 
f 1804 7112 1816 
f 7112 7480 7497 
f 7480 7476 7497 
f 7476 7475 7497 
f 7475 1849 1843 
f 7487 7486 5099 
f 7486 7485 5119 
f 7484 7492 5118 
f 7492 7496 5118 
f 7496 7495 5118 
f 5118 7495 5117 
f 7499 5143 5157 
f 5156 5142 7499 
f 7498 5140 5156 
f 5117 7495 5116 
f 5161 5097 7502 
f 7500 5151 7501 
f 5144 5158 7503 
f 7504 5144 7503 
f 5157 5144 7504 
f 1829 1844 1843 
f 7497 7475 1843 
f 7488 7487 5099 
f 7484 5118 5105 
f 5119 7485 5105 
f 5097 5116 7502 
f 1816 7112 7497 
f 5099 7486 5119 
f 5157 7504 7505 
f 7504 7503 7505 
f 7503 5158 7506 
f 5158 5159 7506 
f 7507 7505 7508 
f 7344 7509 7510 
f 7510 7509 7511 
f 7508 7505 7511 
f 7503 7506 7510 
f 7505 7503 7510 
f 7505 7510 7511 
f 7512 7506 7501 
f 7501 7506 7500 
f 7493 7494 7495 
f 5159 7500 7506 
f 5116 7495 7502 
f 7344 7510 7506 
f 7495 7494 7338 
f 7502 7338 7337 
f 7501 7337 7512 
f 7344 7506 7335 
f 7506 7512 7335 
f 7502 7495 7338 
f 7501 5161 7337 
f 5161 7502 7337 
f 7328 7344 7335 
f 7330 7328 7335 
f 7346 7335 7512 
f 7336 7346 7512 
f 7337 7336 7512 
f 7348 7334 7494 
f 7369 7348 7494 
f 7404 7370 7472 
f 7405 7404 7472 
f 7406 7405 7471 
f 7426 7406 7471 
f 7407 7426 7471 
f 7408 7407 7483 
f 7409 7408 7483 
f 7424 7409 7483 
f 7425 7411 7424 
f 7414 7413 7425 
f 7415 7414 7481 
f 168 174 170 
f 183 182 364 
f 7416 7415 7481 
f 7481 7414 7425 
f 7483 7407 7471 
f 7471 7405 7472 
f 7472 7370 7366 
f 7366 7364 7365 
f 168 169 174 
f 7509 7344 7513 
f 7507 7508 7514 
f 7494 7334 7338 
f 7338 7333 7337 
f 7508 7511 7514 
f 7513 7344 7345 
f 7515 7516 7517 
f 7517 7518 7519 
f 7518 7520 7521 
f 7522 7523 7524 
f 7524 7523 7507 
f 7522 7520 7523 
f 7517 7516 7518 
f 7525 7526 7527 
f 7527 7528 7529 
f 7527 7526 7528 
f 7525 7530 7526 
f 7531 7532 7533 
f 7534 7535 7536 
f 7537 7538 7539 
f 7538 7540 7541 
f 7540 7542 7543 
f 7542 7544 7545 
f 7544 7546 7547 
f 7546 7548 7549 
f 7548 7550 7551 
f 7550 7552 7553 
f 7552 7554 7555 
f 7554 7556 7557 
f 7556 7558 7559 
f 7558 7560 7561 
f 7560 7562 7563 
f 7562 7564 7565 
f 7564 7566 7567 
f 7568 7569 7570 
f 7569 7571 7572 
f 7571 7573 7574 
f 7573 7575 7576 
f 7577 7578 7579 
f 7578 7580 7581 
f 7581 7580 7582 
f 7583 7578 7581 
f 7579 7578 7583 
f 7584 7573 7576 
f 7574 7573 7584 
f 7585 7571 7574 
f 7572 7571 7585 
f 7586 7569 7572 
f 7587 7569 7586 
f 7570 7569 7587 
f 7567 7566 7588 
f 7564 7567 7589 
f 7590 7564 7589 
f 7591 7564 7590 
f 7592 7564 7591 
f 7565 7564 7592 
f 7593 7560 7563 
f 7561 7560 7593 
f 7594 7558 7561 
f 7559 7558 7594 
f 7595 7556 7559 
f 7556 7595 7596 
f 7557 7556 7596 
f 7597 7554 7557 
f 7555 7554 7597 
f 7598 7550 7553 
f 7551 7550 7598 
f 7599 7548 7551 
f 7549 7548 7599 
f 7600 7546 7549 
f 7547 7546 7600 
f 7544 7547 7601 
f 7602 7544 7601 
f 7545 7544 7602 
f 7603 7542 7545 
f 7543 7542 7603 
f 7604 7540 7543 
f 7541 7540 7604 
f 7605 7538 7541 
f 7539 7538 7605 
f 7606 7535 7607 
f 7608 7535 7606 
f 7536 7535 7608 
f 7533 7532 7609 
f 170 171 173 
f 7610 5233 7611 
f 7612 5237 7613 
f 5320 5319 7545 
f 7614 5231 5229 
f 5320 7545 7549 
f 5323 5321 7598 
f 5320 7549 5321 
f 5321 7549 7598 
f 7557 5323 7598 
f 7615 5243 5226 
f 5236 5239 5237 
f 5239 5235 7613 
f 5235 5240 7613 
f 5240 5234 7610 
f 5234 5241 5233 
f 5232 5242 7616 
f 5212 5230 5231 
f 5230 5213 5229 
f 5228 5214 7615 
f 5214 5243 7615 
f 5227 5226 5243 
f 5244 5223 5224 
f 5223 5222 7617 
f 5216 5221 5222 
f 5221 5245 5222 
f 5245 5220 7618 
f 5220 5219 7619 
f 5219 5246 7620 
f 5246 5247 7621 
f 5249 5238 7526 
f 5336 5337 7581 
f 5337 5335 7581 
f 5335 5338 7581 
f 5338 5334 7579 
f 5334 5339 7579 
f 5339 5340 7579 
f 5340 5333 7584 
f 5333 5297 7584 
f 5297 5342 7584 
f 5342 5341 7584 
f 5341 5332 5343 
f 5331 5344 7570 
f 5344 5298 7570 
f 5298 5299 7570 
f 1105 322 5107 
f 5329 5300 5345 
f 5300 5328 5345 
f 5310 5346 5345 
f 5346 5327 5345 
f 5327 5347 7561 
f 5347 5326 7561 
f 5326 5348 7561 
f 5348 5325 7561 
f 5325 5301 7561 
f 160 163 172 
f 5301 5302 7557 
f 174 169 167 
f 5302 5324 5323 
f 5324 5349 5323 
f 5303 5322 5323 
f 5322 5350 5321 
f 5304 5320 5321 
f 5305 5306 5319 
f 5306 5307 7545 
f 5307 5318 7545 
f 5318 5286 7545 
f 5286 5308 7604 
f 5308 5317 7604 
f 5317 5351 7604 
f 5351 5316 7539 
f 5316 5352 7539 
f 5352 5315 5353 
f 256 253 254 
f 5311 5314 7536 
f 5314 5313 7536 
f 5313 5309 7533 
f 169 166 167 
f 5309 5354 5312 
f 5357 2629 2630 
f 2630 5383 5357 
f 5383 2632 7622 
f 2632 2633 7623 
f 5247 7498 7516 
f 7498 5156 7518 
f 5156 7499 7520 
f 7499 5157 7505 
f 7505 7507 7523 
f 7520 7499 7523 
f 7518 5156 7520 
f 7516 7498 7518 
f 7530 7624 7526 
f 359 183 364 
f 7624 7531 7533 
f 7609 7534 7533 
f 7608 7606 5353 
f 7606 7607 5353 
f 7607 7537 5353 
f 7605 7541 7604 
f 7543 7603 7604 
f 7603 7545 7604 
f 7602 7601 7545 
f 7601 7547 7545 
f 7547 7600 7549 
f 7599 7551 7549 
f 7553 7552 7598 
f 7552 7555 7598 
f 7555 7597 7557 
f 7596 7595 7557 
f 7595 7559 7557 
f 7559 7594 7561 
f 7593 7563 7561 
f 7563 7562 7561 
f 7562 7565 7561 
f 7565 7592 5345 
f 7592 7591 5345 
f 7591 7590 5345 
f 7590 7589 5345 
f 7589 7567 5330 
f 7567 7588 5330 
f 7588 7566 7570 
f 7566 7625 7570 
f 7625 7568 7570 
f 7587 7586 7570 
f 7586 7572 5343 
f 7572 7585 7584 
f 7585 7574 7584 
f 7576 7575 7579 
f 7575 7577 7579 
f 7582 7626 7581 
f 5336 7626 7623 
f 7622 2632 7623 
f 5383 7622 7627 
f 5355 5357 7627 
f 5247 7516 7621 
f 164 168 393 
f 7620 5246 7621 
f 5219 7620 7628 
f 7619 5219 7628 
f 5220 7619 7629 
f 7618 5220 7629 
f 5245 7618 7630 
f 5245 7630 7631 
f 5245 7631 7632 
f 5222 7632 7633 
f 5222 7633 7634 
f 7617 7634 7635 
f 7617 7635 7636 
f 7617 7637 7638 
f 7617 7638 7639 
f 5224 7639 7640 
f 5224 7640 7641 
f 5224 7641 7642 
f 162 153 443 
f 5226 7642 7643 
f 165 164 393 
f 5226 7643 7644 
f 5226 7644 7645 
f 7615 7645 7646 
f 7615 7646 7647 
f 7615 7647 7648 
f 7615 7648 7649 
f 7615 7649 7650 
f 5229 7650 7651 
f 5229 7651 7652 
f 5229 7652 7614 
f 7614 7653 7654 
f 5231 7654 7655 
f 5231 7655 7656 
f 5231 7656 7657 
f 5231 7657 7658 
f 5231 7658 7659 
f 5231 7659 7660 
f 7616 7660 7661 
f 7616 7661 7662 
f 7611 7616 7663 
f 148 149 157 
f 7611 7663 7664 
f 137 156 138 
f 7611 7664 7665 
f 7610 7665 7666 
f 7613 7610 7667 
f 7613 7667 7668 
f 7613 7668 7669 
f 7612 7670 7671 
f 110 146 129 
f 7612 7671 7672 
f 7612 7672 7673 
f 5237 7673 7674 
f 7528 7526 7674 
f 7613 5240 7610 
f 7610 5234 5233 
f 7611 5233 7616 
f 7610 7611 7665 
f 7526 5237 7674 
f 7526 5238 5237 
f 7612 7613 7670 
f 7608 5353 7536 
f 7534 7536 7533 
f 5353 5311 7536 
f 7536 5313 7533 
f 7533 5309 5312 
f 5249 7526 5312 
f 7526 7624 5312 
f 5319 5306 7545 
f 7545 5286 7604 
f 7605 7604 7539 
f 7604 5351 7539 
f 5353 7537 7539 
f 5231 7614 7654 
f 5231 5230 5229 
f 7616 5242 5231 
f 7616 5231 7660 
f 7547 7549 7545 
f 5302 5323 7557 
f 5323 5322 5321 
f 7551 7598 7549 
f 7555 7557 7598 
f 7615 5226 7645 
f 7557 7559 7561 
f 5327 7561 5345 
f 7561 7565 5345 
f 5345 7589 5330 
f 5224 7617 7639 
f 5224 5223 7617 
f 7617 5222 7634 
f 7584 5341 5343 
f 5343 7572 7584 
f 7570 5299 5330 
f 5330 7588 7570 
f 5338 7579 7581 
f 7579 7583 7581 
f 7579 5340 7584 
f 7576 7579 7584 
f 7581 7626 5336 
f 5237 5239 7613 
f 5233 5232 7616 
f 5229 5228 7615 
f 5226 5225 5224 
f 5222 5245 7632 
f 5343 5331 7570 
f 5329 5345 5330 
f 5301 7557 7561 
f 5352 5353 7539 
f 5357 5383 7627 
f 2633 5336 7623 
f 7499 7505 7523 
f 7624 7533 5312 
f 7586 5343 7570 
f 5226 5224 7642 
f 5229 7615 7650 
f 5237 7612 7673 
f 7516 7515 7621 
f 7529 7528 7675 
f 7528 7674 7675 
f 7674 7673 7675 
f 7671 7670 7676 
f 7670 7613 7676 
f 7613 7669 7677 
f 7669 7668 7677 
f 7610 7666 7678 
f 7666 7665 7678 
f 136 152 154 
f 7663 7616 7679 
f 7616 7662 7679 
f 7660 7659 7680 
f 7659 7658 7680 
f 7658 7657 7680 
f 7657 7656 7681 
f 7656 7655 7681 
f 7655 7654 7682 
f 7654 7653 7682 
f 7653 7614 7683 
f 7614 7652 7683 
f 7652 7651 7683 
f 7651 7650 7683 
f 7650 7649 7683 
f 153 159 161 
f 7641 7640 7684 
f 7640 7639 7684 
f 7637 7617 7685 
f 7617 7636 7685 
f 7634 7633 7686 
f 7633 7632 7686 
f 7632 7631 7686 
f 7631 7630 7686 
f 7630 7618 7687 
f 7618 7629 7687 
f 7629 7619 7687 
f 7619 7628 7687 
f 159 153 162 
f 7628 7620 7621 
f 7630 7687 7688 
f 7635 7634 7686 
f 7638 7637 7685 
f 7642 7641 7684 
f 7683 7649 7648 
f 7682 7653 7683 
f 7681 7655 7682 
f 7680 7657 7681 
f 7661 7660 7680 
f 156 155 138 
f 7678 7665 7664 
f 7667 7610 7678 
f 7676 7613 7677 
f 136 135 152 
f 7689 7690 7691 
f 7691 7692 7693 
f 7691 7690 7692 
f 7693 7692 7694 
f 7694 7692 7695 
f 7695 7696 7697 
f 7697 7696 7698 
f 7699 7700 7701 
f 151 109 7702 
f 7703 7704 7705 
f 7704 7706 7707 
f 7708 7709 7710 
f 7711 7712 7713 
f 126 110 132 
f 7713 7714 7715 
f 7713 7712 7714 
f 7690 7689 7716 
f 7690 7716 7717 
f 7717 7718 7690 
f 7696 7695 7692 
f 7699 7698 7700 
f 7698 7696 7700 
f 7705 7701 7719 
f 7701 7700 7719 
f 7704 7703 7706 
f 146 130 129 
f 7708 7707 7706 
f 7709 7708 7720 
f 7706 7721 7708 
f 7722 7710 7723 
f 7710 7709 7723 
f 7724 7722 7725 
f 7722 7723 7725 
f 7711 7724 7712 
f 7715 7714 7726 
f 7727 7726 7728 
f 7729 7717 7716 
f 7690 7718 7692 
f 7717 7730 7718 
f 151 7702 425 
f 7700 7696 7731 
f 7700 7731 7681 
f 7719 7700 7681 
f 7703 7705 7732 
f 7705 7719 7732 
f 7703 7732 7733 
f 7706 7703 7734 
f 7708 7721 7720 
f 7706 7734 7721 
f 7709 7720 7723 
f 7712 7724 7725 
f 7712 7725 7735 
f 7714 7712 7736 
f 7712 7735 7736 
f 7714 7736 7726 
f 7726 7737 7728 
f 150 126 128 
f 7719 7681 7682 
f 7719 7682 7732 
f 7703 7733 7734 
f 7720 7721 7738 
f 7723 7720 7738 
f 7725 7723 7739 
f 7726 7736 7737 
f 7675 7717 7729 
f 7717 7675 7740 
f 7717 7740 7730 
f 7718 7730 7677 
f 7692 7718 7741 
f 7692 7741 7742 
f 7692 7742 7696 
f 7742 7743 7696 
f 7696 7743 7731 
f 7681 7731 7680 
f 7732 7682 7683 
f 7732 7683 7733 
f 7723 7738 7684 
f 7723 7684 7739 
f 7725 7739 7636 
f 7735 7725 7686 
f 7725 7636 7686 
f 7735 7686 7688 
f 7736 7735 7688 
f 7737 7736 7744 
f 7728 7737 7744 
f 7744 7515 7728 
f 7731 7743 7745 
f 7734 7733 7648 
f 7733 7683 7648 
f 7684 7738 7642 
f 7739 7684 7746 
f 7686 7630 7688 
f 7736 7688 7687 
f 7736 7687 7744 
f 7515 7744 7621 
f 7673 7672 7740 
f 7672 7671 7730 
f 7671 7676 7730 
f 7677 7668 7718 
f 7668 7667 7741 
f 7667 7678 7741 
f 7678 7664 7742 
f 7664 7663 7745 
f 7663 7679 7745 
f 7679 7662 7731 
f 7662 7661 7680 
f 7647 7646 7734 
f 7646 7645 7734 
f 7645 7644 7721 
f 7644 7643 7721 
f 148 157 158 
f 7643 7642 7738 
f 7639 7638 7746 
f 7638 7685 7746 
f 7685 7636 7739 
f 7635 7686 7636 
f 7628 7621 7744 
f 7728 7517 7747 
f 7728 7747 7748 
f 7727 7748 7749 
f 7722 7724 7750 
f 7722 7750 7751 
f 7708 7710 7751 
f 7707 7751 7704 
f 7705 7704 7751 
f 7705 7751 7701 
f 7699 7701 7752 
f 7699 7752 7753 
f 7698 7753 7697 
f 7697 7753 7695 
f 7695 7754 7694 
f 7694 7754 7693 
f 7691 7754 7689 
f 7729 7755 7529 
f 7691 7693 7754 
f 7698 7699 7753 
f 7707 7708 7751 
f 7710 7722 7751 
f 7727 7728 7748 
f 7675 7729 7529 
f 7675 7673 7740 
f 7740 7672 7730 
f 7730 7676 7677 
f 7718 7668 7741 
f 7741 7678 7742 
f 7742 7664 7743 
f 7743 7664 7745 
f 7745 7679 7731 
f 7731 7662 7680 
f 7648 7647 7734 
f 7734 7645 7721 
f 7721 7643 7738 
f 7684 7639 7746 
f 7746 7685 7739 
f 7687 7628 7744 
f 7728 7515 7517 
f 7726 7727 7756 
f 7716 7689 7757 
f 7757 7758 7759 
f 7757 7759 7755 
f 149 145 128 
f 7757 7755 7729 
f 7760 7759 7761 
f 7755 7759 7760 
f 7760 7761 7762 
f 7755 7760 7529 
f 7525 7527 7760 
f 7716 7757 7729 
f 150 128 146 
f 7759 7758 7763 
f 7759 7763 7761 
f 7758 7757 7764 
f 7762 7525 7760 
f 7760 7527 7529 
f 7525 7762 7530 
f 7765 7766 7767 
f 7766 7765 7768 
f 7767 7769 7770 
f 7770 7769 7771 
f 7772 7773 7774 
f 7774 7775 7776 
f 7774 7773 7775 
f 7775 7777 7778 
f 7778 7777 7779 
f 7778 7779 7780 
f 7780 7781 7782 
f 7782 7783 7784 
f 7782 7781 7783 
f 7785 7786 7787 
f 7787 7786 7788 
f 7789 7790 7788 
f 149 128 147 
f 7790 7791 7792 
f 7792 7793 7764 
f 7764 7793 7794 
f 7766 7768 7795 
f 7767 7766 7795 
f 7767 7795 7769 
f 7771 7769 7796 
f 7797 7771 7798 
f 7771 7796 7798 
f 7772 7797 7798 
f 7772 7798 7773 
f 7775 7799 7777 
f 7780 7779 7781 
f 7785 7784 7800 
f 7784 7783 7800 
f 7785 7800 7801 
f 7786 7785 7802 
f 7785 7801 7802 
f 7786 7802 7803 
f 7788 7786 7789 
f 7786 7803 7789 
f 7790 7789 7791 
f 158 147 136 
f 7794 7793 7763 
f 7804 7794 7763 
f 7805 7806 7769 
f 7795 7805 7769 
f 7769 7806 7571 
f 7796 7769 7807 
f 7769 7571 7807 
f 7798 7796 7808 
f 7798 7564 7773 
f 7775 7773 7809 
f 7777 7799 7810 
f 7775 7809 7799 
f 7779 7777 7556 
f 7777 7810 7556 
f 7781 7779 7811 
f 7779 7556 7811 
f 7781 7811 7550 
f 7783 7781 7550 
f 7789 7803 7812 
f 7789 7812 7791 
f 7792 7791 7813 
f 7792 7813 7793 
f 7806 7805 7814 
f 7810 7799 7556 
f 7783 7550 7815 
f 7800 7783 7815 
f 7800 7815 7801 
f 7791 7812 7816 
f 7791 7816 7813 
f 7795 7817 7580 
f 7805 7795 7580 
f 7806 7814 7571 
f 7796 7807 7808 
f 7773 7564 7809 
f 7799 7809 7560 
f 428 196 250 
f 7799 7560 7556 
f 7811 7556 7554 
f 7550 7811 7554 
f 110 150 146 
f 7815 7550 7548 
f 160 159 163 
f 7802 7801 7540 
f 7803 7802 7538 
f 7802 7540 7538 
f 7803 7538 7812 
f 7793 7813 7818 
f 7813 7816 7818 
f 7763 7793 7819 
f 7793 7818 7819 
f 7814 7805 7575 
f 7575 7573 7814 
f 7807 7571 7569 
f 7807 7569 7808 
f 7564 7798 7566 
f 7809 7564 7562 
f 7809 7562 7560 
f 145 148 371 
f 7554 7552 7550 
f 7801 7815 7820 
f 7816 7812 7535 
f 7818 7816 7532 
f 7624 7761 7819 
f 7763 7819 7761 
f 7626 7582 7580 
f 7578 7577 7805 
f 7577 7575 7805 
f 7569 7568 7808 
f 7568 7625 7808 
f 7625 7566 7798 
f 7546 7544 7815 
f 7544 7542 7820 
f 7542 7540 7801 
f 7537 7607 7812 
f 7607 7535 7812 
f 7535 7534 7816 
f 7534 7609 7532 
f 7532 7531 7818 
f 7531 7624 7818 
f 7530 7762 7624 
f 7763 7758 7804 
f 7792 7764 7787 
f 7784 7785 7821 
f 7784 7821 7782 
f 7780 7782 7822 
f 7780 7822 7778 
f 7775 7778 7776 
f 7797 7772 7823 
f 7771 7823 7770 
f 7767 7770 7765 
f 7765 7824 7825 
f 7795 7768 7826 
f 7626 7580 7827 
f 7702 109 114 
f 7788 7790 7787 
f 7790 7792 7787 
f 7817 7795 7826 
f 7580 7817 7827 
f 7580 7578 7805 
f 7573 7571 7814 
f 7808 7625 7798 
f 7560 7558 7556 
f 7548 7546 7815 
f 7815 7544 7820 
f 7820 7542 7801 
f 7538 7537 7812 
f 7816 7534 7532 
f 7818 7624 7819 
f 7624 7762 7761 
f 7804 7758 7764 
f 7794 7804 7764 
f 7768 7765 7825 
f 7828 7829 7830 
f 7831 7832 7833 
f 7834 7828 7835 
f 7836 7837 7838 
f 7833 7837 7839 
f 7838 7837 7833 
f 7831 7833 7840 
f 7833 7839 7840 
f 7835 7828 7841 
f 7842 7835 7841 
f 7843 7842 7844 
f 7842 7841 7844 
f 7845 7843 7846 
f 7843 7844 7846 
f 7847 7845 7846 
f 7847 7846 7848 
f 7849 7847 7848 
f 7850 7849 7851 
f 7849 7848 7851 
f 140 142 245 
f 7850 7851 7836 
f 7836 7852 7837 
f 141 140 328 
f 7840 7839 7853 
f 7854 7830 7855 
f 7828 7830 7854 
f 7828 7854 7841 
f 7851 7856 7836 
f 7856 7852 7836 
f 7837 7852 7839 
f 7839 7852 7853 
f 139 179 437 
f 7841 7854 7857 
f 7841 7857 7858 
f 7844 7841 7858 
f 7846 7844 7859 
f 7844 7858 7859 
f 7848 7846 7860 
f 7846 7859 7860 
f 7851 7848 7861 
f 7848 7860 7861 
f 7856 7851 7861 
f 7856 7861 7852 
f 7853 7852 7862 
f 7854 7855 7863 
f 7854 7863 7857 
f 7859 7858 5369 
f 7859 5369 7864 
f 7860 7859 7864 
f 7861 7860 7865 
f 7861 7865 7866 
f 7852 7861 7867 
f 7861 7866 7867 
f 7862 7867 5366 
f 7852 7867 7862 
f 7858 7857 5369 
f 7862 5366 7868 
f 7863 7855 5372 
f 7833 7832 7838 
f 7836 7838 7869 
f 7843 7870 7871 
f 7829 7828 7834 
f 7835 7842 7871 
f 7842 7843 7871 
f 7843 7845 7870 
f 7845 7847 7870 
f 7847 7849 7872 
f 7849 7850 7872 
f 7850 7836 7869 
f 7855 7830 7829 
f 7853 7862 7868 
f 7873 7874 7875 
f 7874 7873 7876 
f 5359 7876 7868 
f 7876 7877 7868 
f 7873 7875 7878 
f 7876 7873 7878 
f 7876 7878 7879 
f 7877 7876 7879 
f 7880 7875 7881 
f 7875 7880 7878 
f 7877 7879 7882 
f 7880 7881 7883 
f 7878 7880 7884 
f 7879 7878 7885 
f 7878 7884 7885 
f 7883 7881 7886 
f 7886 7881 7887 
f 7880 7883 7888 
f 7883 7886 7888 
f 7884 7880 7888 
f 128 127 137 
f 7884 7888 7885 
f 7879 7885 7889 
f 7882 7879 7889 
f 7832 7831 7889 
f 7831 7840 7882 
f 7840 7853 7882 
f 7875 7874 7890 
f 7881 7890 7887 
f 7853 7868 7877 
f 7881 7875 7890 
f 7853 7877 7882 
f 7885 7888 7891 
f 7889 7885 7891 
f 7831 7882 7889 
f 7892 7887 7890 
f 7893 7825 7894 
f 7895 7892 7890 
f 7896 7892 7897 
f 7892 7895 7897 
f 7896 7897 7898 
f 7899 7896 7898 
f 7899 7898 7893 
f 7825 7893 7900 
f 7825 7900 7826 
f 7826 7900 7817 
f 7897 7895 7901 
f 7898 7897 7902 
f 7897 7901 7902 
f 7893 7898 7903 
f 7898 7902 7903 
f 7900 7893 7903 
f 7900 7903 7904 
f 7900 7904 7817 
f 7902 7901 7905 
f 7903 7902 7623 
f 7825 7824 7894 
f 7890 7874 7895 
f 7627 7622 7901 
f 7893 7894 7906 
f 7896 7906 7907 
f 7896 7907 7892 
f 7896 7899 7906 
f 7899 7893 7906 
f 7768 7825 7826 
f 7901 7895 7627 
f 7623 7902 7905 
f 7827 7817 7904 
f 7765 7823 7824 
f 7823 7765 7770 
f 7908 7907 7906 
f 7908 7906 7824 
f 7907 7908 7887 
f 7909 7823 7822 
f 7823 7774 7822 
f 7776 7778 7822 
f 7774 7776 7822 
f 7822 7821 7909 
f 7824 7823 7909 
f 7908 7824 7909 
f 7764 7821 7787 
f 7909 7821 7910 
f 7909 7910 7911 
f 7910 7821 7764 
f 7910 7689 7754 
f 7689 7910 7764 
f 7911 7910 7912 
f 7754 7753 7752 
f 7910 7752 7751 
f 7910 7754 7752 
f 7912 7910 7751 
f 7912 7751 7913 
f 7752 7701 7751 
f 7751 7713 7914 
f 7913 7751 7914 
f 7913 7914 7915 
f 7751 7750 7713 
f 7756 7749 7713 
f 7756 7713 7715 
f 7914 7713 7749 
f 7916 7915 7917 
f 7915 7914 7917 
f 7915 7916 7918 
f 7695 7753 7754 
f 7724 7711 7750 
f 140 139 437 
f 7727 7749 7756 
f 7771 7797 7823 
f 132 110 425 
f 7908 7919 7920 
f 7917 7921 7916 
f 7918 7922 7923 
f 7823 7772 7774 
f 7894 7824 7906 
f 7887 7908 7920 
f 7892 7907 7887 
f 7822 7782 7821 
f 7821 7785 7787 
f 7909 7911 7924 
f 7764 7757 7689 
f 7912 7913 7925 
f 7750 7711 7713 
f 7726 7756 7715 
f 7915 7918 7926 
f 7918 7916 7922 
f 7908 7909 7919 
f 7927 7918 7923 
f 7928 7749 7748 
f 7749 7928 7914 
f 7914 7928 7929 
f 7702 114 425 
f 7923 7930 7927 
f 7928 7748 7747 
f 7928 7521 7929 
f 7931 7932 7933 
f 7922 7933 7934 
f 7923 7922 7930 
f 7922 7934 7930 
f 7927 7930 7935 
f 7929 7521 7931 
f 7931 7521 7932 
f 7932 7934 7933 
f 7930 7934 7522 
f 7930 7522 7935 
f 7519 7928 7517 
f 7928 7519 7521 
f 7934 7932 7522 
f 7935 7522 7524 
f 7932 7521 7520 
f 7519 7518 7521 
f 135 134 138 
f 7932 7520 7522 
f 125 121 378 
f 7935 7524 7507 
f 7916 7921 7933 
f 7921 7917 7931 
f 7936 7918 7927 
f 7917 7914 7929 
f 7917 7929 7931 
f 7921 7931 7933 
f 7916 7933 7922 
f 7517 7928 7747 
f 7935 7507 7514 
f 7936 7937 7938 
f 7938 7939 7940 
f 7940 7939 7941 
f 7941 7942 7943 
f 7943 7942 7300 
f 7938 7937 7944 
f 7938 7944 7939 
f 7942 7941 7945 
f 7941 7939 7945 
f 7937 7946 7944 
f 7942 7945 7329 
f 7944 7946 7514 
f 7939 7944 7947 
f 7945 7939 7948 
f 7939 7947 7948 
f 7945 7948 7329 
f 7329 7948 7345 
f 7944 7514 7511 
f 7947 7944 7511 
f 7947 7511 7509 
f 7948 7947 7513 
f 7947 7509 7513 
f 7948 7513 7345 
f 7328 7329 7345 
f 7329 7300 7942 
f 110 151 425 
f 7927 7935 7946 
f 7935 7514 7946 
f 7300 7299 7943 
f 7940 7949 7950 
f 7938 7940 7951 
f 7936 7927 7937 
f 7936 7938 7951 
f 7940 7941 7949 
f 7941 7943 7949 
f 7937 7927 7946 
f 7952 7832 7953 
f 7832 7889 7953 
f 7953 7889 7891 
f 7952 7953 7954 
f 7952 7955 7956 
f 7952 7954 7955 
f 7956 7957 7958 
f 7956 7955 7957 
f 7958 7959 7960 
f 7958 7957 7959 
f 7960 7959 7961 
f 7960 7962 7963 
f 7960 7961 7962 
f 7963 7964 7965 
f 7963 7962 7964 
f 7965 7964 7966 
f 7965 7966 7967 
f 7943 7299 7949 
f 7299 7967 7949 
f 7953 7968 7954 
f 7968 7953 7969 
f 7953 7891 7969 
f 7954 7968 7970 
f 7955 7954 7971 
f 7954 7970 7971 
f 7957 7955 7972 
f 7955 7971 7972 
f 7959 7957 7973 
f 7957 7972 7973 
f 7961 7959 7973 
f 7962 7961 7974 
f 7961 7973 7974 
f 7964 7962 7975 
f 7962 7974 7975 
f 7966 7964 7976 
f 7964 7975 7976 
f 7967 7976 7950 
f 7966 7976 7967 
f 7949 7967 7950 
f 7969 7977 7968 
f 7968 7977 7970 
f 7950 7976 7978 
f 7977 7969 7888 
f 128 134 136 
f 7970 7977 7979 
f 7971 7970 7980 
f 7970 7979 7980 
f 7972 7971 7981 
f 7971 7980 7981 
f 7973 7972 7982 
f 7972 7981 7982 
f 7973 7982 7983 
f 7973 7983 7974 
f 7975 7974 7984 
f 7976 7975 7985 
f 7975 7984 7985 
f 7976 7985 7978 
f 7951 7950 7986 
f 7950 7978 7986 
f 7977 7888 7886 
f 7977 7920 7919 
f 7979 7977 7919 
f 7979 7919 7980 
f 7974 7983 7925 
f 7974 7925 7984 
f 7978 7985 7926 
f 7936 7951 7986 
f 7978 7926 7986 
f 7920 7977 7887 
f 7977 7886 7887 
f 7986 7926 7918 
f 7919 7909 7980 
f 7909 7924 7980 
f 7924 7911 7981 
f 7911 7912 7982 
f 7925 7913 7984 
f 7913 7915 7984 
f 7915 7926 7985 
f 7951 7940 7950 
f 7956 7958 7952 
f 7967 7299 7965 
f 7969 7891 7888 
f 7980 7924 7981 
f 7981 7911 7982 
f 7982 7912 7983 
f 7983 7912 7925 
f 7984 7915 7985 
f 7918 7936 7986 
f 7965 7299 7342 
f 7869 7952 7958 
f 7850 7869 7872 
f 7869 7958 7987 
f 7869 7987 7872 
f 7872 7987 7847 
f 7342 7341 7340 
f 7342 7340 7988 
f 7988 7340 7315 
f 7988 7989 7990 
f 7990 7342 7988 
f 7988 7315 7347 
f 7988 7347 7318 
f 7988 7318 7991 
f 7989 7988 7991 
f 7991 7318 7339 
f 7991 7339 7308 
f 7847 7987 7870 
f 7870 7987 7871 
f 7871 7987 7835 
f 7958 7990 7987 
f 7835 7987 7992 
f 7835 7992 7834 
f 7992 7987 7993 
f 7987 7990 7993 
f 7832 7952 7869 
f 7960 7963 7990 
f 7990 7994 7995 
f 7838 7832 7869 
f 7958 7960 7990 
f 7342 7299 7343 
f 7965 7342 7963 
f 7990 7963 7342 
f 7990 7989 7994 
f 7991 7308 7302 
f 7829 7834 7992 
f 7996 7829 7997 
f 7991 7302 7998 
f 7302 7350 7998 
f 7991 7998 7999 
f 7991 8000 7989 
f 7991 7999 8000 
f 7989 8001 8002 
f 7989 8000 8001 
f 8002 8003 7994 
f 8002 8001 8003 
f 7994 8004 7995 
f 7994 8003 8004 
f 7995 8005 7993 
f 7995 8004 8005 
f 125 378 389 
f 7993 8005 8006 
f 8006 8007 7992 
f 378 121 124 
f 7992 8007 7997 
f 8008 8009 7997 
f 7996 7997 8009 
f 7368 8010 7998 
f 7998 7350 7368 
f 7998 8010 8011 
f 7999 7998 8011 
f 7999 8011 8000 
f 7997 8007 8012 
f 7997 8012 8008 
f 8000 8011 8013 
f 8001 8000 8014 
f 8000 8013 8014 
f 8003 8001 8014 
f 8004 8003 8015 
f 8003 8014 8015 
f 8005 8004 8015 
f 8006 8005 8016 
f 8005 8015 8016 
f 8007 8006 8017 
f 8006 8016 8017 
f 8007 8017 8012 
f 8018 8008 8012 
f 7374 8019 8010 
f 8010 7368 7374 
f 8011 8010 8019 
f 8011 8019 8013 
f 8012 8017 8020 
f 123 113 5374 
f 8013 8019 8021 
f 127 126 133 
f 8014 8013 8022 
f 8013 8021 8022 
f 8014 8022 8023 
f 8015 8014 8024 
f 8014 8023 8024 
f 8015 8024 8025 
f 8016 8015 8026 
f 8015 8025 8026 
f 8016 8026 8017 
f 8018 8020 8027 
f 8017 8028 8020 
f 8027 8020 8029 
f 8020 8028 8029 
f 7374 7356 7367 
f 8029 8028 8030 
f 7992 7993 8006 
f 7994 7989 8002 
f 7374 7367 8031 
f 8021 8031 8032 
f 8022 8032 8033 
f 8024 8033 8034 
f 8026 8034 8035 
f 8017 8035 8036 
f 7302 7351 7350 
f 7829 7992 7997 
f 7990 7995 7993 
f 7354 7374 7368 
f 8018 8012 8020 
f 8019 7374 8031 
f 8021 8019 8031 
f 8022 8021 8032 
f 8023 8022 8033 
f 8024 8023 8033 
f 8025 8024 8034 
f 8026 8025 8034 
f 8017 8026 8035 
f 8028 8017 8036 
f 8030 8028 8036 
f 8037 8038 5373 
f 123 5374 386 
f 5373 8038 8039 
f 5375 5373 8039 
f 5375 8039 8040 
f 5377 5375 8040 
f 8037 7855 8041 
f 8037 8041 8038 
f 8038 8041 8042 
f 8039 8038 8043 
f 8038 8042 8043 
f 8040 8039 8044 
f 8039 8043 8044 
f 8042 8041 8045 
f 8041 8046 8045 
f 8042 8045 8047 
f 8043 8042 8048 
f 8042 8047 8048 
f 8044 8043 8049 
f 8043 8048 8049 
f 8009 8046 7996 
f 8046 8009 8045 
f 8048 8047 8018 
f 8048 8018 8027 
f 8049 8048 8029 
f 8048 8027 8029 
f 5372 7855 8037 
f 134 128 137 
f 7855 7829 8046 
f 8008 8018 8047 
f 8040 8044 8050 
f 8051 5377 8050 
f 5377 8040 8050 
f 8041 7855 8046 
f 8046 7829 7996 
f 8009 8008 8045 
f 8045 8008 8047 
f 8029 8030 8049 
f 8052 8053 8054 
f 8053 8052 8055 
f 8055 8052 8056 
f 8057 8055 8056 
f 8058 8057 8059 
f 8057 8056 8059 
f 8060 8058 8059 
f 8061 8059 8062 
f 8060 8059 8061 
f 8063 8064 8052 
f 8052 8064 8056 
f 8064 8063 8065 
f 8056 8064 8066 
f 8059 8056 8067 
f 8056 8066 8067 
f 8062 8059 8067 
f 8064 5418 8066 
f 8062 8067 8068 
f 8068 8051 8050 
f 8050 8062 8068 
f 8044 8049 8061 
f 8049 8030 8060 
f 8057 8069 8053 
f 8054 8053 8070 
f 8054 8070 8071 
f 8052 8071 8065 
f 8064 8065 8072 
f 8055 8057 8053 
f 8057 8058 8069 
f 8049 8060 8061 
f 8052 8054 8071 
f 8063 8052 8065 
f 122 123 386 
f 8061 8062 8050 
f 8068 8067 8073 
f 8044 8061 8050 
f 5359 5358 7876 
f 5358 5356 7876 
f 5356 5355 7876 
f 5370 5369 7857 
f 5369 5367 7864 
f 5367 5366 7866 
f 5410 5418 8072 
f 5418 5411 8066 
f 5411 5409 8073 
f 5409 5377 8051 
f 5355 7627 7895 
f 7622 7623 7905 
f 7623 7626 7904 
f 7866 5366 7867 
f 7865 5367 7866 
f 7860 5367 7865 
f 7864 5367 7860 
f 7863 5370 7857 
f 7874 5355 7895 
f 7876 5355 7874 
f 7904 7626 7827 
f 7903 7623 7904 
f 7622 7905 7901 
f 5409 8051 8068 
f 8073 5409 8068 
f 8067 5411 8073 
f 8066 5411 8067 
f 8072 5418 8064 
f 5410 8072 8074 
f 5372 8037 5373 
f 5366 5361 7868 
f 7868 5361 5359 
f 5370 7863 5372 
f 1696 1689 5400 
f 5400 5402 8075 
f 5402 5401 8076 
f 5401 5412 8077 
f 5412 5413 8077 
f 5413 5403 8078 
f 5403 5410 8074 
f 5413 8078 8077 
f 5401 8077 8076 
f 1696 5400 8075 
f 5403 8074 8078 
f 8079 8071 8070 
f 8080 8081 8079 
f 8071 8079 8082 
f 8081 8080 8083 
f 8083 8080 8084 
f 8079 8081 8082 
f 8082 8081 8085 
f 5374 119 386 
f 8082 8085 8065 
f 8083 8084 1696 
f 8085 8081 8086 
f 8083 1696 8076 
f 1696 8075 8076 
f 8085 8086 8074 
f 8072 8065 8085 
f 8076 8077 8083 
f 8077 8078 8086 
f 8080 8070 8087 
f 8080 8079 8070 
f 8071 8082 8065 
f 8075 5402 8076 
f 8083 8077 8081 
f 8081 8077 8086 
f 8072 8085 8074 
f 8086 8078 8074 
f 8088 1688 8089 
f 1688 8088 8090 
f 8090 8091 1684 
f 1684 8091 8092 
f 1684 8092 8093 
f 8093 8094 1742 
f 8090 8088 8095 
f 8090 8095 8091 
f 8093 8092 8096 
f 8093 8096 8094 
f 8088 8089 8087 
f 8091 8095 8097 
f 8092 8091 8098 
f 8091 8097 8098 
f 8092 8098 8096 
f 8094 8096 1735 
f 8088 8087 8099 
f 8095 8088 8097 
f 8088 8099 8097 
f 8096 8098 8100 
f 8096 8100 1735 
f 117 115 111 
f 1735 8100 8101 
f 8097 8099 8102 
f 111 113 122 
f 8100 8098 8101 
f 1677 1679 1742 
f 1679 1681 8093 
f 1681 1683 1684 
f 1684 1686 8090 
f 1715 1714 8101 
f 1735 1742 8094 
f 1696 8084 8089 
f 8084 8080 8087 
f 8087 8070 8099 
f 8099 8070 8102 
f 8098 8102 8101 
f 1688 1696 8089 
f 1686 1688 8090 
f 1681 1684 8093 
f 1679 8093 1742 
f 8089 8084 8087 
f 1714 1735 8101 
f 8098 8097 8102 
f 8102 8070 8053 
f 8102 8053 8069 
f 8036 8102 8069 
f 1715 8101 8102 
f 1749 1721 1747 
f 1796 1778 1749 
f 8102 8036 1472 
f 1472 8036 8035 
f 1715 8102 1472 
f 1470 1743 1715 
f 1470 1744 1743 
f 1556 1746 1745 
f 1556 1745 1470 
f 1745 1744 1470 
f 1749 1747 1556 
f 1749 1556 1796 
f 1747 1746 1556 
f 1796 8103 1776 
f 1472 8035 8034 
f 1471 1715 1472 
f 1483 1470 1461 
f 1471 1470 1715 
f 1462 1471 1472 
f 117 111 118 
f 1470 1483 1551 
f 1556 1542 1555 
f 1556 1555 1796 
f 1556 1549 1542 
f 1796 1555 8104 
f 1472 8034 1463 
f 1463 8034 8033 
f 1464 1463 1473 
f 1555 1548 8104 
f 8104 1548 1554 
f 8033 1473 1463 
f 8033 1467 1473 
f 1467 8033 8032 
f 1467 1474 1458 
f 1466 1473 1467 
f 1554 1548 1547 
f 1476 1475 1474 
f 1467 8032 1474 
f 1474 8032 1476 
f 8105 1553 1552 
f 1552 1553 1536 
f 1477 1552 1479 
f 1554 1545 1553 
f 1553 8105 7461 
f 7461 1554 1553 
f 1554 7461 8106 
f 8032 7423 7422 
f 7423 8031 7373 
f 8032 8031 7423 
f 1476 7422 7421 
f 1476 8032 7422 
f 1477 1476 7420 
f 8107 1477 7420 
f 1476 7421 7420 
f 7418 8105 7419 
f 1552 1477 8107 
f 1552 8107 8105 
f 8105 8107 7419 
f 8108 8106 7461 
f 7461 8105 7431 
f 7431 8105 7418 
f 8108 7461 7460 
f 1469 1476 1477 
f 1468 1474 1475 
f 1543 1549 1556 
f 1538 1553 1545 
f 7376 7423 7373 
f 7385 7387 8107 
f 7387 7419 8107 
f 7429 7431 7418 
f 7459 7458 8108 
f 7434 7295 7458 
f 8031 7367 7373 
f 8058 8060 8036 
f 1554 8106 8109 
f 1744 1731 1743 
f 1716 1715 1743 
f 8103 1796 8104 
f 1470 1550 1556 
f 1478 1477 1479 
f 7423 7380 7422 
f 7385 8107 7420 
f 7421 7384 7420 
f 1466 1465 1473 
f 1546 1545 1554 
f 7460 7459 8108 
f 8060 8030 8036 
f 8058 8036 8069 
f 8110 1762 1774 
f 8111 8112 8113 
f 8112 7297 7278 
f 8113 8112 7278 
f 8111 8114 8106 
f 8106 8115 8109 
f 8106 8114 8115 
f 8109 8116 8117 
f 8109 8115 8116 
f 8117 8118 8104 
f 8117 8116 8118 
f 8118 8119 8104 
f 8118 8120 8119 
f 8119 8121 8122 
f 8119 8120 8121 
f 8122 8123 8110 
f 8121 8123 8122 
f 1762 8110 1765 
f 1765 8110 8123 
f 8111 8113 8124 
f 8111 8124 8114 
f 7292 8113 7278 
f 8113 7292 8125 
f 8113 8125 8124 
f 8114 8124 8126 
f 8115 8114 8127 
f 8114 8126 8127 
f 8116 8115 8127 
f 8118 8116 8128 
f 8116 8127 8128 
f 8120 8118 8129 
f 8118 8128 8129 
f 8120 8129 8121 
f 8123 8121 8130 
f 8123 8130 1763 
f 8124 8125 8131 
f 8124 8131 8126 
f 8121 8129 8130 
f 8130 8132 1763 
f 8133 7292 7291 
f 8125 7292 8133 
f 8126 8131 8134 
f 8127 8126 8135 
f 8126 8134 8135 
f 8127 8135 8136 
f 8128 8127 8137 
f 8127 8136 8137 
f 8129 8128 8138 
f 8128 8137 8138 
f 8130 8129 8132 
f 8129 8138 8132 
f 8133 7291 7268 
f 1763 8132 8139 
f 1763 1761 8123 
f 1761 1765 8123 
f 1760 1774 1762 
f 7291 7282 7268 
f 7282 7269 7268 
f 1776 8103 8122 
f 8103 8104 8119 
f 8104 1554 8117 
f 1554 8109 8117 
f 8106 8108 8111 
f 8108 7458 8111 
f 7458 7295 8112 
f 8133 7268 8140 
f 8125 8140 8141 
f 8134 8141 8142 
f 8135 8142 8143 
f 8137 8143 8144 
f 8138 8144 8145 
f 8139 8132 8146 
f 8111 7458 8112 
f 8112 7295 7297 
f 8103 8119 8122 
f 7280 7292 7278 
f 8125 8133 8140 
f 8131 8125 8141 
f 8134 8131 8141 
f 8135 8134 8142 
f 8136 8135 8143 
f 8137 8136 8143 
f 8138 8137 8144 
f 8132 8138 8145 
f 1774 1776 8110 
f 8110 1776 8122 
f 8147 1764 8139 
f 1766 1755 8148 
f 1755 1758 8147 
f 5462 5434 8148 
f 8147 8146 8149 
f 5462 8148 8149 
f 8148 8147 8149 
f 1758 1764 8147 
f 1764 1763 8139 
f 8147 8139 8146 
f 5434 1766 8148 
f 8148 1755 8147 
f 5443 5462 8149 
f 8150 8151 8152 
f 8152 8151 8153 
f 8154 8155 8156 
f 8156 8155 8157 
f 8158 8159 8160 
f 8160 8159 8161 
f 8162 5474 8163 
f 8163 5474 8164 
f 8150 8165 8166 
f 8151 8150 8167 
f 8168 8153 8169 
f 8153 8151 8169 
f 8154 8168 8169 
f 8154 8169 8155 
f 8157 8155 8170 
f 8171 8157 8170 
f 8171 8170 8172 
f 8173 8171 8172 
f 8173 8172 8174 
f 8175 8174 8176 
f 8177 8175 8176 
f 115 112 111 
f 8177 8176 8178 
f 8179 8180 8181 
f 8158 8182 5458 
f 8158 5458 8159 
f 8161 8159 8183 
f 8184 8161 8183 
f 8162 8184 5475 
f 8184 8183 5475 
f 8162 5475 5474 
f 8164 5474 5473 
f 8185 8164 8186 
f 8164 5473 8186 
f 8167 8150 8166 
f 8167 8166 8187 
f 8167 8187 8151 
f 8187 5470 8151 
f 8169 8151 5470 
f 8172 8170 8188 
f 8174 8172 8189 
f 8176 8174 8189 
f 8178 8176 8190 
f 8178 8190 8180 
f 8181 8180 8191 
f 8181 8191 8182 
f 8183 8159 5460 
f 8159 5458 5460 
f 8166 5469 8187 
f 8180 8190 5455 
f 8180 5455 8191 
f 8182 8191 5472 
f 8182 5472 5458 
f 8183 5460 5459 
f 8183 5459 5475 
f 5475 5461 5474 
f 8187 5469 5467 
f 8187 5467 5470 
f 8169 5470 8192 
f 8155 8169 8192 
f 8170 8155 8192 
f 8170 8192 5465 
f 8170 5465 8188 
f 8172 8188 5464 
f 8189 8172 5463 
f 8172 5464 5463 
f 8189 5463 5471 
f 8176 8189 5457 
f 8189 5471 5457 
f 8190 8176 5456 
f 8176 5457 5456 
f 8190 5456 5455 
f 8191 5455 5449 
f 8191 5449 5472 
f 5467 5469 5437 
f 8192 5470 5466 
f 8192 5466 5454 
f 5465 8192 5453 
f 8188 5465 5464 
f 5453 5452 5465 
f 2890 5437 5469 
f 5456 5450 5455 
f 5448 5458 5472 
f 5461 5443 8186 
f 5443 8149 8186 
f 8149 8146 8185 
f 8185 8193 8194 
f 8164 8194 8195 
f 8164 8195 8196 
f 8162 8196 8197 
f 8184 8197 8198 
f 8198 8199 8160 
f 8198 8160 8161 
f 8182 8200 8201 
f 8179 8201 8202 
f 8179 8202 8203 
f 8180 8203 8204 
f 8178 8204 8205 
f 8177 8205 8206 
f 8173 8207 8208 
f 8171 8208 8209 
f 8171 8209 8210 
f 8157 8210 8211 
f 8157 8211 8156 
f 8154 8211 8212 
f 8154 8212 8168 
f 8153 8168 8212 
f 96 52 98 
f 8166 8165 8213 
f 8214 8150 8152 
f 8154 8156 8211 
f 8157 8171 8210 
f 8171 8173 8208 
f 8173 8174 8207 
f 8175 8177 8207 
f 8177 8178 8205 
f 108 112 109 
f 8178 8180 8204 
f 8180 8179 8203 
f 8179 8181 8201 
f 8181 8182 8201 
f 8182 8158 8200 
f 8158 8160 8200 
f 8161 8184 8198 
f 8184 8162 8197 
f 8162 8163 8196 
f 8163 8164 8196 
f 8164 8185 8194 
f 8149 8185 8186 
f 5473 5461 8186 
f 5469 8166 8213 
f 5454 5453 8192 
f 8185 8146 8193 
f 8213 8165 8215 
f 8165 8150 8216 
f 8150 8214 8217 
f 8216 8217 8218 
f 109 112 114 
f 8215 8165 8216 
f 5468 8213 8215 
f 5469 8213 5468 
f 8150 8217 8216 
f 8219 8220 8221 
f 8219 8221 8222 
f 8219 8223 8220 
f 8220 8223 8224 
f 8219 8225 8226 
f 8223 8219 8226 
f 8223 8226 8215 
f 8225 8227 8226 
f 8215 8226 2889 
f 8226 8227 384 
f 384 8227 333 
f 2889 8226 384 
f 2889 2891 5468 
f 274 105 107 
f 8220 8224 8228 
f 8221 8220 8229 
f 8221 8229 8230 
f 8219 8222 8225 
f 8223 8216 8224 
f 8216 8223 8215 
f 5468 8215 2889 
f 8224 8216 8218 
f 8231 8232 8230 
f 8233 8234 5523 
f 8234 8233 8235 
f 8236 8237 8238 
f 8238 8237 8239 
f 8230 8232 8222 
f 8222 8232 8225 
f 8240 8233 5523 
f 8241 8235 8242 
f 8235 8233 8242 
f 8243 8241 8244 
f 8241 8242 8244 
f 8245 8243 8246 
f 8243 8244 8246 
f 8236 8245 8247 
f 8245 8246 8247 
f 8237 8236 8248 
f 8236 8247 8248 
f 8239 8237 8249 
f 8237 8248 8249 
f 8232 8249 8250 
f 8239 8249 8232 
f 8232 8250 8225 
f 8233 8240 5476 
f 8233 5476 8242 
f 8225 8250 8227 
f 5476 8240 301 
f 8242 5476 1649 
f 8244 8242 307 
f 8242 1649 307 
f 8246 8244 5478 
f 8244 307 5478 
f 8247 8246 1491 
f 8246 5478 1491 
f 8248 8247 383 
f 8247 1491 383 
f 8249 8248 5477 
f 8248 383 5477 
f 8249 5477 8250 
f 8227 8250 317 
f 304 1649 5476 
f 5509 5510 5523 
f 5522 5488 8240 
f 5488 373 301 
f 333 8227 317 
f 8222 8221 8230 
f 8239 8231 8238 
f 8245 8251 8252 
f 8243 8252 8253 
f 8235 8253 8254 
f 8234 8254 8255 
f 5509 5523 8255 
f 5523 8234 8255 
f 8232 8231 8239 
f 8235 8241 8253 
f 8241 8243 8253 
f 8243 8245 8252 
f 8245 8236 8251 
f 8236 8238 8251 
f 5523 5522 8240 
f 8240 5488 301 
f 8250 5477 317 
f 8234 8235 8254 
f 5723 5744 5721 
f 5744 8256 5721 
f 5742 5744 5743 
f 5742 8257 5744 
f 8257 8258 5744 
f 5713 8257 5719 
f 5719 8257 5742 
f 430 105 274 
f 5714 5713 5709 
f 5710 5715 5719 
f 5719 5715 5713 
f 5709 5713 5715 
f 5623 5713 5708 
f 5708 5713 5712 
f 5707 5703 5708 
f 5703 5707 5706 
f 5708 5703 5623 
f 8259 8260 8261 
f 8260 8258 8261 
f 8258 8257 8261 
f 8257 5713 8261 
f 8261 5713 5623 
f 8262 8261 5623 
f 5622 5623 5546 
f 5623 5622 8262 
f 5655 5547 5624 
f 5624 5656 5648 
f 5624 5623 5656 
f 5653 5656 5705 
f 5656 5623 5705 
f 5703 5705 5623 
f 8263 8259 8264 
f 8259 8261 8264 
f 8261 5619 8264 
f 8264 5619 5617 
f 8261 8262 5619 
f 5619 5621 5620 
f 5619 8262 5621 
f 8263 8264 8265 
f 8265 8264 8266 
f 8266 8267 5613 
f 8266 8264 8267 
f 5614 8267 5615 
f 8267 5614 5613 
f 8264 5617 8267 
f 8268 8265 8269 
f 8265 8266 8269 
f 8266 5613 5612 
f 5611 5610 8269 
f 5611 8266 5612 
f 8266 5611 8269 
f 8268 8269 8270 
f 8270 8269 8271 
f 5518 8270 8271 
f 8270 5518 5515 
f 5521 5520 8271 
f 8271 8269 5543 
f 5520 5519 5512 
f 5520 5512 5518 
f 5518 8271 5520 
f 5543 5540 5542 
f 8269 5610 5543 
f 8271 5543 5542 
f 5542 5513 5521 
f 8271 5542 5521 
f 8251 8238 8272 
f 8252 8255 8254 
f 8252 8270 8255 
f 8272 8270 8252 
f 8255 5515 5509 
f 8255 8270 5515 
f 5515 5518 5517 
f 5516 5515 5517 
f 5516 5507 5515 
f 5517 5511 5516 
f 5539 5542 5540 
f 5563 5564 5610 
f 5614 5555 5613 
f 5617 5616 8267 
f 5619 5618 5617 
f 5622 5551 8262 
f 5546 5548 5622 
f 5668 5652 5705 
f 8231 8230 8272 
f 8273 8259 8274 
f 8275 8263 8276 
f 8276 8263 8277 
f 8278 8265 8279 
f 8279 8265 8280 
f 5744 8258 8256 
f 5719 5742 5716 
f 5716 5711 5719 
f 5703 5706 5702 
f 5705 5652 5653 
f 5656 5649 5654 
f 8259 8263 8274 
f 8262 5551 5621 
f 8263 8265 8277 
f 8267 5616 5615 
f 8265 8268 8280 
f 5559 5611 5612 
f 5611 5563 5610 
f 5541 5540 5543 
f 8251 8272 8252 
f 8270 8272 8281 
f 8253 8252 8254 
f 8238 8231 8272 
f 5747 5721 8282 
f 8283 8229 8228 
f 8229 8283 8272 
f 8272 8284 8285 
f 8272 8283 8284 
f 8285 8286 8281 
f 8285 8284 8286 
f 8281 8286 8287 
f 8287 8288 8289 
f 8289 8288 8290 
f 8290 8291 8280 
f 8280 8292 8279 
f 8280 8291 8292 
f 8279 8293 8278 
f 8279 8292 8293 
f 8278 8293 8294 
f 8294 8295 8277 
f 8277 8295 8276 
f 8276 8296 8275 
f 8275 8296 8297 
f 8297 8298 8274 
f 8274 8298 8299 
f 8299 8300 8273 
f 8273 8300 8301 
f 8301 8302 8260 
f 8260 8302 8303 
f 8303 8304 8258 
f 8258 8305 8256 
f 8258 8304 8305 
f 8256 8305 8306 
f 8256 8306 8282 
f 5758 5747 5759 
f 5747 8282 5759 
f 8282 8306 8307 
f 8282 8307 5759 
f 8228 8308 8309 
f 8283 8228 8309 
f 8284 8283 8310 
f 8283 8309 8310 
f 8286 8284 8310 
f 8287 8286 8311 
f 8286 8310 8311 
f 8288 8287 8311 
f 8290 8288 8312 
f 8288 8311 8312 
f 8291 8290 8313 
f 8290 8312 8313 
f 8292 8291 8313 
f 8292 8313 8293 
f 8294 8293 8314 
f 8295 8294 8314 
f 8276 8295 8315 
f 8295 8314 8315 
f 8296 8276 8315 
f 8297 8296 8316 
f 8296 8315 8316 
f 8298 8297 8316 
f 8299 8298 8317 
f 8298 8316 8317 
f 8300 8299 8317 
f 8301 8300 8318 
f 8300 8317 8318 
f 8302 8301 8318 
f 8303 8302 8319 
f 8302 8318 8319 
f 8304 8303 8319 
f 8305 8304 8320 
f 8304 8319 8320 
f 8305 8320 8306 
f 5759 8307 5760 
f 8308 8228 8218 
f 5760 8307 1648 
f 8321 8308 8218 
f 8321 8218 8322 
f 8308 8321 8323 
f 8309 8308 8323 
f 8310 8309 8324 
f 8309 8323 8324 
f 8310 8324 8325 
f 8311 8310 8326 
f 8310 8325 8326 
f 8311 8326 8327 
f 8312 8311 8327 
f 8313 8312 8328 
f 8312 8327 8328 
f 8313 8328 8329 
f 8293 8313 8330 
f 8313 8329 8330 
f 8314 8293 8331 
f 8293 8330 8331 
f 8314 8331 8332 
f 8315 8314 8333 
f 8314 8332 8333 
f 8315 8333 8334 
f 8315 8334 8316 
f 8334 8335 8316 
f 8317 8316 8336 
f 8317 8336 8337 
f 8318 8317 8338 
f 8317 8337 8338 
f 8318 8338 8339 
f 8319 8318 8340 
f 8318 8339 8340 
f 8319 8340 8341 
f 8319 8341 8320 
f 8341 8342 8320 
f 8306 8320 8342 
f 8307 8342 8343 
f 8306 8342 8307 
f 8307 8343 1648 
f 8322 8218 8217 
f 8327 8326 8344 
f 8342 8341 8345 
f 8322 8217 8214 
f 8224 8218 8228 
f 8260 8259 8301 
f 8259 8273 8301 
f 8273 8274 8299 
f 8265 8278 8294 
f 8268 8270 8287 
f 8270 8281 8287 
f 8281 8272 8285 
f 8272 8230 8229 
f 8323 8346 8347 
f 8324 8347 8348 
f 8326 8348 8344 
f 8328 8349 8350 
f 8330 8329 8351 
f 8331 8351 8352 
f 8332 8352 8353 
f 8333 8353 8354 
f 8334 8354 8335 
f 8336 8355 8356 
f 8337 8356 8357 
f 8338 8357 8358 
f 8339 8358 8359 
f 8340 8359 8360 
f 8282 5721 8256 
f 8229 8220 8228 
f 8268 8287 8289 
f 8268 8289 8290 
f 8268 8290 8280 
f 8265 8294 8277 
f 8263 8275 8297 
f 8263 8297 8274 
f 8260 8303 8258 
f 8323 8321 8346 
f 8324 8323 8347 
f 8325 8324 8348 
f 8326 8325 8348 
f 8327 8344 8349 
f 8328 8327 8349 
f 8329 8328 8350 
f 8331 8330 8351 
f 8332 8331 8352 
f 8333 8332 8353 
f 8334 8333 8354 
f 8316 8335 8355 
f 8336 8316 8355 
f 8337 8336 8356 
f 8338 8337 8357 
f 8339 8338 8358 
f 8340 8339 8359 
f 8341 8340 8360 
f 8345 8341 8360 
f 8343 8342 8345 
f 8321 8322 8346 
f 1641 1643 8343 
f 1643 1648 8343 
f 8145 8144 8199 
f 8145 8197 8195 
f 8145 8199 8197 
f 8195 8197 8196 
f 8195 8132 8145 
f 8132 8195 8194 
f 8132 8194 8193 
f 8198 8197 8199 
f 8144 8361 8199 
f 8361 8202 8200 
f 8362 8203 8361 
f 8203 8202 8361 
f 8206 8205 8362 
f 8362 8205 8203 
f 8209 8208 8362 
f 8209 8362 8348 
f 8206 8362 8207 
f 8347 8212 8209 
f 8209 8212 8211 
f 8153 8212 8347 
f 8346 8153 8347 
f 8363 8142 8141 
f 8361 8142 8363 
f 8361 8363 8364 
f 8361 8144 8142 
f 8364 8348 8361 
f 8348 8362 8361 
f 8347 8209 8348 
f 7270 8140 7272 
f 8363 8141 8140 
f 8140 7268 7272 
f 8364 8363 7270 
f 8363 8140 7270 
f 7270 7267 7238 
f 7270 7238 8365 
f 8364 7270 8365 
f 8350 8365 8351 
f 8364 8365 8350 
f 7216 7220 8365 
f 7238 7237 8365 
f 7237 7216 8365 
f 7216 7221 7220 
f 8365 7220 8366 
f 8351 8365 8352 
f 8352 8366 8354 
f 8365 8366 8352 
f 7225 7219 8367 
f 7225 8367 8368 
f 7225 8368 8357 
f 8366 7220 7225 
f 8366 7225 8357 
f 8354 8366 8356 
f 8366 8357 8356 
f 8368 8369 8370 
f 8369 8371 8370 
f 8357 8368 8370 
f 8357 8370 8372 
f 8373 8360 8358 
f 8372 8373 8358 
f 8372 8358 8357 
f 8374 8375 8376 
f 8376 8375 8377 
f 8378 8375 8379 
f 8379 8375 8374 
f 8370 8371 8375 
f 8380 8370 8375 
f 8378 8380 8375 
f 249 196 102 
f 8381 8370 8380 
f 8382 8372 8370 
f 8382 8370 8383 
f 8370 8381 8383 
f 8360 8373 8384 
f 8372 8382 8373 
f 7214 7225 7220 
f 7266 7265 7267 
f 8146 8132 8193 
f 8143 8142 8144 
f 8214 8152 8346 
f 8152 8153 8346 
f 8175 8207 8174 
f 8200 8160 8199 
f 8343 8345 8384 
f 8360 8359 8358 
f 8355 8335 8354 
f 8354 8353 8352 
f 8349 8344 8364 
f 8344 8348 8364 
f 8368 8367 8385 
f 8369 8386 8387 
f 8388 8389 8390 
f 8388 8390 8376 
f 8379 8391 8392 
f 8378 8393 8380 
f 8373 8394 8395 
f 8384 8395 8396 
f 8202 8201 8200 
f 8200 8199 8361 
f 8205 8204 8203 
f 8362 8208 8207 
f 8177 8206 8207 
f 8210 8209 8211 
f 8346 8322 8214 
f 7270 7272 7271 
f 8349 8364 8350 
f 8329 8350 8351 
f 7216 7215 7221 
f 7219 7225 7213 
f 8355 8354 8356 
f 8371 8369 8387 
f 8374 8376 8397 
f 8375 8371 8377 
f 8376 8377 8388 
f 8378 8379 8392 
f 8381 8380 8398 
f 8382 8383 8399 
f 8384 8373 8395 
f 8373 8382 8394 
f 8345 8360 8384 
f 7267 7265 7238 
f 199 198 457 
f 8343 8384 1641 
f 8400 8401 8402 
f 8400 8390 8403 
f 8401 8404 8402 
f 8402 8404 8405 
f 8402 8405 8376 
f 8404 8406 8405 
f 8405 8406 8407 
f 8376 8405 8397 
f 8405 8407 8408 
f 8405 8408 8409 
f 8397 8405 8409 
f 8407 8410 8408 
f 8409 8408 8411 
f 8409 8411 8412 
f 8408 8410 8413 
f 8408 8413 8411 
f 8412 8411 8391 
f 8413 8410 8414 
f 8411 8413 8415 
f 8413 8414 8415 
f 8391 8411 8415 
f 8414 8416 8417 
f 8415 8414 8418 
f 8414 8417 8418 
f 8415 8418 8392 
f 8417 8416 8419 
f 8418 8417 8420 
f 8417 8419 8420 
f 8392 8418 8420 
f 8421 8419 8422 
f 8419 8421 8423 
f 8420 8419 8423 
f 8420 8423 8393 
f 8421 8422 8424 
f 8423 8421 8425 
f 8393 8423 8380 
f 8423 8425 8380 
f 8421 8424 8425 
f 52 44 98 
f 8425 8424 8398 
f 8424 8426 8398 
f 8380 8425 8398 
f 81 69 72 
f 8398 8426 8427 
f 79 96 97 
f 79 52 96 
f 8398 8427 8381 
f 8426 8428 8427 
f 103 99 101 
f 8427 8428 8429 
f 8428 8430 8429 
f 8381 8427 8429 
f 8428 8431 8432 
f 8432 8431 8433 
f 8428 8432 8430 
f 8429 8430 8383 
f 8432 8433 8434 
f 8430 8432 8434 
f 8430 8434 8435 
f 8383 8430 8399 
f 8430 8435 8399 
f 8433 8436 8434 
f 8399 8435 8437 
f 8436 8438 8439 
f 8436 8439 8434 
f 8435 8434 8439 
f 8435 8439 8437 
f 8439 8394 8437 
f 8439 8438 8440 
f 8439 8440 8441 
f 8394 8439 8441 
f 8438 8442 8440 
f 8440 8443 8444 
f 8441 8440 8444 
f 8441 8444 8395 
f 8444 8443 8445 
f 87 53 79 
f 8444 8445 8395 
f 8443 8446 8447 
f 8443 8447 8445 
f 8395 8445 8396 
f 8447 8446 8448 
f 8445 8447 8449 
f 8447 8450 8449 
f 8396 8445 8449 
f 8447 8448 8451 
f 8447 8451 8450 
f 8449 8450 8452 
f 8448 8453 8454 
f 8451 8448 8454 
f 8452 1642 1641 
f 8452 8450 1642 
f 8453 1640 8454 
f 8454 1647 1645 
f 8450 8451 1645 
f 8454 1645 8451 
f 8450 1645 1642 
f 1639 1647 8454 
f 1641 8384 8452 
f 8384 8396 8449 
f 69 73 72 
f 8382 8399 8437 
f 8383 8381 8429 
f 8393 8378 8392 
f 8392 8391 8415 
f 8379 8374 8412 
f 8374 8397 8412 
f 8455 8401 8456 
f 8404 8401 8406 
f 8407 8457 8410 
f 8424 8458 8426 
f 8436 8459 8438 
f 8443 8442 8460 
f 8443 8460 8446 
f 8390 8389 8403 
f 8400 8456 8401 
f 8400 8461 8456 
f 8402 8390 8400 
f 8390 8402 8376 
f 8397 8409 8412 
f 8379 8412 8391 
f 8393 8392 8420 
f 8436 8433 8459 
f 8382 8437 8394 
f 8440 8442 8443 
f 8394 8441 8395 
f 8384 8449 8452 
f 1640 1639 8454 
f 1645 1644 1642 
f 8389 8462 8463 
f 8463 8464 8461 
f 8461 8464 8465 
f 8461 8465 8466 
f 8455 8456 8466 
f 8461 8400 8463 
f 8400 8403 8463 
f 8463 8467 8464 
f 8463 8462 8467 
f 8403 8389 8463 
f 8456 8461 8466 
f 8466 8468 8455 
f 8401 8455 8469 
f 8401 8469 8406 
f 45 53 87 
f 95 32 8470 
f 8410 8471 8472 
f 8472 8473 8416 
f 8472 8471 8473 
f 8416 8473 8474 
f 8431 8475 8433 
f 8433 8475 8459 
f 8448 8476 8453 
f 8453 1634 1640 
f 8407 8406 8457 
f 8414 8410 8472 
f 8416 8414 8472 
f 8422 8419 8416 
f 8424 8422 8474 
f 8458 8424 8474 
f 8428 8426 8477 
f 8442 8438 8459 
f 8442 8459 8478 
f 8478 8460 8442 
f 8470 2903 95 
f 55 10 12 
f 8468 8479 8455 
f 8476 8448 8480 
f 8480 8448 8481 
f 8481 8448 8446 
f 8460 8478 8446 
f 8478 8459 8482 
f 8482 8459 8475 
f 8471 8410 8483 
f 8483 8410 8484 
f 8484 8457 8485 
f 8469 8455 8486 
f 93 30 16 
f 8469 8486 8406 
f 8457 8406 8485 
f 8410 8457 8484 
f 8474 8473 8487 
f 8422 8416 8474 
f 8426 8458 8477 
f 8428 8488 8431 
f 8477 8488 8428 
f 8453 8476 1634 
f 1634 1628 1640 
f 8 54 94 
f 55 12 56 
f 54 56 94 
f 8489 8475 8490 
f 8490 8491 8492 
f 8489 8490 8492 
f 1629 1627 1630 
f 8486 8455 8493 
f 8486 8494 8485 
f 8494 8486 8493 
f 1634 8476 1627 
f 8476 8480 1627 
f 8446 8478 8489 
f 8478 8482 8489 
f 8482 8475 8489 
f 8431 8488 8490 
f 8488 8477 8491 
f 8477 8458 8491 
f 8458 8474 8491 
f 8474 8487 8491 
f 8473 8471 8487 
f 8471 8483 8487 
f 8483 8484 8495 
f 8485 8496 8495 
f 8487 5882 5883 
f 8491 5883 8492 
f 8489 5885 8497 
f 1626 1627 1629 
f 8475 8431 8490 
f 8490 8488 8491 
f 8489 8492 5885 
f 1627 8481 8497 
f 1630 1627 8497 
f 8481 8489 8497 
f 8491 8487 5883 
f 8406 8486 8485 
f 8484 8485 8495 
f 8494 8493 8498 
f 1627 8480 8481 
f 8481 8446 8489 
f 8487 8483 8495 
f 8485 8494 8496 
f 8487 8495 5882 
f 8499 8493 8500 
f 8493 8499 8501 
f 8498 8493 8501 
f 8498 8501 8502 
f 8503 8498 8502 
f 8499 8504 8505 
f 8501 8506 8502 
f 8501 8499 8507 
f 8499 8505 8507 
f 8501 8507 8506 
f 8493 8455 8500 
f 8505 8508 8507 
f 8506 8507 8509 
f 8506 8509 5878 
f 8500 8479 8510 
f 8505 8511 8512 
f 8513 8508 8512 
f 8506 5878 8514 
f 8502 8514 5879 
f 8502 5879 8515 
f 8503 8515 8516 
f 8503 8516 5880 
f 8503 5880 8517 
f 8494 8503 8517 
f 8499 8500 8510 
f 8494 8498 8503 
f 8504 8499 8510 
f 8503 8502 8515 
f 8505 8504 8511 
f 8508 8505 8512 
f 8502 8506 8514 
f 8455 8479 8500 
f 8518 8519 8520 
f 8519 8521 8522 
f 8519 8518 8521 
f 8518 8520 8523 
f 8521 8518 8524 
f 8518 8523 8524 
f 8525 8522 8526 
f 8527 8520 8528 
f 8523 8520 8527 
f 8522 8521 8529 
f 8521 8524 8529 
f 8522 8529 8526 
f 8524 8523 8530 
f 8523 8527 8530 
f 8529 8524 8530 
f 8527 8528 8531 
f 8528 8532 8531 
f 8530 8527 8533 
f 8527 8531 8533 
f 8530 8533 8534 
f 8529 8530 8534 
f 8531 8532 8535 
f 8532 8536 8535 
f 8531 8535 8537 
f 8531 8537 8533 
f 8534 8533 8538 
f 8522 8525 8519 
f 8539 8540 8538 
f 8534 8540 8541 
f 8529 8541 8526 
f 8525 8526 8542 
f 8519 8525 8542 
f 8536 8543 8544 
f 8536 8544 8535 
f 8533 8545 8546 
f 8520 8547 8548 
f 8528 8548 8549 
f 8550 8532 8549 
f 8520 8519 8547 
f 8528 8520 8548 
f 8532 8528 8549 
f 8529 8534 8541 
f 8536 8532 8550 
f 8533 8537 8545 
f 8538 8533 8546 
f 8534 8538 8540 
f 8543 8536 8550 
f 8551 8552 8553 
f 8552 8551 8554 
f 8552 8555 8556 
f 8552 8554 8555 
f 8556 8555 8557 
f 8557 8558 8559 
f 8559 8560 8561 
f 8559 8558 8560 
f 8561 8560 8547 
f 8557 8555 8562 
f 8557 8562 8558 
f 8547 8560 8548 
f 62 76 61 
f 93 16 60 
f 8554 8551 8563 
f 8555 8554 8563 
f 8555 8563 8562 
f 8560 8558 8564 
f 8560 8564 8548 
f 8548 8564 8549 
f 8563 8551 8565 
f 8563 8565 8566 
f 8562 8563 8566 
f 8558 8562 8567 
f 8562 8566 8567 
f 8564 8558 8567 
f 8564 8567 8550 
f 8564 8550 8549 
f 8565 8551 8568 
f 8565 8569 8566 
f 8567 8566 8570 
f 8567 8570 8571 
f 8567 8571 8550 
f 8559 8561 8572 
f 8573 8553 8552 
f 8568 8574 8575 
f 8568 8575 8565 
f 8566 8569 8576 
f 8543 8571 8577 
f 8570 8566 8576 
f 8543 8550 8571 
f 8578 8579 8580 
f 8580 8581 8582 
f 8579 8583 8581 
f 8580 8579 8581 
f 8584 8582 8581 
f 8584 8581 8583 
f 8585 8586 8587 
f 8587 8582 8584 
f 8585 8587 8584 
f 8584 8583 8588 
f 8586 8580 8587 
f 8585 8589 8586 
f 8587 8580 8582 
f 8589 8585 8590 
f 8574 8591 8592 
f 8593 8574 8592 
f 8594 8592 8591 
f 8595 8594 8591 
f 8596 8595 8597 
f 8598 8597 8599 
f 8598 8599 8585 
f 8600 8598 8584 
f 8584 8598 8585 
f 8584 8588 8600 
f 8595 8596 8601 
f 8592 8601 8593 
f 8574 8593 8602 
f 8574 8602 8575 
f 8592 8594 8601 
f 8594 8595 8601 
f 8596 8597 8603 
f 8597 8598 8603 
f 8577 8571 8570 
f 8565 8575 8569 
f 8569 8604 8576 
f 8570 8605 8606 
f 8570 8576 8605 
f 8577 8570 8606 
f 8569 8575 8604 
f 8539 8538 8607 
f 8607 8538 8546 
f 8607 8546 8608 
f 8609 8610 8546 
f 8608 8546 8610 
f 8609 8546 8545 
f 8611 8537 8612 
f 8611 8545 8537 
f 8612 8535 8544 
f 8537 8535 8612 
f 8612 8544 8613 
f 8612 8613 8614 
f 8545 8614 8609 
f 8607 8608 8615 
f 8539 8615 8616 
f 8617 8539 8616 
f 8539 8607 8615 
f 8545 8611 8614 
f 8611 8612 8614 
f 8577 8544 8543 
f 8539 8617 8618 
f 8617 8619 8620 
f 8617 8616 8619 
f 8539 8618 8621 
f 8618 8617 8622 
f 8623 8624 8526 
f 8526 8541 8625 
f 8540 8539 8621 
f 8541 8621 8625 
f 8623 8626 8627 
f 8542 8624 8628 
f 8542 8526 8624 
f 8624 8623 8627 
f 8626 8623 8625 
f 8541 8540 8621 
f 8623 8526 8625 
f 8629 8630 8631 
f 8632 8631 8633 
f 8634 8630 8629 
f 8629 8631 8635 
f 8628 8631 8632 
f 8635 8631 8628 
f 8636 8634 8629 
f 8629 8635 8626 
f 8636 8629 8637 
f 8637 8629 8626 
f 8626 8635 8627 
f 8635 8628 8627 
f 8625 8621 8636 
f 8626 8625 8637 
f 8628 8624 8627 
f 8542 8628 8638 
f 8634 8639 8630 
f 8638 8632 8633 
f 8634 8636 8639 
f 8625 8636 8637 
f 8636 8621 8639 
f 8628 8632 8638 
f 8640 8641 8642 
f 8643 8644 8645 
f 8645 8646 8647 
f 8648 8649 8646 
f 8646 8649 8650 
f 8649 8651 8650 
f 8650 8651 8652 
f 8640 8642 8653 
f 8653 8642 8643 
f 8643 8645 8647 
f 8650 8652 8572 
f 8542 8638 8640 
f 8648 8646 8654 
f 8654 8645 8644 
f 8644 8643 8642 
f 8641 8640 8655 
f 8638 8633 8655 
f 8656 8652 8657 
f 8519 8640 8653 
f 8647 8646 8572 
f 8640 8638 8655 
f 8646 8645 8654 
f 8652 8651 8657 
f 8646 8650 8572 
f 8547 8519 8561 
f 8658 8573 8552 
f 8556 8557 8659 
f 8556 8659 8660 
f 8556 8660 8552 
f 8661 8662 8659 
f 8557 8661 8659 
f 8572 8656 8557 
f 8661 8557 8663 
f 8572 8561 8647 
f 8647 8561 8643 
f 8661 8663 8664 
f 8653 8643 8561 
f 8652 8656 8572 
f 8557 8665 8663 
f 8659 8666 8660 
f 8552 8667 8668 
f 8552 8668 8658 
f 8559 8572 8557 
f 8653 8561 8519 
f 8573 8658 8669 
f 8519 8542 8640 
f 8670 8671 8672 
f 8671 8673 8669 
f 8669 8553 8573 
f 8671 8670 8674 
f 8671 8674 8673 
f 8669 8673 8553 
f 8674 8670 8675 
f 8675 8670 8676 
f 8673 8674 8677 
f 8674 8675 8677 
f 8553 8673 8677 
f 8678 8676 8590 
f 8675 8676 8678 
f 8675 8678 8679 
f 8677 8675 8680 
f 8675 8679 8680 
f 8678 8590 8599 
f 8599 8590 8585 
f 8678 8599 8597 
f 8678 8597 8679 
f 8680 8679 8591 
f 8677 8680 8681 
f 8680 8591 8681 
f 8574 8568 8681 
f 8568 8551 8677 
f 8597 8595 8679 
f 8595 8591 8679 
f 8591 8574 8681 
f 8669 8658 8671 
f 8658 8672 8671 
f 8551 8553 8677 
f 8568 8677 8681 
f 8682 8676 8683 
f 8683 8676 8670 
f 8684 8670 5913 
f 8670 8672 5913 
f 8683 8670 8684 
f 8685 8682 8683 
f 5889 8683 8684 
f 8685 8683 5874 
f 5889 8684 5913 
f 8590 8676 8682 
f 8686 5912 5913 
f 8589 8590 8682 
f 5913 8672 8686 
f 8589 8682 8685 
f 5886 5890 1633 
f 5890 5886 5872 
f 8685 5874 8586 
f 8580 8586 5874 
f 5874 5875 8687 
f 5889 5874 8683 
f 308 305 306 
f 1622 1623 5890 
f 1623 1633 5890 
f 1632 1631 1633 
f 221 218 219 
f 5766 456 1638 
f 5861 5876 8688 
f 5876 5877 8689 
f 5877 5878 8690 
f 5863 5864 8496 
f 5864 5865 8496 
f 5867 5868 5882 
f 5868 5853 5883 
f 1630 8497 5886 
f 5885 5871 8497 
f 8492 5883 5884 
f 5882 8495 5881 
f 8496 5865 8495 
f 8496 8494 5862 
f 8494 8517 5880 
f 8516 8515 5879 
f 8514 5878 5879 
f 8586 8589 8685 
f 5878 8509 8690 
f 8689 5877 8690 
f 8688 5876 8689 
f 5861 8688 8691 
f 5875 8691 8687 
f 5874 8692 8693 
f 8578 8580 8693 
f 5886 1633 1631 
f 1622 5890 1638 
f 5890 5766 1638 
f 5882 5868 5883 
f 5883 5869 5884 
f 5881 5866 5882 
f 5880 8516 5879 
f 5862 8494 5880 
f 8580 5874 8693 
f 5874 8687 8692 
f 1631 1630 5886 
f 5875 5861 8691 
f 5863 8496 5862 
f 8495 5865 5881 
f 5871 5885 5870 
f 8497 5871 5886 
f 5885 8492 5884 
f 5906 5907 8660 
f 5907 8694 8660 
f 8660 8694 8667 
f 8694 5908 8667 
f 5908 8695 8667 
f 8668 5911 8658 
f 8658 5911 8696 
f 8697 5906 8659 
f 8659 5906 8666 
f 5906 8660 8666 
f 8667 8695 8668 
f 8659 8662 8697 
f 8672 8658 8686 
f 5911 5912 8696 
f 5910 5911 8668 
f 5909 5910 8695 
f 5907 5908 8694 
f 8697 5905 5906 
f 5908 5909 8695 
f 8695 5910 8668 
f 8552 8660 8667 
f 8686 8658 8696 
f 5912 8686 8696 
f 8698 8699 8700 
f 8701 8700 8702 
f 8699 8698 8656 
f 8701 8702 8703 
f 8703 8702 8665 
f 8702 8704 8663 
f 8663 8704 8705 
f 8664 8705 8706 
f 8661 8706 8707 
f 8707 8706 8662 
f 8698 8700 8656 
f 8656 8700 8701 
f 8665 8702 8663 
f 8663 8705 8664 
f 8701 8703 8557 
f 8557 8703 8665 
f 8664 8706 8661 
f 8707 8662 8661 
f 8657 8651 8699 
f 5905 8697 8708 
f 8662 8706 8708 
f 8657 8699 8656 
f 8557 8656 8701 
f 8697 8662 8708 
f 8702 8700 8704 
f 8699 8651 8709 
f 8705 8704 8708 
f 8706 8705 8708 
f 8700 8709 8704 
f 8700 8699 8709 
f 8710 8711 6752 
f 8710 6752 6758 
f 8712 6753 5903 
f 8710 6758 8713 
f 6758 6753 8713 
f 8713 6753 8712 
f 8713 8712 8714 
f 8709 8710 8713 
f 8709 8713 8704 
f 8713 8714 8704 
f 8704 8714 8708 
f 5904 5905 8708 
f 5903 5904 8712 
f 6753 5902 5903 
f 6752 8711 8715 
f 8710 8709 8711 
f 8712 5904 8714 
f 8714 5904 8708 
f 8648 8716 8717 
f 8718 8719 8720 
f 8648 8721 8716 
f 8716 8721 6741 
f 8721 8722 6741 
f 6741 8722 8723 
f 6757 8724 6778 
f 8725 8726 6749 
f 6749 8726 6767 
f 8726 6755 6767 
f 6755 8727 8728 
f 8728 8729 6747 
f 6747 8729 6777 
f 6777 8730 6746 
f 8730 8719 6746 
f 6765 8731 8732 
f 8733 8734 6754 
f 6751 6752 8715 
f 6751 8715 8716 
f 6741 6751 8716 
f 6756 6778 8735 
f 6749 6756 8725 
f 6747 6755 8728 
f 6745 6746 8719 
f 6744 6766 6765 
f 6754 6765 8732 
f 8711 8709 8717 
f 8734 8733 8736 
f 8733 8737 8732 
f 8731 6766 8738 
f 8738 8718 8739 
f 8719 8730 8740 
f 8741 8730 8742 
f 8742 6777 8743 
f 8743 6777 8729 
f 8727 6755 8744 
f 8744 6755 8745 
f 8745 8726 8725 
f 8735 6778 8630 
f 8630 8724 8631 
f 8631 6757 8633 
f 8633 8723 8746 
f 8746 8722 8655 
f 8655 8722 8641 
f 8641 8722 8747 
f 8747 8721 8644 
f 8644 8721 8654 
f 8648 8717 8649 
f 6440 8734 8748 
f 8721 8648 8654 
f 8722 8721 8747 
f 8723 8722 8746 
f 6757 8723 8633 
f 8724 6757 8631 
f 6778 8724 8630 
f 6755 8726 8745 
f 8729 8728 8727 
f 8730 6777 8742 
f 8718 8720 8739 
f 6766 8718 8738 
f 6765 6766 8731 
f 6757 6741 8723 
f 6750 6757 6778 
f 6756 8735 8725 
f 6748 6749 6767 
f 6745 8719 8718 
f 6745 8718 6766 
f 6754 8732 8737 
f 6754 8737 8733 
f 8734 6440 6754 
f 8715 8711 8717 
f 8716 8715 8717 
f 8749 8750 8748 
f 8751 8752 6434 
f 8750 8749 8753 
f 8753 8754 6439 
f 6439 8754 8755 
f 8756 8757 6399 
f 6399 8757 6438 
f 6438 8758 6437 
f 16 62 61 
f 8759 92 26 
f 8760 8761 6397 
f 6397 8761 6436 
f 6436 8761 8762 
f 8762 8751 6435 
f 6435 8751 6434 
f 6402 6403 8753 
f 6401 6439 8755 
f 6400 6401 8763 
f 6399 6400 8763 
f 6398 6437 8758 
f 6392 6398 8764 
f 6397 6392 8760 
f 6435 6436 8762 
f 6440 8748 8750 
f 8765 8751 8766 
f 8766 8761 8767 
f 8767 8761 8768 
f 8768 8760 8769 
f 8769 8764 8770 
f 8770 8758 8771 
f 8771 8758 8772 
f 8772 8757 8773 
f 8773 8756 8774 
f 8774 8763 8775 
f 8754 8753 8749 
f 8755 8754 8775 
f 8756 8763 8774 
f 8757 8756 8773 
f 6438 8757 8772 
f 8758 6438 8772 
f 8764 8758 8770 
f 8760 8764 8769 
f 8761 8760 8768 
f 8762 8761 8766 
f 8751 8762 8766 
f 6403 8750 8753 
f 6402 8753 6439 
f 6401 8755 8775 
f 6401 8775 8763 
f 6399 8763 8756 
f 6398 8758 8764 
f 6392 8764 8760 
f 6396 6397 6436 
f 8750 6403 6440 
f 8752 8751 8765 
f 8776 8777 8778 
f 8778 8752 8765 
f 58 87 79 
f 8779 8780 8781 
f 8782 8783 8784 
f 8784 8785 8786 
f 8786 8785 8787 
f 8788 8789 8790 
f 8791 8792 8793 
f 8793 8792 8794 
f 8795 8796 8797 
f 8798 8799 8800 
f 8801 8802 8803 
f 8803 8802 8804 
f 8805 8806 8807 
f 8807 8808 8809 
f 8809 8808 8810 
f 8810 8811 8812 
f 8812 8811 8813 
f 8813 8811 8814 
f 8815 8814 8816 
f 8816 8817 8818 
f 8818 8817 8819 
f 8819 8820 8821 
f 8821 8820 8822 
f 8822 8823 8824 
f 8824 8823 8825 
f 38 37 2877 
f 8826 8827 8828 
f 8828 8827 8829 
f 8830 8831 8832 
f 8833 8834 8835 
f 8835 8834 8836 
f 8836 8837 8838 
f 8838 8837 8839 
f 8839 8840 8841 
f 8841 8840 8842 
f 8842 8843 8844 
f 8844 8843 8845 
f 8845 8846 8847 
f 8847 8846 8848 
f 8848 6431 8849 
f 8849 8850 8851 
f 8778 8777 8850 
f 8752 8778 8850 
f 8849 6431 8850 
f 8848 8846 6431 
f 8845 8843 8846 
f 8842 8840 8843 
f 8839 8837 8840 
f 8836 8834 8837 
f 8832 8831 8833 
f 8829 8827 8830 
f 8827 8826 8852 
f 8826 8853 8852 
f 8825 8823 8853 
f 8822 8820 8823 
f 8819 8817 8820 
f 8816 8814 8817 
f 8810 8808 8811 
f 8807 8806 8808 
f 8804 8802 8805 
f 19 8854 39 
f 8798 8855 8799 
f 8797 8796 8855 
f 8794 8792 8795 
f 8856 8857 8791 
f 8857 8790 8789 
f 8787 8785 8788 
f 8784 8783 8785 
f 8782 8858 8859 
f 20 9 17 
f 8779 8860 8780 
f 8861 8862 6164 
f 8861 6164 6239 
f 8861 6239 8863 
f 8863 6239 8864 
f 8865 8864 6260 
f 8865 6260 8866 
f 8789 8866 6426 
f 8789 6426 6453 
f 8789 6453 8867 
f 8868 8869 6331 
f 8868 6331 8870 
f 8871 8872 6454 
f 8871 6454 8873 
f 6432 8874 6430 
f 6430 6382 6432 
f 8875 6433 8876 
f 8876 6433 8752 
f 8780 8862 8861 
f 8863 8864 8877 
f 8877 8864 8783 
f 8864 8865 8783 
f 8783 8865 8866 
f 8789 8867 8792 
f 8792 6427 8796 
f 8796 6427 8799 
f 6427 8878 8799 
f 8799 8878 8802 
f 8878 8869 8802 
f 8802 8869 8868 
f 8868 8870 8806 
f 8806 8870 8808 
f 8870 8879 8808 
f 8808 8879 8880 
f 8879 8872 8880 
f 8880 8872 8817 
f 8872 8871 8817 
f 8817 8871 8820 
f 8871 8873 8820 
f 8820 8873 8823 
f 8873 6428 8823 
f 6428 8881 8823 
f 8823 8881 8852 
f 8852 8882 8883 
f 8883 8882 8831 
f 8882 8884 8831 
f 8831 8884 8834 
f 8884 8885 8834 
f 8834 8885 8840 
f 8885 8874 8840 
f 8840 8874 8843 
f 8874 6432 8843 
f 8843 6432 8846 
f 8846 6432 6431 
f 88 89 91 
f 92 8759 90 
f 6431 8875 8876 
f 8862 8780 8860 
f 6395 6433 8875 
f 6429 6430 8874 
f 6379 6429 8884 
f 6380 6379 8882 
f 6428 6380 8881 
f 6454 6361 8873 
f 6352 6360 8879 
f 6332 6352 8879 
f 6331 6332 8870 
f 6323 6331 8869 
f 6324 6323 8878 
f 6427 6324 8878 
f 6453 6298 8867 
f 6260 6426 8866 
f 6238 6260 8864 
f 6239 6238 8864 
f 6434 8752 6433 
f 8781 8780 8861 
f 8859 8781 8861 
f 8782 8859 8877 
f 8783 8782 8877 
f 8788 8785 8866 
f 8791 8857 8789 
f 8796 8795 8792 
f 8799 8855 8796 
f 8801 8800 8799 
f 8805 8802 8868 
f 8806 8805 8868 
f 8814 8811 8880 
f 8852 8853 8823 
f 8830 8827 8883 
f 8831 8830 8883 
f 8850 6431 8876 
f 8752 8850 8876 
f 8886 8862 8860 
f 6164 6189 6239 
f 8867 6298 8792 
f 8792 6298 6427 
f 8878 6323 8869 
f 8870 6332 8879 
f 8879 6360 8872 
f 8872 6360 6454 
f 8873 6361 6428 
f 8881 6380 8852 
f 8852 6380 8882 
f 8882 6379 8884 
f 8884 6429 8885 
f 8885 6429 8874 
f 6431 6395 8875 
f 8859 8861 8863 
f 8859 8863 8877 
f 8785 8783 8866 
f 8788 8866 8789 
f 8791 8789 8792 
f 8801 8799 8802 
f 8811 8808 8880 
f 8814 8880 8817 
f 8827 8852 8883 
f 8833 8831 8834 
f 8837 8834 8840 
f 6164 8862 8886 
f 6452 6164 8886 
f 8886 8860 8887 
f 6452 8886 8887 
f 8887 8860 8888 
f 88 27 89 
f 8779 8889 8888 
f 8860 8779 8888 
f 8888 8889 8890 
f 8891 8892 8893 
f 8893 8892 8894 
f 8894 8895 8896 
f 8896 8897 8898 
f 8898 8899 8900 
f 8900 8901 8902 
f 8902 8903 8904 
f 8904 8903 8905 
f 8905 8906 8907 
f 8907 8906 8908 
f 8908 8909 8910 
f 8910 8911 8912 
f 8912 8913 8914 
f 8914 8915 8916 
f 8916 8915 8917 
f 8918 8919 8920 
f 8920 8921 8922 
f 8922 8923 8924 
f 8924 8923 8925 
f 8925 8926 8927 
f 8927 8926 8928 
f 8928 8929 8930 
f 8930 8931 8932 
f 8932 8933 8934 
f 8934 8935 8936 
f 8936 8937 8938 
f 8938 8939 8940 
f 8940 8941 8942 
f 8942 8943 8944 
f 8890 8944 8945 
f 8890 8945 8888 
f 8945 8944 8943 
f 8943 8942 8941 
f 8941 8940 8939 
f 8939 8938 8937 
f 8937 8936 8935 
f 8935 8934 8933 
f 8933 8932 8931 
f 8931 8930 8929 
f 8929 8928 8926 
f 8926 8925 8946 
f 8925 8923 8946 
f 8922 8921 8923 
f 8920 8919 8921 
f 8917 8915 8918 
f 8915 8914 8913 
f 8913 8912 8911 
f 8911 8910 8909 
f 8909 8908 8906 
f 8905 8903 8906 
f 8902 8901 8903 
f 8900 8899 8901 
f 8899 8898 8897 
f 8897 8896 8895 
f 8895 8894 8947 
f 8892 8948 8947 
f 8894 8892 8947 
f 8949 8950 6416 
f 8949 6416 8951 
f 8952 6419 6420 
f 8952 6420 8953 
f 8953 6420 6421 
f 8953 6421 8954 
f 6422 6423 8955 
f 8956 8957 6424 
f 8933 8958 8959 
f 8960 8959 6039 
f 8960 6039 8961 
f 8962 8963 6425 
f 8962 6425 8964 
f 8965 6425 6165 
f 8964 6425 8965 
f 8966 8950 8947 
f 8947 8950 8895 
f 8950 8949 8895 
f 8895 8949 8897 
f 8949 8951 8897 
f 8897 8951 8899 
f 8951 6417 8899 
f 8899 6417 8901 
f 6417 8967 8901 
f 8901 8967 8903 
f 8967 6419 8903 
f 8903 6419 8952 
f 8952 8953 8968 
f 8968 8953 8969 
f 8953 8954 8969 
f 8969 8954 8913 
f 8954 6422 8913 
f 8913 6422 8915 
f 8915 6422 8970 
f 6422 8955 8970 
f 8970 8955 8971 
f 8955 8957 8971 
f 8971 8957 8956 
f 8956 6424 8972 
f 8972 6424 8973 
f 6424 8974 8973 
f 8973 8974 8946 
f 8974 8975 8946 
f 8946 8975 8976 
f 8975 8977 8976 
f 8976 8977 8929 
f 8977 8978 8929 
f 8929 8978 8979 
f 8978 8958 8979 
f 8979 8958 8933 
f 8933 8959 8935 
f 8935 8959 8937 
f 8959 8960 8937 
f 8937 8960 8939 
f 8960 8961 8939 
f 8939 8961 8941 
f 8961 8963 8941 
f 8941 8963 8943 
f 8963 8962 8943 
f 8964 8965 8887 
f 8964 8887 8888 
f 6078 6101 8961 
f 6040 6039 8959 
f 6021 6040 8978 
f 6009 6021 8977 
f 5991 6009 8975 
f 5981 5991 6424 
f 5965 6424 8957 
f 6423 5965 8955 
f 5966 6422 8954 
f 6421 5966 8954 
f 6418 5941 8967 
f 5917 6417 8951 
f 6415 6416 8950 
f 6414 6415 8966 
f 6413 6414 8980 
f 6452 8887 8965 
f 8947 8948 8966 
f 8906 8903 8952 
f 8909 8906 8968 
f 8911 8909 8969 
f 8918 8915 8970 
f 8919 8918 8971 
f 8921 8919 8956 
f 8923 8921 8972 
f 8926 8946 8976 
f 8931 8929 8979 
f 8945 8943 8962 
f 8888 8945 8964 
f 8966 8948 8980 
f 8966 6415 8950 
f 6416 5917 8951 
f 6417 6418 8967 
f 8967 5941 6419 
f 8955 5965 8957 
f 6424 5991 8974 
f 8974 5991 8975 
f 8975 6009 8977 
f 8977 6021 8978 
f 8978 6040 8958 
f 8958 6040 8959 
f 6039 6078 8961 
f 8961 6101 8963 
f 8963 6101 6425 
f 6452 8965 6165 
f 8906 8952 8968 
f 8909 8968 8969 
f 8911 8969 8913 
f 8918 8970 8971 
f 8919 8971 8956 
f 8921 8956 8972 
f 8923 8972 8973 
f 8923 8973 8946 
f 8926 8976 8929 
f 8931 8979 8933 
f 8945 8962 8964 
f 6414 8966 8980 
f 8980 8981 8982 
f 8981 8983 8982 
f 8982 8983 8984 
f 8985 6411 8986 
f 8985 8986 8987 
f 8988 8989 8990 
f 8988 8990 8991 
f 8991 8990 8992 
f 6405 8993 8994 
f 8994 8995 8996 
f 8980 8982 8997 
f 8997 8982 8998 
f 8982 8984 8998 
f 8998 8984 6411 
f 8985 8987 6409 
f 58 79 59 
f 5921 8999 8997 
f 6408 8989 6407 
f 6407 8989 8988 
f 8991 8992 9000 
f 9000 8992 9001 
f 8992 9002 9001 
f 9001 9002 9003 
f 9004 9005 6406 
f 6406 9005 5937 
f 5937 9005 9006 
f 9006 6405 6404 
f 6405 8994 6455 
f 6413 8980 6412 
f 5923 5921 8997 
f 5924 5923 8998 
f 6410 6411 8985 
f 5928 6409 8987 
f 5931 6407 8988 
f 5932 5931 8991 
f 5934 5932 9001 
f 6406 5934 9004 
f 5939 5937 9006 
f 5940 6405 6455 
f 8980 8948 8981 
f 8993 6405 9007 
f 9007 9006 9008 
f 9008 9005 9009 
f 9009 9004 9010 
f 9010 9003 9011 
f 9011 9002 9012 
f 9012 8992 8990 
f 8999 5921 6412 
f 9013 6408 9014 
f 9014 8987 8986 
f 9015 8984 9016 
f 9016 8984 9017 
f 9017 8984 8983 
f 8981 8948 8983 
f 8995 8994 8993 
f 6411 8984 9015 
f 8986 6411 9015 
f 6408 8987 9014 
f 8989 6408 9013 
f 8990 8989 9013 
f 9002 8992 9012 
f 9003 9002 9011 
f 9004 9003 9010 
f 9005 9004 9009 
f 9006 9005 9008 
f 6405 9006 9007 
f 46 44 86 
f 5923 8997 8998 
f 5924 8998 6411 
f 6410 8985 6409 
f 5928 8987 6408 
f 5931 8988 8991 
f 5932 8991 9000 
f 5932 9000 9001 
f 5934 9001 9003 
f 5934 9003 9004 
f 5939 9006 6404 
f 8999 8980 8997 
f 9018 9019 8996 
f 9019 9018 9020 
f 9020 9018 9021 
f 9020 9021 9022 
f 6792 9023 6796 
f 9020 9022 6776 
f 6776 9022 6764 
f 9022 9024 6764 
f 6764 9024 9025 
f 9024 9026 9025 
f 9025 9026 9027 
f 9026 9028 9027 
f 9027 9028 6763 
f 9028 9029 6763 
f 6763 9029 6762 
f 9029 9030 6762 
f 6762 9030 6761 
f 9030 9031 6761 
f 6761 9031 6760 
f 6760 9032 6759 
f 6759 9032 6458 
f 9032 9033 6458 
f 6458 9033 6774 
f 9033 9034 6774 
f 6774 9034 9023 
f 6774 9023 6792 
f 9019 9020 6462 
f 6792 6775 6774 
f 6451 6455 8994 
f 6462 6451 9019 
f 6776 6462 9020 
f 6465 6764 9025 
f 6459 6458 6774 
f 6796 6797 6792 
f 8994 8996 9019 
f 9023 9034 9035 
f 9035 9033 9036 
f 9036 9033 9032 
f 9032 6760 9037 
f 9037 9030 9038 
f 9038 9028 9039 
f 9039 9026 9040 
f 9040 9022 9021 
f 9018 8996 9041 
f 9024 9022 9040 
f 9026 9024 9040 
f 9028 9026 9039 
f 9029 9028 9038 
f 9030 9029 9038 
f 9031 9030 9037 
f 6760 9031 9037 
f 9034 9033 9035 
f 6463 6776 6764 
f 6465 9025 9027 
f 6465 9027 6763 
f 6451 8994 9019 
f 6796 9023 9042 
f 9043 9021 9041 
f 9038 9039 9044 
f 9036 9037 9045 
f 9037 9036 9032 
f 9042 6793 6796 
f 6814 6799 6793 
f 9042 6814 6793 
f 9046 6808 6813 
f 6808 9046 6809 
f 6809 9046 7121 
f 7121 6811 6809 
f 6795 6796 6793 
f 7099 6826 6825 
f 7121 7099 6811 
f 8892 8891 9017 
f 8948 8892 8983 
f 8892 9017 8983 
f 9015 9016 9017 
f 8986 9015 9047 
f 9012 8990 9048 
f 9010 9011 9049 
f 9009 9010 9049 
f 9008 9009 9050 
f 9007 9008 9050 
f 8993 9007 9050 
f 8996 8995 9041 
f 9040 9021 9043 
f 9039 9040 9043 
f 8986 9047 9014 
f 9015 9017 9047 
f 7120 7121 9051 
f 9046 6813 6814 
f 9042 9035 9052 
f 9044 9039 9053 
f 9053 9039 9054 
f 9054 9039 9055 
f 9039 9043 9055 
f 8993 9050 9041 
f 9009 9049 9050 
f 9011 9012 9049 
f 9048 8990 9056 
f 8990 9013 9056 
f 9043 9041 9057 
f 9021 9018 9041 
f 9037 9038 9045 
f 9035 9036 9052 
f 9036 9045 9052 
f 6814 9042 9058 
f 9023 9035 9042 
f 6808 6806 6813 
f 7121 9046 9051 
f 6825 6815 6811 
f 6823 6825 6826 
f 6811 7099 6825 
f 8995 8993 9041 
f 9038 9044 9045 
f 9012 9048 9059 
f 9048 9056 9059 
f 9056 9013 9060 
f 8980 8999 6412 
f 9060 9061 9062 
f 9062 9063 9064 
f 9064 9063 9065 
f 9059 9062 9064 
f 9059 9056 9060 
f 9059 9060 9062 
f 9043 9057 9066 
f 9049 9012 9064 
f 9012 9059 9064 
f 9064 9065 9067 
f 9050 9067 9068 
f 9057 9068 9069 
f 9043 9066 9070 
f 9050 9049 9064 
f 9050 9064 9067 
f 9066 9057 9069 
f 9041 9050 9068 
f 9057 9041 9068 
f 9044 9053 9071 
f 9053 9054 9071 
f 9054 9055 9070 
f 9055 9043 9070 
f 9070 9066 9072 
f 9070 9072 9073 
f 9073 9074 9075 
f 9075 9074 9076 
f 9071 9073 9075 
f 9054 9070 9071 
f 9071 9070 9073 
f 7120 9051 9077 
f 7122 7120 9077 
f 9077 9051 9078 
f 7154 7126 9079 
f 7154 9079 9080 
f 7119 6977 7148 
f 6977 7129 7148 
f 7103 7127 7154 
f 7127 7126 7154 
f 7125 7124 7126 
f 7124 7102 9081 
f 7102 7123 9081 
f 7150 7149 7154 
f 7128 7103 7154 
f 9046 6814 9078 
f 6814 9058 9078 
f 9058 9042 9082 
f 9042 9052 9082 
f 9045 9044 9075 
f 9044 9071 9075 
f 9075 9076 9083 
f 9052 9083 9084 
f 9082 9084 9085 
f 9078 9085 9086 
f 9078 9086 9087 
f 9077 9087 9088 
f 9077 9088 9089 
f 7122 9089 9090 
f 7122 9090 9091 
f 9081 9091 9092 
f 9081 9092 9093 
f 9081 9093 9094 
f 9081 9094 9095 
f 9079 9096 9080 
f 7150 7154 9097 
f 9082 9052 9084 
f 9052 9075 9083 
f 9052 9045 9075 
f 7122 9077 9089 
f 9051 9046 9078 
f 9077 9078 9087 
f 7100 7120 7122 
f 9079 9081 9095 
f 9081 7122 9091 
f 7126 7124 9079 
f 7154 9080 9097 
f 9079 7124 9081 
f 7123 7122 9081 
f 9078 9058 9085 
f 9058 9082 9085 
f 7169 7168 7185 
f 7170 7169 7185 
f 7155 7170 7190 
f 7171 7155 7224 
f 7172 7171 7192 
f 7178 7161 7194 
f 201 180 5762 
f 7160 7178 7182 
f 7182 7178 7196 
f 7196 7178 7194 
f 7194 7161 7172 
f 7192 7171 7224 
f 7224 7155 7190 
f 193 195 65 
f 7168 7153 7185 
f 9092 9091 9098 
f 9079 9095 9099 
f 9080 9096 9100 
f 9089 9088 9101 
f 44 52 86 
f 9097 9080 9102 
f 9102 9080 9100 
f 9096 9079 9103 
f 9079 9099 9103 
f 9093 9092 9098 
f 9091 9090 9104 
f 9090 9089 9105 
f 9091 9104 9106 
f 9091 9107 9098 
f 9091 9106 9107 
f 9098 9107 9108 
f 9109 9110 9105 
f 9107 9106 9111 
f 9107 9111 9112 
f 9108 9107 9113 
f 9107 9112 9113 
f 9114 9108 9115 
f 9108 9113 9115 
f 9116 9114 9117 
f 9114 9115 9117 
f 9118 9116 9119 
f 9116 9117 9119 
f 9118 9119 9120 
f 9121 9120 9119 
f 9110 9109 9122 
f 9104 9110 9122 
f 9104 9122 9123 
f 9106 9104 9111 
f 9104 9123 9111 
f 9120 9121 9124 
f 9117 9115 9125 
f 9117 9125 9119 
f 9109 9126 9127 
f 9109 9127 9122 
f 9111 9123 9128 
f 9102 9100 9124 
f 9100 9096 9120 
f 9096 9103 9120 
f 9103 9099 9118 
f 9099 9095 9116 
f 9095 9094 9114 
f 9094 9093 9108 
f 9093 9098 9108 
f 9090 9105 9110 
f 9123 9129 9128 
f 9111 9128 9130 
f 9113 9130 9131 
f 9115 9131 9125 
f 9121 9125 9132 
f 9121 9132 9133 
f 9121 9133 9134 
f 9121 9134 9124 
f 9090 9110 9104 
f 9094 9108 9114 
f 9095 9114 9116 
f 9099 9116 9118 
f 9103 9118 9120 
f 9109 9105 9135 
f 9126 9109 9135 
f 9121 9119 9125 
f 9112 9111 9130 
f 9113 9112 9130 
f 9115 9113 9131 
f 9122 9127 9129 
f 9123 9122 9129 
f 9127 9126 9136 
f 9100 9120 9124 
f 9105 9089 9101 
f 9097 9137 9138 
f 9137 9139 9138 
f 9138 9140 9141 
f 9138 9141 9142 
f 9138 9139 9140 
f 9137 9143 9139 
f 9140 9139 9144 
f 9141 9140 9145 
f 9140 9144 9145 
f 9142 9141 7218 
f 9141 9145 7218 
f 9143 9134 9146 
f 9139 9143 9146 
f 9139 9146 9144 
f 7218 9145 9147 
f 9147 9145 9148 
f 7219 7211 9147 
f 7218 7217 9142 
f 7217 7153 7152 
f 7152 7151 9142 
f 7151 7150 9138 
f 7150 9097 9138 
f 9097 9102 9137 
f 9102 9124 9137 
f 9124 9134 9143 
f 9134 9133 9149 
f 9148 9150 9151 
f 9148 9151 9147 
f 7151 9138 9142 
f 9142 7217 7152 
f 9137 9124 9143 
f 9146 9134 9149 
f 9144 9146 9148 
f 9145 9144 9148 
f 7211 7218 9147 
f 9152 9153 9154 
f 9133 9132 9155 
f 9155 9132 9156 
f 9152 9157 9153 
f 9153 9158 9159 
f 9159 9160 9161 
f 9159 9158 9160 
f 9161 9162 9163 
f 9161 9160 9162 
f 9163 9164 9165 
f 9163 9162 9164 
f 9165 9166 9167 
f 9165 9164 9166 
f 9167 9168 9169 
f 9167 9166 9168 
f 9169 9168 9170 
f 9156 9170 9155 
f 9133 9155 9149 
f 9153 9171 9158 
f 9170 9168 9172 
f 9170 9172 9155 
f 9149 9173 9174 
f 9149 9155 9173 
f 9149 9174 9146 
f 9158 9171 9175 
f 9160 9158 9176 
f 9158 9175 9176 
f 9162 9160 9177 
f 9160 9176 9177 
f 9164 9162 9178 
f 9162 9177 9178 
f 9166 9164 9178 
f 9168 9166 9179 
f 9166 9178 9179 
f 9168 9179 9172 
f 9155 9172 9180 
f 9155 9180 9173 
f 9146 9174 9148 
f 9171 9157 8462 
f 9172 9179 8385 
f 9172 8385 9180 
f 9173 9180 9174 
f 8462 9181 9171 
f 9171 9181 9175 
f 9176 9175 9182 
f 9176 9182 9177 
f 9178 9177 8386 
f 9179 9178 9183 
f 9178 8386 9183 
f 9179 9183 8385 
f 9177 9182 8371 
f 8386 9177 8387 
f 9177 8371 8387 
f 9180 8385 8367 
f 9180 8367 9150 
f 9181 8462 8389 
f 9181 8389 8388 
f 9151 9150 7219 
f 8388 8377 9175 
f 8377 8371 9182 
f 8369 8368 9183 
f 9156 9132 9131 
f 9170 9131 9169 
f 9165 9167 9163 
f 9161 9163 9184 
f 9159 9161 9154 
f 9154 9153 9159 
f 9152 9154 9185 
f 9171 9153 9157 
f 8462 9157 8467 
f 9174 9180 9150 
f 9181 8388 9175 
f 9175 8377 9182 
f 8386 8369 9183 
f 9183 8368 8385 
f 8367 7219 9150 
f 7219 9147 9151 
f 9170 9156 9131 
f 9148 9174 9150 
f 9186 9157 9187 
f 9157 9186 8467 
f 9186 9187 9188 
f 9187 9189 9190 
f 9187 9190 9188 
f 9190 9191 9192 
f 9188 9190 9193 
f 9190 9192 9193 
f 9192 9191 8512 
f 8468 8466 9193 
f 8466 8465 9188 
f 8465 8464 9186 
f 8464 8467 9186 
f 9157 9152 9187 
f 9152 9185 9187 
f 8512 9194 8513 
f 9190 9189 9191 
f 8465 9186 9188 
f 8466 9188 9193 
f 8512 9191 9194 
f 9187 9185 9189 
f 9195 9196 9197 
f 9195 9197 9198 
f 9197 9199 9198 
f 9200 9198 9199 
f 9201 9200 9202 
f 9200 9199 9202 
f 9203 9202 9204 
f 9201 9202 9203 
f 9196 9205 9197 
f 9199 9197 9206 
f 9203 9204 9191 
f 9197 9205 9207 
f 9207 9205 9208 
f 70 82 57 
f 9197 9207 9206 
f 48 81 71 
f 9202 9199 9209 
f 9199 9206 9209 
f 9202 9209 9204 
f 9210 9207 9211 
f 9207 9208 9211 
f 9206 9207 9212 
f 9212 9213 9206 
f 9209 9206 9214 
f 9204 9214 9194 
f 9209 9214 9204 
f 9194 9191 9204 
f 9191 9189 9203 
f 9189 9185 9203 
f 9203 9185 9201 
f 9198 9200 9215 
f 9198 9215 9216 
f 9216 9217 9218 
f 9216 9218 9219 
f 9196 9219 9208 
f 9216 9196 9195 
f 9196 9216 9219 
f 9195 9198 9216 
f 9205 9196 9208 
f 9206 9213 9214 
f 9220 9194 9214 
f 9210 9211 9221 
f 8510 8468 8504 
f 8504 8468 8511 
f 8512 8511 9192 
f 9192 8511 9193 
f 8511 8468 9193 
f 9212 9207 9210 
f 9214 9213 9222 
f 9220 9214 9223 
f 48 69 81 
f 9213 9212 9224 
f 9224 9212 9225 
f 9221 9211 9226 
f 9212 9210 9225 
f 9210 9221 9225 
f 8513 9194 9220 
f 71 59 80 
f 9221 9226 9227 
f 9228 9227 9229 
f 9227 9226 9229 
f 9226 9211 9229 
f 9230 9231 9232 
f 9232 9231 9233 
f 9233 9234 9235 
f 9235 9236 9237 
f 9237 9238 9239 
f 9240 9241 9242 
f 9242 9241 9243 
f 9243 9244 9245 
f 9245 9244 9246 
f 9246 9244 9247 
f 9247 9248 9249 
f 9250 9251 9252 
f 9247 9244 9248 
f 9243 9241 9244 
f 9239 9238 9240 
f 9237 9236 9238 
f 9235 9234 9236 
f 9233 9231 9234 
f 9230 9253 9231 
f 9253 9250 9252 
f 9254 9255 9256 
f 9236 9256 9257 
f 9257 9258 9259 
f 9259 9258 9260 
f 9254 9261 9262 
f 9262 9261 9263 
f 9254 9262 9255 
f 9256 9255 9264 
f 9257 9256 9265 
f 9256 9264 9265 
f 9257 9265 9258 
f 9255 9262 9266 
f 9255 9266 9264 
f 9258 9265 9267 
f 9260 9258 9268 
f 9258 9267 9268 
f 9262 9263 9266 
f 9266 9263 9269 
f 9264 9266 9270 
f 9265 9264 9267 
f 9264 9270 9267 
f 9266 9271 9270 
f 9267 9272 9268 
f 9266 9269 9273 
f 9266 9273 9271 
f 9267 9270 9272 
f 9270 9271 9272 
f 9248 9244 9259 
f 9244 9241 9259 
f 9241 9240 9257 
f 9240 9238 9257 
f 9236 9234 9256 
f 9234 9231 9254 
f 9231 9253 9261 
f 9253 9252 9261 
f 9268 9274 9275 
f 9260 9275 9248 
f 9271 9276 9272 
f 9252 9251 9277 
f 9277 9278 9279 
f 9277 9279 9269 
f 9280 9273 9279 
f 9254 9231 9261 
f 9234 9254 9256 
f 9238 9236 9257 
f 9241 9257 9259 
f 9259 9260 9248 
f 9263 9261 9277 
f 9260 9268 9275 
f 9269 9263 9277 
f 9268 9272 9281 
f 9274 9268 9281 
f 9261 9252 9277 
f 9273 9269 9279 
f 9280 9278 9282 
f 9282 9283 9284 
f 9282 9278 9283 
f 9284 9283 9285 
f 9285 9283 9286 
f 9287 9285 9286 
f 9288 9287 9289 
f 9287 9286 9289 
f 9288 9289 9290 
f 9291 9292 9293 
f 9292 9290 9293 
f 9283 9278 9294 
f 9283 9294 9286 
f 57 59 71 
f 9293 9290 9295 
f 9293 9296 9297 
f 9295 9296 9293 
f 9298 9278 9299 
f 9278 9298 9294 
f 9299 9277 9251 
f 9289 9286 9300 
f 9286 9294 9300 
f 9290 9289 9300 
f 78 25 88 
f 9290 9300 9295 
f 9299 9251 9301 
f 9298 9299 9301 
f 9294 9298 9302 
f 9298 9301 9302 
f 9300 9294 9303 
f 9295 9300 9304 
f 9295 9304 9305 
f 9295 9305 9296 
f 9296 9305 9306 
f 9293 9307 9308 
f 9292 9308 9288 
f 9287 9288 9309 
f 9285 9309 9284 
f 9296 9306 9310 
f 9311 9280 9282 
f 9280 9279 9278 
f 9285 9287 9309 
f 9290 9292 9288 
f 9292 9291 9308 
f 9278 9277 9299 
f 9297 9296 9310 
f 9300 9303 9312 
f 9304 9300 9312 
f 9291 9293 9308 
f 9250 9313 9251 
f 9303 9294 9314 
f 9303 9314 9312 
f 9294 9302 9314 
f 9301 9313 9302 
f 6 5 3 
f 9301 9251 9313 
f 9315 9316 9317 
f 9318 9319 9320 
f 9320 9319 9321 
f 9321 9322 9323 
f 9306 9323 9322 
f 9322 9321 9319 
f 9319 9318 9324 
f 9324 9317 9316 
f 9316 9315 9325 
f 9228 9229 9326 
f 9327 9328 9329 
f 9329 9330 9327 
f 9330 9331 9332 
f 9331 9333 9332 
f 9333 9334 9335 
f 9334 9326 9335 
f 9326 9336 9335 
f 9332 9333 9335 
f 9327 9330 9332 
f 9326 9229 9336 
f 9327 9325 9328 
f 9337 9219 9218 
f 9219 9337 9338 
f 9208 9339 9336 
f 9208 9340 9339 
f 9338 9337 9341 
f 9340 9338 9342 
f 9338 9341 9342 
f 9339 9340 9342 
f 9337 9218 9343 
f 9337 9343 9341 
f 9342 9341 9344 
f 9339 9342 9344 
f 9208 9219 9340 
f 9229 9211 9336 
f 9325 9327 9344 
f 9327 9332 9344 
f 9332 9335 9339 
f 9343 9345 9346 
f 9341 9346 9344 
f 9219 9338 9340 
f 9211 9208 9336 
f 9335 9336 9339 
f 9343 9218 9345 
f 9341 9343 9346 
f 9332 9339 9344 
f 9324 9316 9347 
f 9324 9347 9348 
f 9348 9349 9319 
f 9319 9349 9322 
f 9316 9350 9351 
f 9316 9351 9347 
f 9348 9347 9352 
f 9348 9352 9349 
f 9322 9349 9310 
f 9347 9351 9352 
f 9349 9352 9353 
f 9349 9353 9310 
f 9310 9353 9297 
f 9352 9351 9354 
f 51 34 33 
f 9351 9345 9354 
f 9352 9354 9355 
f 1 33 2877 
f 9297 9353 9307 
f 9307 9293 9297 
f 9310 9306 9322 
f 9319 9324 9348 
f 9344 9346 9350 
f 9354 9345 9217 
f 9354 9217 9355 
f 9352 9355 9307 
f 9316 9344 9350 
f 9350 9346 9351 
f 9351 9346 9345 
f 9353 9352 9307 
f 9325 9344 9316 
f 993 9130 9128 
f 993 9128 9129 
f 9356 920 9357 
f 9357 920 9358 
f 899 9359 9360 
f 899 9360 9361 
f 9360 9362 9361 
f 899 9361 920 
f 9361 9358 920 
f 9360 9359 9363 
f 9362 9360 9363 
f 9169 9131 993 
f 9129 9359 993 
f 9356 9364 920 
f 910 924 899 
f 987 9359 988 
f 9359 899 924 
f 9359 987 993 
f 921 9365 915 
f 920 9364 921 
f 921 9364 9365 
f 992 985 984 
f 985 993 973 
f 9163 9167 985 
f 9163 985 992 
f 9167 9169 985 
f 9169 993 985 
f 9276 915 9366 
f 915 9365 9367 
f 9366 915 9367 
f 921 915 927 
f 905 915 9276 
f 9184 9163 992 
f 9184 992 981 
f 918 916 9276 
f 905 9276 916 
f 989 922 918 
f 918 917 916 
f 981 990 9355 
f 9355 974 980 
f 9355 980 989 
f 981 9355 9215 
f 9184 981 9215 
f 9276 9366 9368 
f 918 9276 9311 
f 9309 989 9311 
f 918 9311 989 
f 9355 989 9308 
f 989 9309 9308 
f 9369 9368 9370 
f 9281 9272 9371 
f 9276 9368 9272 
f 9272 9368 9371 
f 9368 9369 9371 
f 9311 9276 9280 
f 9355 9308 9307 
f 9215 9355 9217 
f 9217 9345 9218 
f 901 911 920 
f 972 984 985 
f 991 982 981 
f 982 970 981 
f 9129 9127 9359 
f 9127 9136 9359 
f 9185 9154 9201 
f 9154 9161 9215 
f 9131 9132 9125 
f 9215 9200 9154 
f 9200 9201 9154 
f 9271 9273 9276 
f 9273 9280 9276 
f 9282 9284 9311 
f 9284 9309 9311 
f 9281 9372 9373 
f 9356 9374 9375 
f 9356 9375 9364 
f 9376 9370 9368 
f 9357 9377 9378 
f 9356 9378 9379 
f 993 9131 9130 
f 9356 9379 9374 
f 9356 9357 9378 
f 988 9359 924 
f 901 920 921 
f 927 913 921 
f 879 914 915 
f 915 914 927 
f 992 991 981 
f 990 974 9355 
f 9161 9184 9215 
f 9309 9288 9308 
f 9216 9215 9217 
f 9369 9370 9380 
f 9281 9371 9372 
f 9381 9382 9136 
f 9381 9136 9126 
f 9382 9381 9383 
f 9384 9385 9378 
f 9378 9385 9386 
f 9387 9388 9389 
f 9390 9389 9391 
f 9389 9388 9391 
f 9135 9381 9126 
f 9381 9135 9392 
f 9383 9381 9393 
f 9381 9392 9393 
f 9394 9383 9395 
f 9383 9393 9395 
f 9396 9394 9397 
f 9394 9395 9397 
f 9398 9396 9399 
f 9396 9397 9399 
f 9400 9398 9401 
f 9398 9399 9401 
f 9402 9400 9403 
f 9400 9401 9403 
f 9404 9402 9405 
f 9402 9403 9405 
f 9384 9404 9406 
f 9404 9405 9406 
f 9385 9384 9407 
f 9384 9406 9407 
f 9386 9385 9408 
f 9385 9407 9408 
f 9387 9386 9409 
f 9386 9408 9409 
f 9388 9387 9410 
f 9387 9409 9410 
f 9388 9410 9411 
f 9388 9411 9391 
f 9135 9101 9392 
f 9392 9101 9412 
f 9393 9392 9412 
f 9397 9395 9413 
f 9395 9393 9413 
f 9397 9413 9399 
f 9401 9399 9414 
f 9403 9401 9415 
f 9401 9414 9415 
f 9403 9415 9405 
f 9406 9405 9084 
f 61 76 77 
f 9406 9084 9407 
f 78 88 97 
f 9409 9408 9416 
f 9410 9409 9417 
f 9409 9416 9417 
f 9411 9417 9418 
f 9410 9417 9411 
f 13 22 6 
f 9419 9374 9390 
f 9374 9379 9389 
f 9379 9420 9389 
f 9420 9379 9387 
f 9379 9378 9386 
f 9378 9377 9384 
f 9377 9357 9402 
f 9357 9358 9402 
f 9358 9361 9396 
f 9361 9362 9394 
f 9362 9363 9383 
f 9363 9359 9382 
f 9393 9087 9413 
f 9399 9086 9414 
f 9405 9085 9084 
f 9411 9421 9391 
f 9390 9391 9419 
f 9382 9359 9136 
f 9390 9374 9389 
f 9362 9383 9394 
f 9361 9394 9396 
f 9358 9396 9398 
f 9358 9398 9400 
f 9358 9400 9402 
f 9377 9402 9404 
f 9377 9404 9384 
f 9379 9386 9387 
f 9420 9387 9389 
f 9135 9105 9101 
f 9412 9101 9088 
f 9393 9412 9087 
f 9399 9413 9086 
f 9405 9415 9085 
f 9408 9407 9083 
f 9416 9408 9083 
f 9411 9418 9421 
f 9363 9382 9383 
f 9422 9423 9424 
f 9074 9425 9426 
f 9074 9427 9425 
f 9426 9425 9421 
f 9427 9422 9428 
f 9427 9428 9425 
f 9422 9424 9429 
f 9429 9424 9430 
f 9422 9429 9428 
f 9429 9430 9431 
f 9428 9429 9432 
f 9421 9425 9433 
f 9425 9428 9433 
f 9429 9431 9434 
f 9429 9434 9432 
f 9428 9432 9435 
f 9428 9435 9433 
f 9432 9434 9436 
f 9433 9435 9437 
f 9419 9391 9433 
f 9424 9438 9439 
f 9431 9430 9440 
f 9431 9440 9441 
f 9434 9442 9436 
f 9435 9443 9437 
f 9424 9423 9438 
f 9430 9424 9439 
f 9391 9421 9433 
f 9434 9431 9442 
f 9432 9436 9443 
f 9435 9432 9443 
f 9419 9433 9437 
f 9426 9421 9418 
f 9444 9445 9446 
f 9444 9446 9447 
f 9444 9448 9449 
f 9449 9450 9451 
f 9449 9448 9450 
f 9451 9450 9452 
f 9451 9453 9454 
f 9451 9452 9453 
f 9454 9455 9456 
f 9454 9453 9455 
f 9456 9457 9458 
f 9456 9455 9457 
f 9458 9459 9460 
f 9458 9457 9459 
f 9460 9461 9462 
f 9460 9459 9461 
f 9431 9463 9462 
f 9464 9465 9444 
f 9444 9447 9464 
f 9444 9465 9466 
f 9448 9444 9466 
f 9448 9466 9450 
f 9462 9461 9467 
f 9431 9462 9442 
f 9462 9467 9442 
f 9450 9466 9468 
f 9452 9450 9469 
f 9450 9468 9469 
f 9453 9452 9470 
f 9452 9469 9470 
f 9455 9453 9470 
f 9457 9455 9471 
f 9455 9470 9471 
f 9459 9457 9471 
f 9461 9459 9472 
f 9459 9471 9472 
f 9461 9472 9467 
f 9436 9442 9443 
f 9442 9467 9443 
f 9473 9474 9465 
f 9465 9464 9473 
f 9466 9465 9474 
f 9466 9474 9468 
f 9467 9472 9475 
f 9467 9475 9443 
f 9473 9476 9474 
f 9476 9368 9474 
f 9468 9474 9477 
f 9469 9468 9478 
f 9468 9477 9478 
f 9470 9469 9479 
f 9469 9478 9479 
f 9470 9479 9480 
f 9471 9470 9481 
f 9470 9480 9481 
f 9471 9481 9482 
f 9472 9471 9483 
f 9471 9482 9483 
f 9472 9483 9475 
f 9476 9473 9484 
f 9476 9376 9368 
f 9474 9368 9477 
f 9437 9443 9485 
f 9437 9485 9419 
f 9443 9475 9485 
f 9476 9484 9376 
f 9485 9475 9374 
f 9368 9366 9477 
f 9366 9367 9479 
f 9367 9365 9480 
f 9365 9364 9481 
f 9364 9375 9482 
f 9375 9374 9483 
f 9462 9463 9486 
f 9462 9486 9460 
f 9456 9458 9454 
f 9444 9449 9487 
f 9445 9444 9487 
f 9431 9441 9463 
f 9473 9464 9488 
f 9477 9366 9478 
f 9478 9366 9479 
f 9479 9367 9480 
f 9480 9365 9481 
f 9481 9364 9482 
f 9482 9375 9483 
f 9483 9374 9475 
f 9376 9484 9489 
f 9374 9419 9485 
f 9490 9491 9492 
f 9493 9445 9487 
f 9487 9494 9495 
f 9487 9495 9493 
f 9490 9492 9496 
f 9497 9490 9498 
f 9490 9496 9498 
f 89 27 90 
f 9499 9498 9500 
f 28 93 60 
f 9501 9499 9500 
f 9501 9500 9502 
f 9503 9504 9505 
f 9504 9502 9505 
f 9506 9503 9505 
f 9507 9506 9508 
f 9506 9505 9508 
f 9507 9508 9509 
f 9494 9509 9495 
f 9493 9495 9510 
f 9496 9492 9511 
f 9502 9500 9512 
f 9502 9512 9513 
f 9502 9513 9505 
f 9509 9508 9514 
f 45 87 57 
f 73 70 71 
f 73 69 70 
f 9510 9495 9515 
f 9496 9511 9516 
f 9517 9518 9519 
f 9498 9496 9520 
f 9500 9498 9521 
f 9498 9520 9521 
f 9500 9521 9512 
f 9505 9513 9522 
f 9508 9505 9523 
f 9505 9522 9523 
f 9514 9508 9523 
f 9509 9514 9524 
f 9514 9523 9524 
f 9495 9509 9524 
f 9495 9524 9525 
f 9495 9525 9515 
f 9526 9496 9516 
f 9496 9526 9527 
f 9520 9496 9527 
f 9520 9527 9528 
f 9520 9528 9521 
f 9512 9521 9529 
f 9512 9529 9530 
f 9512 9530 9513 
f 9522 9513 9531 
f 9523 9522 9524 
f 9507 9509 9532 
f 9507 9532 9506 
f 9503 9533 9534 
f 9504 9534 9501 
f 9529 9528 9530 
f 9513 9530 9531 
f 9515 9535 9510 
f 9491 9490 9497 
f 9492 9491 9536 
f 9497 9498 9499 
f 9499 9501 9537 
f 9502 9504 9501 
f 9504 9503 9534 
f 9503 9506 9533 
f 9509 9494 9538 
f 9516 9511 9539 
f 9529 9521 9528 
f 9515 9525 9535 
f 9494 9487 9538 
f 9540 9447 9446 
f 9540 9446 9493 
f 9447 9540 9541 
f 9488 9542 9484 
f 9540 9493 9543 
f 9541 9540 9544 
f 9488 9541 9545 
f 9541 9544 9545 
f 9488 9545 9542 
f 9540 9543 9544 
f 9546 9543 9535 
f 9544 9543 9546 
f 9545 9544 9547 
f 9544 9546 9547 
f 9545 9547 9548 
f 9542 9545 9548 
f 9547 9546 9549 
f 9546 9535 9550 
f 9546 9550 9549 
f 9547 9549 9551 
f 9547 9551 9548 
f 9376 9489 9552 
f 9488 9464 9541 
f 9464 9447 9541 
f 9446 9445 9493 
f 9493 9510 9543 
f 9519 9518 9553 
f 9548 9554 9555 
f 9542 9555 9489 
f 9473 9488 9484 
f 9484 9542 9489 
f 9543 9510 9535 
f 9542 9548 9555 
f 9548 9556 9554 
f 9517 9552 9555 
f 9518 9517 9555 
f 9380 9517 9557 
f 48 45 68 
f 9558 9559 9557 
f 9517 9519 9557 
f 9557 9553 9558 
f 9559 9560 9372 
f 9558 9560 9559 
f 9561 9560 9562 
f 9372 9560 9561 
f 9562 9560 9563 
f 9518 9555 9554 
f 9560 9558 9563 
f 9564 9518 9554 
f 9558 9553 9565 
f 9553 9518 9565 
f 9558 9565 9563 
f 9563 9566 9562 
f 9562 9566 9567 
f 9371 9369 9559 
f 9380 9370 9517 
f 9370 9376 9552 
f 9370 9552 9517 
f 9552 9489 9555 
f 9369 9380 9557 
f 9369 9557 9559 
f 9372 9371 9559 
f 9568 9569 9281 
f 9373 9570 9571 
f 9568 9373 9571 
f 9568 9571 9569 
f 9571 9570 9572 
f 9571 9572 9573 
f 9569 9571 9275 
f 9571 9573 9275 
f 9570 9561 9574 
f 9570 9574 9575 
f 9572 9570 9575 
f 9573 9572 9576 
f 9572 9575 9577 
f 9248 9275 9573 
f 9275 9274 9569 
f 9281 9373 9568 
f 9372 9561 9570 
f 9561 9562 9574 
f 9562 9567 9574 
f 9574 9567 9578 
f 9574 9578 9577 
f 9572 9577 9576 
f 9569 9274 9281 
f 9373 9372 9570 
f 9248 9573 9576 
f 9575 9574 9577 
f 9249 9248 9579 
f 9576 9577 9580 
f 9577 9578 9581 
f 9582 9567 9583 
f 9581 9578 9582 
f 9584 9577 9581 
f 9585 9577 9584 
f 9580 9577 9585 
f 9586 9576 9580 
f 9579 9576 9586 
f 9248 9576 9579 
f 9582 9578 9567 
f 9530 9528 9587 
f 9531 9530 9587 
f 9524 9522 9588 
f 9551 9549 9589 
f 9548 9551 9590 
f 9556 9548 9590 
f 9554 9556 9591 
f 9557 9519 9553 
f 9563 9565 9592 
f 9566 9563 9592 
f 9567 9566 9583 
f 9583 9566 9592 
f 9518 9564 9565 
f 9554 9591 9564 
f 9556 9590 9591 
f 9525 9588 9550 
f 9522 9531 9588 
f 9528 9527 9587 
f 9593 9594 9595 
f 9596 9597 9598 
f 9599 9600 9601 
f 9601 9602 9603 
f 9596 9595 9594 
f 9604 9603 9605 
f 9605 9603 9602 
f 9602 9601 9606 
f 9601 9600 9606 
f 9600 9599 9607 
f 9599 9598 9607 
f 9516 9593 9526 
f 9535 9525 9550 
f 9525 9524 9588 
f 9608 9609 9610 
f 9609 9611 9612 
f 9611 9613 9612 
f 9613 9614 9615 
f 9614 9616 9615 
f 9616 9617 9615 
f 33 35 2874 
f 9618 9619 9620 
f 9619 9621 9620 
f 9621 9622 9620 
f 9622 9623 9620 
f 9623 9624 9625 
f 9624 9626 9625 
f 29 26 4 
f 9626 9627 9628 
f 9629 9630 9631 
f 9631 9630 9632 
f 9632 9633 9631 
f 9633 9634 9631 
f 9634 9635 9631 
f 9636 9637 9638 
f 9637 9639 9638 
f 9639 9640 9641 
f 9640 9642 9641 
f 9642 9643 9641 
f 9643 9644 9641 
f 9641 9644 9645 
f 9645 9646 9647 
f 32 26 25 
f 9648 9649 9650 
f 9649 9651 9650 
f 9651 9652 9653 
f 9652 9654 9653 
f 9655 9656 9657 
f 9658 9659 9660 
f 9661 9662 9663 
f 9662 9664 9663 
f 9664 9665 9666 
f 9665 9667 9666 
f 9667 9668 9669 
f 9668 9670 9669 
f 9671 9672 9673 
f 9674 9675 9676 
f 9675 9677 9676 
f 9677 9678 9679 
f 9676 9677 9679 
f 9680 9674 9676 
f 9666 9667 9669 
f 9663 9664 9666 
f 9681 9661 9663 
f 9657 9658 9660 
f 9653 9654 9655 
f 9650 9651 9653 
f 9682 9648 9650 
f 9641 9645 9647 
f 9638 9639 9641 
f 9635 9636 9638 
f 43 23 31 
f 94 56 75 
f 9628 9627 9629 
f 9625 9626 9628 
f 9620 9623 9625 
f 9617 9618 9615 
f 9612 9613 9615 
f 2 18 22 
f 9679 9678 9683 
f 9684 9685 9686 
f 9683 9678 9686 
f 9683 9686 9685 
f 9604 9687 9688 
f 9689 9684 9690 
f 9690 9691 9689 
f 9692 9693 9694 
f 9693 9695 9694 
f 9696 9697 9698 
f 9697 9699 9698 
f 9699 9700 9698 
f 9700 9701 9698 
f 9702 9703 9704 
f 9703 9705 9706 
f 9705 9707 9706 
f 9707 9708 9709 
f 9710 9711 9712 
f 9711 9713 9712 
f 9713 9714 9715 
f 9714 9716 9715 
f 19 21 8854 
f 9717 9718 9719 
f 9718 9720 9719 
f 9720 9721 9719 
f 9721 9722 9719 
f 9723 9724 9725 
f 9724 9726 9725 
f 9727 9728 9729 
f 9728 9730 9729 
f 9731 9732 9733 
f 9732 9734 9733 
f 9735 9736 9737 
f 9736 9738 9737 
f 9738 9739 9737 
f 9739 9740 9737 
f 9740 9741 9742 
f 9743 9744 9745 
f 9744 9746 9747 
f 9746 9748 9688 
f 9604 9688 9748 
f 9747 9746 9688 
f 9745 9744 9747 
f 9749 9743 9745 
f 9737 9740 9742 
f 9750 9735 9737 
f 9751 9731 9733 
f 9752 9727 9729 
f 9753 9723 9725 
f 9754 9717 9719 
f 9715 9716 9755 
f 9712 9713 9715 
f 9709 9710 9712 
f 9706 9707 9709 
f 9704 9703 9706 
f 95 2903 4 
f 9756 9696 9698 
f 9694 9695 9756 
f 9757 9692 9694 
f 9758 9759 9760 
f 9760 9759 9761 
f 9761 9759 9762 
f 9763 9764 9765 
f 9765 9766 9767 
f 2904 63 64 
f 9766 9768 9769 
f 9769 9768 9770 
f 9770 9768 9771 
f 9772 9773 9774 
f 9775 9776 9777 
f 9775 9778 9779 
f 9775 9777 9778 
f 9779 9778 9780 
f 9758 9781 9782 
f 9782 9783 9758 
f 9784 9762 9785 
f 9786 9784 9785 
f 9764 9763 9787 
f 9763 9786 9787 
f 68 45 57 
f 9771 9768 9788 
f 9772 9771 9788 
f 9773 9772 9789 
f 9788 9790 9772 
f 9776 9774 9789 
f 9774 9773 9789 
f 9791 9780 9792 
f 9780 9778 9792 
f 9793 9782 9781 
f 9758 9783 9759 
f 25 63 2904 
f 9762 9759 9794 
f 9785 9762 9794 
f 9785 9794 9795 
f 9786 9785 9796 
f 9785 9795 9796 
f 9787 9786 9796 
f 9765 9764 9797 
f 9764 9787 9797 
f 9768 9766 9798 
f 9766 9765 9798 
f 9768 9798 9788 
f 9772 9790 9789 
f 9776 9789 9799 
f 9777 9776 9800 
f 9778 9777 9801 
f 9777 9800 9801 
f 9778 9801 9802 
f 9778 9802 9792 
f 9803 9791 9804 
f 9803 9804 9805 
f 9787 9796 9806 
f 9787 9806 9797 
f 9765 9797 9715 
f 9765 9715 9798 
f 9789 9790 9807 
f 9789 9807 9799 
f 9776 9799 9808 
f 9776 9808 9800 
f 9791 9792 9809 
f 9791 9809 9804 
f 9689 9782 9793 
f 9782 9689 9810 
f 9782 9810 9783 
f 9759 9783 9811 
f 14 6 3 
f 9794 9759 9811 
f 9796 9795 9706 
f 9796 9706 9806 
f 9797 9806 9715 
f 9798 9715 9812 
f 9788 9798 9813 
f 9798 9812 9813 
f 9790 9788 9813 
f 9807 9726 9799 
f 9800 9808 9801 
f 9809 9792 9814 
f 9792 9802 9814 
f 9804 9687 9805 
f 9783 9694 9756 
f 9811 9783 9698 
f 9783 9756 9698 
f 9806 9706 9709 
f 9709 9712 9806 
f 9812 9715 9755 
f 9813 9812 9719 
f 9799 9726 9729 
f 9808 9799 9815 
f 9799 9729 9815 
f 9802 9801 9737 
f 9802 9737 9742 
f 9802 9742 9814 
f 9809 9814 9745 
f 9809 9745 9804 
f 9687 9804 9747 
f 9687 9747 9688 
f 9691 9816 9810 
f 9816 9757 9783 
f 9757 9694 9783 
f 9698 9701 9811 
f 9701 9817 9795 
f 9817 9704 9795 
f 9712 9715 9806 
f 9818 9754 9812 
f 9754 9719 9812 
f 9719 9722 9813 
f 9722 9753 9790 
f 9753 9725 9790 
f 9725 9726 9807 
f 9752 9729 9726 
f 9730 9751 9815 
f 9751 9733 9815 
f 9733 9734 9808 
f 9734 9750 9801 
f 9750 9737 9801 
f 9742 9741 9814 
f 9814 9749 9745 
f 9745 9747 9804 
f 9687 9605 9819 
f 9687 9819 9805 
f 9776 9775 9774 
f 9772 9774 9820 
f 9771 9820 9770 
f 9766 9769 9770 
f 9766 9770 9767 
f 9765 9767 9821 
f 9765 9821 9763 
f 9758 9760 9822 
f 9781 9822 9823 
f 9689 9824 9684 
f 9781 9758 9822 
f 9762 9784 9761 
f 9771 9772 9820 
f 9780 9791 9779 
f 9803 9805 9819 
f 9689 9793 9824 
f 9689 9691 9810 
f 9810 9816 9783 
f 9811 9701 9794 
f 9794 9701 9795 
f 9795 9704 9706 
f 9755 9818 9812 
f 9813 9722 9790 
f 9790 9725 9807 
f 9729 9730 9815 
f 9815 9733 9808 
f 9808 9734 9801 
f 9825 9826 9827 
f 9826 9825 9822 
f 9825 9827 9828 
f 9823 9825 9828 
f 9823 9828 9793 
f 9793 9828 9824 
f 9828 9829 9824 
f 9829 9685 9824 
f 9679 9683 9830 
f 9685 9684 9824 
f 9793 9781 9823 
f 9828 9827 9829 
f 9822 9825 9823 
f 9683 9829 9830 
f 9829 9683 9685 
f 54 7 21 
f 9831 9832 9833 
f 9834 9835 9836 
f 9836 9837 9838 
f 9836 9835 9837 
f 9837 9839 9840 
f 9840 9839 9841 
f 9840 9841 9842 
f 9842 9843 9844 
f 9844 9845 9846 
f 9847 9848 9849 
f 9847 9850 9848 
f 9849 9848 9851 
f 9852 9853 9854 
f 90 60 61 
f 9853 9855 9856 
f 9831 9857 9858 
f 9857 9831 9859 
f 9832 9831 9860 
f 2 14 3 
f 9861 9832 9862 
f 9832 9860 9862 
f 9863 9861 9864 
f 9861 9862 9864 
f 9865 9863 9864 
f 9865 9864 9834 
f 54 8 7 
f 9843 9842 9866 
f 9841 9867 9842 
f 9844 9843 9845 
f 9850 9846 9845 
f 9850 9845 9868 
f 9850 9868 9848 
f 9851 9848 9869 
f 9848 9870 9869 
f 9852 9851 9869 
f 8759 28 90 
f 9856 9855 9871 
f 9831 9858 9872 
f 9831 9872 9873 
f 9831 9873 9860 
f 9834 9864 9874 
f 9834 9874 9875 
f 9835 9834 9875 
f 9837 9835 9638 
f 9835 9875 9638 
f 9839 9837 9638 
f 9841 9839 9876 
f 28 8759 26 
f 9842 9867 9866 
f 9841 9876 9867 
f 9845 9843 9877 
f 9843 9866 9877 
f 9869 9870 9878 
f 9852 9869 9878 
f 9853 9852 9879 
f 9852 9878 9879 
f 9855 9853 9880 
f 9853 9879 9880 
f 9871 9855 9881 
f 9855 9880 9881 
f 9839 9638 9876 
f 9845 9877 9882 
f 9868 9845 9883 
f 9845 9882 9883 
f 9848 9868 9884 
f 9868 9883 9884 
f 9870 9848 9884 
f 9830 9827 9871 
f 9830 9871 9881 
f 9858 9885 9886 
f 9862 9860 9887 
f 9860 9873 9887 
f 9864 9862 9628 
f 9862 9887 9628 
f 9874 9864 9888 
f 9864 9628 9888 
f 9875 9874 9888 
f 9888 9631 9875 
f 9867 9876 9647 
f 9866 9867 9889 
f 9867 9647 9889 
f 9877 9866 9653 
f 9866 9889 9653 
f 9877 9653 9882 
f 9870 9884 9663 
f 9878 9870 9666 
f 9870 9663 9666 
f 9878 9666 9890 
f 9879 9878 9890 
f 9880 9879 9891 
f 9879 9890 9891 
f 9880 9891 9881 
f 9872 9858 9886 
f 9873 9872 9615 
f 9873 9615 9618 
f 9887 9873 9620 
f 9873 9618 9620 
f 9887 9620 9625 
f 9887 9625 9628 
f 9888 9628 9629 
f 9888 9629 9631 
f 9875 9631 9638 
f 9638 9631 9635 
f 9876 9638 9641 
f 9647 9876 9641 
f 9882 9653 9655 
f 9883 9882 9660 
f 9882 9655 9660 
f 9891 9890 9673 
f 9679 9830 9676 
f 9830 9881 9676 
f 9610 9609 9886 
f 9609 9612 9886 
f 9612 9615 9872 
f 9646 9682 9889 
f 9682 9650 9889 
f 9655 9657 9660 
f 9660 9659 9883 
f 9659 9892 9883 
f 9892 9681 9884 
f 9681 9663 9884 
f 9669 9670 9890 
f 9670 9671 9890 
f 9671 9673 9890 
f 9673 9680 9891 
f 9680 9676 9891 
f 9827 9826 9871 
f 9846 9850 9893 
f 9842 9844 9840 
f 9837 9894 9838 
f 9834 9836 9895 
f 9863 9895 9896 
f 9863 9896 9861 
f 9861 9896 9832 
f 9831 9833 9859 
f 9859 9897 9857 
f 9858 9857 9885 
f 9610 9886 9885 
f 9863 9865 9895 
f 9865 9834 9895 
f 9837 9840 9894 
f 9851 9852 9898 
f 9854 9853 9899 
f 9853 9856 9899 
f 9830 9829 9827 
f 9886 9612 9872 
f 9647 9646 9889 
f 9889 9650 9653 
f 35 34 1935 
f 9883 9892 9884 
f 9666 9669 9890 
f 9891 9676 9881 
f 9871 9826 9822 
f 9856 9871 9822 
f 9900 9901 9902 
f 9901 9900 9903 
f 9904 9903 9905 
f 9904 9905 9906 
f 9907 9904 9906 
f 9900 9902 9908 
f 9900 9905 9903 
f 9906 9905 9909 
f 9905 9900 9910 
f 9905 9910 9909 
f 9906 9909 9911 
f 9900 9908 9912 
f 9908 9913 9912 
f 9910 9900 9912 
f 9910 9912 9914 
f 9909 9910 9914 
f 9911 9909 9915 
f 9909 9914 9915 
f 9916 9913 9917 
f 9912 9913 9918 
f 9913 9916 9918 
f 9912 9918 9919 
f 9912 9919 9914 
f 9920 9921 9922 
f 9915 9921 9911 
f 9906 9911 9923 
f 9915 9914 9922 
f 9901 9924 9925 
f 9902 9926 9927 
f 9902 9927 9908 
f 9902 9901 9925 
f 9907 9906 9923 
f 9913 9908 9927 
f 9917 9913 9927 
f 9914 9919 9928 
f 9915 9922 9921 
f 9929 9930 9917 
f 9929 9917 9927 
f 9926 9929 9927 
f 9931 9929 9932 
f 9929 9926 9932 
f 9931 9932 9933 
f 9934 9931 9933 
f 9935 9934 9936 
f 9934 9933 9936 
f 9935 9936 9937 
f 9857 9937 9885 
f 9937 9938 9885 
f 9932 9926 9925 
f 9937 9936 9938 
f 9933 9932 9939 
f 9933 9939 9940 
f 9936 9933 9941 
f 9933 9940 9941 
f 9938 9936 9941 
f 9938 9941 9942 
f 9938 9942 9885 
f 9939 9932 9943 
f 9932 9925 9943 
f 9939 9943 9944 
f 9940 9944 9941 
f 9937 9897 9945 
f 9934 9935 9946 
f 9931 9946 9947 
f 9931 9947 9929 
f 9857 9897 9937 
f 9931 9934 9946 
f 9935 9937 9945 
f 9940 9939 9944 
f 9925 9924 9943 
f 9885 9942 9610 
f 9926 9902 9925 
f 9948 9949 9950 
f 9951 9952 9953 
f 9951 9953 9948 
f 9953 9949 9948 
f 9954 9952 9951 
f 9954 9779 9791 
f 9803 9954 9791 
f 9774 9955 9820 
f 9820 9955 9779 
f 9954 9820 9779 
f 9948 9956 9951 
f 9954 9951 9820 
f 9821 9770 9820 
f 9951 9956 9957 
f 9820 9951 9958 
f 9821 9820 9761 
f 9820 9958 9761 
f 9821 9761 9959 
f 9761 9958 9760 
f 9958 9951 9957 
f 9760 9958 9822 
f 9822 9958 9898 
f 9960 9957 9961 
f 9957 9960 9962 
f 9958 9957 9962 
f 9893 9849 9898 
f 9958 9893 9898 
f 9960 9897 9962 
f 9838 9894 9962 
f 9844 9893 9894 
f 9958 9962 9893 
f 9893 9962 9894 
f 9947 9961 9930 
f 9960 9961 9946 
f 9961 9947 9946 
f 9896 9962 9833 
f 9896 9838 9962 
f 9962 9897 9833 
f 9784 9959 9761 
f 9784 9786 9959 
f 9786 9763 9821 
f 9767 9770 9821 
f 9775 9779 9955 
f 9832 9896 9833 
f 9895 9836 9838 
f 9840 9844 9894 
f 9846 9893 9844 
f 9850 9847 9893 
f 9852 9854 9898 
f 9854 9899 9898 
f 9899 9856 9898 
f 9856 9822 9898 
f 9935 9945 9946 
f 9945 9897 9960 
f 9961 9963 9964 
f 9917 9930 9964 
f 9953 9965 9949 
f 9950 9966 9967 
f 9950 9949 9966 
f 9948 9950 9968 
f 9774 9775 9955 
f 9957 9956 9969 
f 9786 9821 9959 
f 9849 9851 9898 
f 9893 9847 9849 
f 9930 9961 9964 
f 9929 9947 9930 
f 9945 9960 9946 
f 9859 9833 9897 
f 9895 9838 9896 
f 9970 9950 9967 
f 9971 9954 9803 
f 9971 9803 9819 
f 9954 9971 9952 
f 9952 9971 9972 
f 28 60 90 
f 9967 9973 9970 
f 9971 9974 9972 
f 9975 9976 9977 
f 9966 9977 9978 
f 9967 9966 9973 
f 9966 9978 9973 
f 9970 9973 9979 
f 9972 9974 9975 
f 9975 9974 9976 
f 9976 9978 9977 
f 9973 9978 9980 
f 9973 9980 9979 
f 9602 9971 9605 
f 9971 9602 9974 
f 9978 9976 9980 
f 9979 9980 9981 
f 9604 9605 9687 
f 9976 9974 9602 
f 9976 9602 9600 
f 9980 9976 9607 
f 9976 9600 9607 
f 9980 9607 9981 
f 9949 9965 9977 
f 9965 9953 9975 
f 9981 9598 9982 
f 9983 9950 9970 
f 9953 9952 9972 
f 9953 9972 9975 
f 9965 9975 9977 
f 9949 9977 9966 
f 9605 9971 9819 
f 9602 9606 9600 
f 9979 9981 9982 
f 9981 9607 9598 
f 9984 9985 9983 
f 9985 9986 9987 
f 9985 9984 9986 
f 9987 9986 9988 
f 9987 9988 9989 
f 9989 9990 9991 
f 9989 9988 9992 
f 9989 9992 9990 
f 9984 9993 9994 
f 9986 9984 9994 
f 9988 9986 9994 
f 9988 9994 9992 
f 9994 9993 9597 
f 9990 9992 9539 
f 9511 9990 9539 
f 9994 9594 9992 
f 9994 9597 9596 
f 9994 9596 9594 
f 9539 9992 9593 
f 9992 9594 9593 
f 9539 9593 9516 
f 9511 9492 9990 
f 9492 9536 9990 
f 15 8 75 
f 9970 9979 9993 
f 9979 9982 9993 
f 9987 9995 9996 
f 9983 9970 9984 
f 9985 9987 9997 
f 9987 9989 9995 
f 9989 9991 9995 
f 9990 9536 9991 
f 9984 9970 9993 
f 9993 9982 9597 
f 9597 9982 9598 
f 9991 9536 9998 
f 9999 9920 9922 
f 9998 10000 10001 
f 9999 9922 9928 
f 9999 10002 10003 
f 10003 10004 10005 
f 10003 10002 10004 
f 10005 10006 10007 
f 10005 10004 10006 
f 10007 10008 10009 
f 10007 10006 10008 
f 10009 10010 10011 
f 10009 10008 10010 
f 10011 10012 10013 
f 10011 10010 10012 
f 10013 10014 10015 
f 10013 10012 10014 
f 10015 10016 10000 
f 10015 10014 10016 
f 10000 10016 10001 
f 9991 9998 9995 
f 9998 10001 9995 
f 9999 10017 10002 
f 10017 9999 10018 
f 9999 9928 10018 
f 10002 10017 10019 
f 10004 10002 10020 
f 10002 10019 10020 
f 10006 10004 10021 
f 10004 10020 10021 
f 10008 10006 10021 
f 10010 10008 10022 
f 10008 10021 10022 
f 10012 10010 10022 
f 10014 10012 10023 
f 10012 10022 10023 
f 10016 10014 10024 
f 10014 10023 10024 
f 10001 10024 9996 
f 10016 10024 10001 
f 9995 10001 9996 
f 10018 10025 10017 
f 10017 10025 10019 
f 9996 10024 10026 
f 10025 10018 9919 
f 10025 9919 9918 
f 10019 10025 10027 
f 10020 10019 10028 
f 10019 10027 10028 
f 10021 10020 10029 
f 10020 10028 10029 
f 10021 10029 10030 
f 10022 10021 10031 
f 10021 10030 10031 
f 10022 10031 10032 
f 10023 10022 10033 
f 10022 10032 10033 
f 10024 10023 10034 
f 10023 10033 10034 
f 10024 10034 10026 
f 9997 9996 10035 
f 9996 10026 10035 
f 10025 9918 9916 
f 10025 9964 9963 
f 10027 10025 9963 
f 10027 9963 10028 
f 10026 10034 9968 
f 9983 9997 10035 
f 10026 9968 10035 
f 9964 10025 9917 
f 10025 9916 9917 
f 10035 9968 9950 
f 9963 9961 10028 
f 9961 9957 10029 
f 9957 9969 10030 
f 9969 9956 10033 
f 9956 9948 10033 
f 9948 9968 10034 
f 9997 9987 9996 
f 10000 9998 10015 
f 10011 10015 10036 
f 10005 10007 10003 
f 9999 10037 9920 
f 9922 9914 9928 
f 10009 10011 10036 
f 10011 10013 10015 
f 10018 9928 9919 
f 10028 9961 10029 
f 10029 9957 10030 
f 10030 9969 10031 
f 10031 9969 10032 
f 10032 9969 10033 
f 10033 9948 10034 
f 9983 9985 9997 
f 9950 9983 10035 
f 9999 10003 10037 
f 10038 10039 10040 
f 10040 10039 9486 
f 9532 9537 9534 
f 9532 9534 9533 
f 9532 9533 9506 
f 10036 10015 9532 
f 9532 9451 10036 
f 9532 9538 9449 
f 9451 9532 9449 
f 9449 9538 9487 
f 9486 10039 9458 
f 10039 10036 9458 
f 9486 9458 9460 
f 10037 10003 10007 
f 10039 10007 10036 
f 10007 10039 10037 
f 9537 9491 9497 
f 10015 9537 9532 
f 10039 10038 10041 
f 10041 10038 10042 
f 9454 9458 10036 
f 9463 9441 9486 
f 9501 9534 9537 
f 9509 9538 9532 
f 10007 10009 10036 
f 10015 9998 9537 
f 9998 9536 9491 
f 10038 10043 10042 
f 10039 10044 10037 
f 9451 9454 10036 
f 9998 9491 9537 
f 9497 9499 9537 
f 10045 9441 9440 
f 9920 10046 9921 
f 10045 10047 10048 
f 10049 10048 10050 
f 8470 32 2904 
f 10049 10050 10051 
f 10043 10051 10052 
f 8 15 9 
f 10053 10043 10052 
f 10054 10053 10055 
f 10053 10052 10055 
f 10056 10054 10055 
f 10057 10056 10058 
f 10056 10055 10058 
f 10044 10058 10059 
f 10046 10044 10059 
f 10046 10060 9921 
f 10059 10060 10046 
f 10061 10045 9440 
f 10045 10061 10047 
f 10047 10050 10048 
f 10051 10050 10062 
f 10052 10051 10063 
f 10051 10062 10063 
f 10058 10055 10064 
f 10059 10058 10065 
f 10058 10064 10065 
f 9921 10060 9911 
f 51 1 3 
f 10047 10061 10066 
f 2904 2903 8470 
f 10050 10047 10066 
f 10050 10066 10062 
f 10052 10063 10067 
f 10052 10067 10055 
f 10067 10068 10055 
f 10064 10055 10068 
f 3 34 51 
f 50 1 2877 
f 10059 10065 10060 
f 10066 10061 10069 
f 10061 9438 10069 
f 2877 19 50 
f 10063 10062 10070 
f 24 47 49 
f 10063 10070 10067 
f 10064 10068 9067 
f 10064 9067 10065 
f 10060 10065 10071 
f 9911 10060 9923 
f 10060 10071 9923 
f 9923 10071 9065 
f 9430 9439 10061 
f 10044 10039 10057 
f 10041 10056 10057 
f 10041 10042 10054 
f 10042 10043 10053 
f 10043 10038 10051 
f 10038 10040 10049 
f 10040 9486 10045 
f 10069 9438 9069 
f 10067 10070 10072 
f 10068 10072 9068 
f 9486 9441 10045 
f 10040 10045 10048 
f 10040 10048 10049 
f 10038 10049 10051 
f 10042 10053 10054 
f 10041 10054 10056 
f 10041 10057 10039 
f 10044 10057 10058 
f 10037 10044 10046 
f 9440 9430 10061 
f 10066 10069 9069 
f 10068 10067 10072 
f 10061 9439 9438 
f 9920 10037 10046 
f 9065 9063 9904 
f 9063 9062 9904 
f 9062 9061 9903 
f 9061 9924 9903 
f 9066 9069 9438 
f 9069 9068 10062 
f 9068 9067 10068 
f 9067 9065 10071 
f 9074 9073 9427 
f 9073 9072 9422 
f 9072 9066 9422 
f 9083 9076 9418 
f 24 45 47 
f 9417 9083 9418 
f 9416 9083 9417 
f 9407 9084 9083 
f 46 24 43 
f 25 24 63 
f 9414 9085 9415 
f 9086 9085 9414 
f 9087 9086 9413 
f 9088 9087 9412 
f 9423 9066 9438 
f 9422 9066 9423 
f 9427 9073 9422 
f 9426 9076 9074 
f 9418 9076 9426 
f 9903 9924 9901 
f 9904 9062 9903 
f 9907 9065 9904 
f 9923 9065 9907 
f 9942 9608 9610 
f 9942 9941 10073 
f 10065 9067 10071 
f 10070 9068 10072 
f 10062 9068 10070 
f 10066 9069 10062 
f 10073 9941 9944 
f 9608 9942 10073 
f 9700 8856 9702 
f 9702 8797 9708 
f 8944 8890 9677 
f 8890 9686 9677 
f 10074 8932 9664 
f 9711 9708 8807 
f 8779 8781 10075 
f 43 44 46 
f 8781 8859 9692 
f 8859 8858 9692 
f 8858 8782 9692 
f 8782 8784 8786 
f 8787 8788 8786 
f 8788 8790 9700 
f 8790 8857 9700 
f 8791 8793 8856 
f 8793 8794 9702 
f 8794 8795 9702 
f 8795 8797 9702 
f 8855 8798 8797 
f 8798 8800 9708 
f 15 17 9 
f 8800 8801 9708 
f 8801 8803 9708 
f 8803 8804 8807 
f 8804 8805 8807 
f 8809 8810 8807 
f 8810 8812 8807 
f 8814 8815 8813 
f 8815 8816 9721 
f 8816 8818 9721 
f 8818 8819 9721 
f 8819 8821 9721 
f 8821 8822 9724 
f 8822 8824 9724 
f 8824 8825 9724 
f 8825 8853 9724 
f 8854 9 39 
f 8853 8826 8829 
f 8826 8828 8829 
f 8830 8832 8829 
f 8832 8833 9732 
f 8833 8835 9732 
f 8835 8836 8838 
f 8839 8841 8838 
f 8841 8842 9740 
f 8842 8844 9740 
f 8844 8845 9740 
f 8845 8847 9740 
f 8847 8848 9743 
f 8848 8849 9743 
f 8849 8851 9743 
f 8851 8850 9746 
f 8850 8777 9746 
f 8777 8776 9746 
f 8889 8779 9686 
f 8891 8893 9609 
f 8893 8894 9611 
f 8894 8896 9614 
f 8896 8898 9617 
f 8898 8900 9622 
f 8900 8902 9622 
f 8902 8904 9622 
f 8904 8905 8908 
f 8905 8907 8908 
f 8912 8914 8917 
f 8914 8916 8917 
f 8922 8924 8920 
f 8924 8925 9648 
f 8928 8930 9658 
f 8934 8936 8932 
f 8936 8938 9664 
f 8938 8940 9668 
f 8940 8942 9668 
f 9013 9014 9060 
f 9014 9047 9943 
f 9047 9017 9944 
f 9017 8891 10073 
f 9924 9061 9943 
f 9060 9014 9061 
f 9598 9599 10076 
f 9599 9601 8767 
f 9601 9603 8765 
f 9603 9604 8776 
f 9678 9677 9686 
f 9675 9674 8944 
f 9674 9680 8944 
f 9680 9673 8944 
f 9673 9672 8944 
f 9672 9671 9668 
f 9671 9670 9668 
f 9667 9665 9668 
f 9662 9661 10074 
f 9661 9681 10074 
f 9681 9892 10074 
f 9892 9659 10074 
f 9659 9658 10074 
f 9657 9656 9658 
f 9656 9655 9658 
f 2877 33 38 
f 9655 9654 8927 
f 9654 9652 8927 
f 9652 9651 9648 
f 9651 9649 9648 
f 9682 9646 9648 
f 35 1935 2874 
f 9646 9645 8920 
f 9645 9644 8920 
f 9644 9643 8917 
f 9643 9642 8917 
f 9642 9640 8917 
f 9640 9639 8917 
f 9639 9637 8917 
f 9637 9636 8917 
f 9636 9635 8910 
f 32 25 2904 
f 9635 9634 8910 
f 9634 9633 8910 
f 9633 9632 8910 
f 9632 9630 8908 
f 9630 9629 8908 
f 43 24 23 
f 9629 9627 8908 
f 9627 9626 8908 
f 30 28 29 
f 9626 9624 9622 
f 9624 9623 9622 
f 9621 9619 9622 
f 9618 8898 9619 
f 20 29 4 
f 9617 8898 9618 
f 9616 8896 9617 
f 9614 8896 9616 
f 9613 8894 9614 
f 9611 8894 9613 
f 9609 8893 9611 
f 20 30 29 
f 9608 8891 9609 
f 9604 9748 9746 
f 9749 9814 9743 
f 9814 9741 9743 
f 9739 9738 9740 
f 9738 9736 9740 
f 9736 9735 8838 
f 9735 9750 9732 
f 9750 9734 9732 
f 9731 9751 9732 
f 9751 9730 9732 
f 9730 9728 8829 
f 9728 9727 8829 
f 9727 9752 9724 
f 9752 9726 9724 
f 9723 9753 9724 
f 9753 9722 9724 
f 9720 9718 9721 
f 9718 9717 8813 
f 9717 9754 8813 
f 9754 9818 8813 
f 2 19 18 
f 9818 9755 8807 
f 9755 9716 8807 
f 9716 9714 8807 
f 9714 9713 8807 
f 9713 9711 8807 
f 9710 9709 9711 
f 9705 9702 9708 
f 9705 9703 9702 
f 9704 9817 9702 
f 9817 9701 9702 
f 21 9 8854 
f 9699 9697 8786 
f 9697 9696 8786 
f 9696 9756 8786 
f 9756 9695 9692 
f 9695 9693 9692 
f 9757 9816 9692 
f 9816 9691 9692 
f 9691 9690 10075 
f 9690 9684 9686 
f 8891 9608 10073 
f 9017 10073 9944 
f 9047 9944 9943 
f 8767 9601 8765 
f 9599 8767 10077 
f 54 21 10 
f 10076 10077 8769 
f 8786 8788 9700 
f 9699 8786 9700 
f 9700 8857 8856 
f 9701 9700 9702 
f 8797 8798 9708 
f 9690 9686 10075 
f 9686 8779 10075 
f 10075 8781 9692 
f 9692 8782 8786 
f 8786 9756 9692 
f 9672 9668 8944 
f 8889 9686 8890 
f 8932 10074 9658 
f 9662 10074 9664 
f 8932 8936 9664 
f 8938 9668 9664 
f 9668 9665 9664 
f 9711 9709 9708 
f 8803 8807 9708 
f 9818 8807 8813 
f 8807 8812 8813 
f 8813 8815 9721 
f 9707 9705 9708 
f 8927 8928 9658 
f 9655 8927 9658 
f 8920 8924 9648 
f 9646 8920 9648 
f 9727 9724 8829 
f 8853 8829 9724 
f 9718 8813 9721 
f 9721 8821 9724 
f 9724 9722 9721 
f 8910 8912 8917 
f 9636 8910 8917 
f 9730 8829 9732 
f 8829 8832 9732 
f 9732 8835 8838 
f 9740 9736 8838 
f 8838 8841 9740 
f 9622 8904 8908 
f 8908 9626 9622 
f 9743 9741 9740 
f 9740 8847 9743 
f 9746 9744 9743 
f 9743 8851 9746 
f 8776 9604 9746 
f 8856 8793 9702 
f 9619 8898 9622 
f 8918 8920 8917 
f 8925 8927 9648 
f 8930 8932 9658 
f 9668 8942 8944 
f 9061 9014 9943 
f 10076 9599 10077 
f 9603 8776 8765 
f 9675 8944 9677 
f 8927 9652 9648 
f 8920 9644 8917 
f 8910 9632 8908 
f 9735 9732 8838 
f 9691 10075 9692 
f 9526 9593 10078 
f 9593 9595 10078 
f 9595 9596 10076 
f 9596 9598 10076 
f 10076 8769 8770 
f 8770 8771 10079 
f 10079 8771 8772 
f 10078 9595 10079 
f 9595 10076 10079 
f 10076 8770 10079 
f 9587 10078 10080 
f 10080 10078 8773 
f 9588 9531 10081 
f 9531 9587 10080 
f 9527 9526 10078 
f 10079 8772 10078 
f 10078 8772 8773 
f 10081 10082 8736 
f 10081 8736 8731 
f 9588 8731 8738 
f 9550 9588 10083 
f 9587 9527 10078 
f 9588 10081 8731 
f 9531 10080 10082 
f 10081 9531 10082 
f 9590 9551 10084 
f 9551 9589 10084 
f 9589 9549 10083 
f 9549 9550 10083 
f 10083 9588 8720 
f 9588 8738 8720 
f 10083 8720 8740 
f 8740 8741 10085 
f 10085 8741 8742 
f 10084 8740 10085 
f 9589 10083 10084 
f 10084 10083 8740 
f 10086 9582 9583 
f 8619 9582 10087 
f 9582 8619 10088 
f 10088 10089 9581 
f 9582 10088 9581 
f 10089 10088 9579 
f 9579 10088 9249 
f 9249 10088 8614 
f 9249 8614 10090 
f 9313 10090 8606 
f 9233 9235 9237 
f 10090 9237 9249 
f 10090 9233 9237 
f 9313 8606 9302 
f 9302 10091 9314 
f 8605 9302 8606 
f 8601 8603 9330 
f 8601 9323 10092 
f 8601 9330 9329 
f 8601 9329 9323 
f 10092 9323 9306 
f 9330 10093 9228 
f 9334 9330 9228 
f 10093 8691 9224 
f 9227 9228 9225 
f 10093 9224 9225 
f 9228 10093 9225 
f 9224 8691 8689 
f 9222 9224 8689 
f 8509 8689 8690 
f 8507 9223 8509 
f 9223 8689 8509 
f 8508 8513 8507 
f 8575 8602 10092 
f 8602 8593 10092 
f 8598 8600 8603 
f 8600 8588 8578 
f 8605 8576 10091 
f 8576 8604 10091 
f 8604 8575 10092 
f 8616 8615 8619 
f 8615 8608 10088 
f 8608 8610 10088 
f 8610 8609 10088 
f 8613 8544 10090 
f 8544 8577 10090 
f 8693 8692 10093 
f 8692 8687 10093 
f 8687 8691 10093 
f 8513 9220 8507 
f 9214 9222 8689 
f 9213 9224 9222 
f 9225 9221 9227 
f 9313 9250 10090 
f 9250 9253 10090 
f 9253 9230 10090 
f 9230 9232 9233 
f 9239 9240 9249 
f 9240 9242 9249 
f 9245 9246 9243 
f 9246 9247 9243 
f 9305 9304 10092 
f 9304 9312 10091 
f 9312 9314 10091 
f 9325 9315 9329 
f 9315 9317 9329 
f 9317 9324 9318 
f 9320 9321 9318 
f 9326 9334 9228 
f 9333 9331 9330 
f 9328 9325 9329 
f 9586 9580 9579 
f 9580 9585 10089 
f 9585 9584 10089 
f 9592 9565 10086 
f 9565 9564 10094 
f 9591 9590 10084 
f 10084 10085 9591 
f 10085 8742 8743 
f 10086 10094 8744 
f 10086 8744 10095 
f 9582 10095 10087 
f 10094 9564 9591 
f 9565 10094 10086 
f 9582 10086 10095 
f 9583 9592 10086 
f 8619 10087 10096 
f 8619 10096 10097 
f 8619 8615 10088 
f 10089 9584 9581 
f 9580 10089 9579 
f 9243 9247 9249 
f 9242 9243 9249 
f 10090 8577 8606 
f 9237 9239 9249 
f 10090 9230 9233 
f 22 4 6 
f 10091 8604 10092 
f 9304 10091 10092 
f 8601 8596 8603 
f 9323 9329 9318 
f 9305 10092 9306 
f 9321 9323 9318 
f 8693 10093 9330 
f 8693 9330 8578 
f 8578 9330 8603 
f 8691 8688 8689 
f 9214 8689 9223 
f 8507 9220 9223 
f 8578 8588 8583 
f 8593 8601 10092 
f 8600 8578 8603 
f 8605 10091 9302 
f 10088 8609 8614 
f 8614 8613 10090 
f 9329 9317 9318 
f 9334 9333 9330 
f 9591 10085 8743 
f 10094 9591 8743 
f 10098 10099 8622 
f 8622 10099 8639 
f 8617 10098 8622 
f 8622 8639 8618 
f 8620 8619 10097 
f 8630 8639 10099 
f 10097 10096 10098 
f 10099 10098 10100 
f 8620 10098 8617 
f 8620 10097 10098 
f 8639 8621 8618 
f 10101 8630 10099 
f 10101 10099 10100 
f 8725 10101 8745 
f 8644 8642 8747 
f 8655 8633 8746 
f 8734 8736 8748 
f 8733 8732 8736 
f 8739 8720 8738 
f 8719 8740 8720 
f 8744 8745 10095 
f 8642 8641 8747 
f 8717 8651 8649 
f 8768 8769 10077 
f 8774 8775 8773 
f 8775 8754 10080 
f 8754 8749 10082 
f 8776 8778 8765 
f 8767 8768 10077 
f 8766 8767 8765 
f 22 20 4 
f 8736 8732 8731 
f 8736 10082 8749 
f 10080 8754 10082 
f 8773 8775 10080 
f 8740 8730 8741 
f 10096 10087 10100 
f 10087 10095 10101 
f 8743 8729 10094 
f 10098 10096 10100 
f 8725 8735 10101 
f 10100 10087 10101 
f 10095 8745 10101 
f 8727 8744 8729 
f 8744 10094 8729 
f 8749 8748 8736 
f 8709 8651 8717 
f 8735 8630 10101 
f 8579 8578 8583 
f 8479 8468 8510 
f 344 217 218 
f 261 254 1123 
f 1103 995 994 
f 562 407 406 
f 84 177 85 
f 85 353 3564 
f 3564 353 354 
