#  3D Slicer output. SPACE=LPS

mtllib tib_plat_l_cut.mtl

v -0.001764 0.011597 -0.037889
v 0.002040 0.011593 -0.037826
v 0.004905 0.010063 -0.038043
v -0.001088 0.010819 -0.038103
v 0.004964 0.010479 -0.037737
v 0.010063 0.009093 -0.037841
v 0.009395 0.008341 -0.038120
v -0.000849 0.003671 -0.038056
v 0.011683 0.008515 -0.037718
v -0.005005 0.002247 -0.037300
v 0.006896 0.004597 -0.038094
v 0.010022 0.003992 -0.037977
v 0.012037 0.003812 -0.037440
v 0.008180 0.003632 -0.037977
v 0.007488 0.003858 -0.037753
v 0.006659 0.003607 -0.037834
v 0.008425 0.003073 -0.038092
v 0.006265 0.002741 -0.038099
v 0.009772 0.003613 -0.037834
v 0.011262 0.003139 -0.037838
v 0.006278 -0.007131 -0.038067
v 0.001637 -0.006828 -0.038071
v -0.001355 -0.003672 -0.037979
v -0.004992 -0.000835 -0.037295
v -0.000814 -0.009027 -0.038099
v 0.009426 -0.009614 -0.038036
v 0.011781 -0.008393 -0.037721
v 0.004539 -0.009507 -0.037690
v 0.005938 -0.008428 -0.037787
v 0.008050 -0.008531 -0.037898
v 0.009931 -0.009875 -0.037986
v 0.000998 -0.009797 -0.037857
v -0.001122 -0.009874 -0.037800
v 0.008845 -0.010106 -0.037674
v -0.001736 0.011878 -0.037337
v 0.001877 0.011746 -0.037085
v 0.014210 0.008535 -0.036809
v -0.004960 0.010622 -0.037330
v 0.011872 0.003602 -0.037521
v 0.008426 0.003732 -0.037751
v 0.012734 0.003702 -0.037325
v 0.012545 0.002560 -0.037569
v -0.003393 -0.009415 -0.037579
v 0.013930 -0.009379 -0.037123
v 0.013998 -0.010107 -0.036962
v 0.002050 -0.009832 -0.037416
v -0.002127 -0.009769 -0.037287
v -0.005799 0.011598 -0.036950
v 0.010674 0.009160 -0.037061
v 0.014373 0.004383 -0.036910
v 0.012673 0.003777 -0.037022
v 0.013691 0.002795 -0.037169
v 0.007700 -0.010294 -0.036604
v 0.007376 -0.010028 -0.036960
v 0.013657 -0.010401 -0.036395
v 0.014165 0.007908 -0.037020
v 0.005098 0.003701 -0.036846
v 0.014284 0.003691 -0.036727
v -0.006043 -0.009323 -0.036905
v -0.006032 -0.009611 -0.036657
v 0.003440 -0.010143 -0.036645
v 0.000081 -0.010082 -0.034816
v 0.004718 -0.010395 -0.036709
v -0.005743 0.011777 -0.036212
v -0.007653 0.011590 -0.036340
v 0.013054 0.008764 -0.036667
v -0.007534 0.010859 -0.036486
v -0.008601 0.004183 -0.035964
v 0.014750 0.003918 -0.036339
v 0.008442 0.003797 -0.035751
v 0.014250 0.003540 -0.036433
v 0.015776 0.002756 -0.036202
v -0.008179 -0.002514 -0.036152
v -0.007162 -0.009223 -0.036234
v 0.007509 -0.010394 -0.035767
v -0.002971 0.011049 -0.035695
v 0.004018 0.010769 -0.036128
v 0.005863 0.010148 -0.035199
v 0.008064 0.009667 -0.035045
v 0.016163 0.008368 -0.035959
v 0.016025 0.004495 -0.036094
v 0.006940 0.003112 -0.035776
v 0.008861 0.003015 -0.035580
v -0.007990 -0.007863 -0.036285
v 0.015545 -0.009806 -0.036136
v -0.005723 -0.009712 -0.034548
v -0.011464 0.010625 -0.034516
v 0.016209 0.003620 -0.035683
v 0.011758 0.001469 -0.036238
v 0.012339 0.002116 -0.035832
v 0.009108 0.002673 -0.035311
v 0.010291 0.001527 -0.036208
v -0.009929 0.002539 -0.035444
v -0.010860 0.000373 -0.034833
v 0.008759 0.000784 -0.035772
v 0.010435 0.000473 -0.036066
v 0.011987 0.000572 -0.036058
v 0.016423 -0.009187 -0.035842
v -0.008504 -0.009214 -0.035886
v -0.007332 -0.009459 -0.035473
v -0.009111 0.011697 -0.035110
v 0.002765 0.010637 -0.035663
v 0.012440 0.008814 -0.033286
v 0.004472 0.003601 -0.035497
v 0.015089 0.001540 -0.034967
v 0.008288 0.001850 -0.035483
v 0.014124 0.000666 -0.035418
v -0.010469 -0.008523 -0.035058
v 0.003169 -0.010081 -0.034804
v -0.012134 0.011610 -0.033862
v 0.000263 0.009559 -0.033957
v 0.017517 0.008193 -0.035135
v 0.016749 0.003610 -0.035300
v 0.016729 0.003797 -0.035154
v 0.007749 0.003514 -0.035344
v 0.017689 0.002816 -0.034995
v 0.010383 0.002481 -0.035128
v 0.012980 0.000100 -0.035089
v 0.007477 0.000513 -0.035200
v 0.016755 -0.010094 -0.035435
v 0.016469 -0.010422 -0.034554
v 0.017364 0.008759 -0.034466
v 0.019582 0.004642 -0.033486
v 0.009752 0.003584 -0.034215
v 0.000691 0.003680 -0.035342
v -0.001662 0.003645 -0.035292
v -0.000514 0.003178 -0.035188
v 0.012566 0.002797 -0.034446
v 0.013456 0.003044 -0.034649
v 0.011295 0.002508 -0.034766
v 0.009109 0.002558 -0.035035
v 0.012402 0.002424 -0.034650
v -0.000284 0.001240 -0.035207
v 0.000413 0.001092 -0.035155
v 0.007176 0.000755 -0.035099
v 0.001265 0.000701 -0.034816
v 0.008924 0.000154 -0.034710
v -0.000807 0.000300 -0.034844
v 0.017505 -0.007872 -0.035108
v -0.012993 0.002252 -0.033561
v -0.002522 0.002736 -0.034845
v -0.003418 0.003633 -0.034897
v 0.010436 0.003327 -0.033918
v 0.016155 0.001897 -0.034189
v 0.014769 0.002507 -0.033877
v 0.013083 0.002461 -0.034273
v 0.012070 0.001264 -0.034489
v 0.016084 0.000708 -0.034276
v 0.004809 0.000606 -0.034679
v -0.000221 0.000268 -0.034633
v 0.015603 0.000329 -0.034292
v 0.005662 0.000140 -0.034695
v 0.004494 0.000238 -0.034518
v -0.002325 0.001134 -0.034850
v -0.004199 0.000322 -0.034220
v -0.010639 -0.009379 -0.034562
v 0.018526 -0.009937 -0.033423
v 0.019258 -0.009256 -0.033465
v 0.003484 0.009022 -0.033336
v 0.019622 0.008467 -0.033278
v 0.020784 0.008811 -0.030192
v -0.005854 0.003654 -0.034193
v -0.004235 0.003378 -0.034539
v 0.013962 0.002689 -0.033898
v -0.003823 0.001142 -0.034530
v -0.004175 0.000294 -0.033900
v 0.011542 0.000267 -0.034188
v -0.013683 -0.008359 -0.033025
v -0.013373 0.011421 -0.032515
v -0.005130 0.009812 -0.033511
v 0.019219 0.008326 -0.033747
v -0.012936 0.005083 -0.033502
v 0.019521 0.004137 -0.033390
v 0.018041 0.003799 -0.031479
v 0.011911 0.003569 -0.033597
v 0.018548 0.003478 -0.033776
v 0.019841 0.003171 -0.032998
v 0.012658 0.000019 -0.033579
v 0.004985 -0.000072 -0.033866
v -0.012752 -0.001830 -0.033631
v 0.019403 0.002363 -0.033610
v 0.014920 0.002672 -0.033319
v -0.006614 0.001135 -0.033633
v -0.004913 0.001090 -0.034252
v -0.007623 0.000391 -0.033060
v 0.019360 -0.002634 -0.033568
v 0.019399 -0.006919 -0.033605
v -0.011706 -0.009200 -0.033558
v 0.017701 -0.010389 -0.031133
v -0.010515 0.009869 -0.031472
v -0.013116 0.011554 -0.033287
v 0.011105 0.008826 -0.032603
v 0.002153 0.008504 -0.032298
v -0.007822 0.003631 -0.033536
v -0.006725 0.003625 -0.033618
v 0.017394 0.002998 -0.031967
v -0.007025 0.003047 -0.033398
v 0.016010 0.000954 -0.032291
v -0.007538 0.000271 -0.032542
v 0.019388 -0.010189 -0.032961
v -0.014566 0.010271 -0.032378
v 0.020122 0.003839 -0.031712
v -0.009257 0.003671 -0.032808
v -0.008346 0.003165 -0.033065
v 0.014767 0.003349 -0.032065
v 0.015897 0.002502 -0.032779
v 0.018785 0.000984 -0.032078
v 0.012691 -0.000053 -0.032667
v 0.015943 0.000256 -0.031781
v 0.019823 -0.001447 -0.033104
v 0.014432 0.000086 -0.032328
v 0.020336 -0.007831 -0.032378
v -0.005451 -0.009747 0.034009
v 0.003701 -0.010165 0.032898
v 0.002577 -0.010055 0.033995
v 0.009369 0.008103 -0.031454
v 0.018034 0.008751 -0.031165
v 0.020930 0.008247 -0.031764
v -0.014858 0.004051 -0.032049
v 0.015617 0.003581 -0.031761
v 0.018594 0.002942 -0.030138
v 0.018591 0.001932 -0.032060
v 0.017217 0.000137 -0.032525
v -0.014572 -0.004894 -0.032362
v -0.015929 -0.009095 -0.030517
v -0.000784 -0.010020 0.034599
v 0.021395 -0.010380 -0.022488
v -0.002800 0.008631 -0.031806
v -0.008108 0.003518 -0.031827
v -0.008232 0.003854 -0.032362
v -0.009197 0.002921 -0.032037
v 0.016467 0.002450 -0.032333
v -0.008850 0.001238 -0.032712
v -0.009290 0.000460 -0.032259
v 0.013570 -0.000060 -0.031573
v -0.015278 -0.008891 -0.031515
v -0.007289 -0.009449 0.035260
v -0.014394 0.011528 -0.032353
v -0.008820 0.009212 -0.031032
v -0.006194 0.008632 -0.030870
v 0.006675 0.007691 -0.030656
v 0.020754 0.003631 -0.031566
v 0.017590 0.002464 -0.031405
v 0.018820 0.000478 -0.031774
v -0.010366 -0.009447 0.034023
v 0.021176 -0.010131 -0.030973
v 0.020761 -0.010390 -0.030517
v 0.004737 -0.010363 0.034005
v 0.021553 0.008538 -0.030613
v 0.017504 0.008611 -0.030661
v -0.011423 0.003657 -0.031445
v -0.010323 0.002718 -0.031784
v 0.016255 0.003043 -0.031710
v 0.016928 0.002424 -0.031780
v 0.021058 0.003182 -0.031539
v 0.018042 0.000872 -0.030203
v -0.009342 0.000469 -0.031737
v -0.009873 0.001222 -0.032012
v -0.012548 -0.009128 -0.031139
v -0.015045 -0.009156 -0.028951
v -0.015368 0.011354 -0.030781
v 0.017552 0.003465 -0.031087
v -0.012306 0.003664 -0.029247
v -0.011698 0.000259 -0.030640
v -0.017661 -0.006766 -0.029278
v 0.021945 0.004786 -0.030282
v 0.021004 0.003706 -0.031241
v -0.013152 0.003823 -0.029911
v 0.017879 0.002470 -0.030909
v -0.011623 0.002627 -0.030797
v -0.012102 0.000335 -0.029769
v -0.016213 -0.008750 -0.030662
v 0.021391 -0.009529 -0.030956
v -0.012097 0.003266 -0.029248
v -0.011540 0.001484 -0.030888
v 0.021938 0.002663 -0.030270
v 0.020735 0.001964 -0.028942
v 0.019593 0.002364 -0.029049
v 0.018699 0.002463 -0.030017
v 0.018285 0.000241 -0.029331
v 0.019227 0.000064 -0.029598
v 0.022398 -0.009383 -0.028970
v -0.014828 0.010485 -0.029333
v -0.012065 0.009227 -0.028723
v 0.022060 0.007823 -0.030076
v -0.000015 0.007392 -0.029343
v 0.021893 0.003524 -0.029308
v -0.012604 0.002877 -0.029931
v 0.022102 -0.002809 -0.029833
v -0.017661 0.000036 -0.029278
v -0.017794 0.011620 -0.028948
v 0.012410 0.007224 -0.028618
v 0.008391 0.007216 -0.029279
v 0.022340 0.004088 -0.029046
v 0.018753 0.002372 -0.029629
v -0.016548 0.002483 -0.030555
v -0.017959 0.004009 -0.028914
v 0.019148 0.001318 -0.029098
v -0.013109 0.001503 -0.029639
v 0.020310 0.000339 -0.029310
v 0.022427 -0.007142 -0.029241
v 0.022527 0.008745 -0.027886
v 0.022895 0.008497 -0.028024
v 0.019203 0.002878 -0.029241
v -0.013949 0.003573 -0.029372
v -0.012705 0.002276 -0.030118
v -0.013215 0.002748 -0.029608
v -0.013888 0.000443 -0.028951
v -0.008051 0.007997 -0.028102
v 0.004536 0.006762 -0.027877
v 0.023294 0.007846 -0.027284
v 0.021087 0.000762 -0.028328
v -0.013318 0.000778 -0.029152
v 0.020815 0.000286 -0.027374
v -0.016954 -0.008855 -0.029177
v -0.018516 0.011664 -0.027834
v 0.020021 0.003567 -0.028381
v -0.017833 0.003860 -0.023411
v 0.018471 0.000109 -0.028653
v -0.015203 0.000361 -0.027570
v -0.018886 0.011208 -0.027723
v 0.015587 0.007175 -0.027249
v 0.022634 0.003631 -0.028218
v -0.014759 0.002902 -0.027792
v 0.019558 0.002640 -0.028636
v -0.019022 -0.008158 -0.027556
v 0.022271 -0.010073 -0.028712
v 0.022080 0.008732 -0.026972
v 0.019525 0.002769 -0.028319
v 0.020071 0.002618 -0.027704
v 0.022956 0.002560 -0.028186
v -0.018653 -0.008599 -0.027855
v 0.019455 0.007664 -0.025814
v -0.016016 0.003695 -0.027284
v 0.021458 0.003435 -0.027704
v -0.013497 0.003318 -0.027879
v 0.023429 -0.009376 -0.026518
v -0.004791 0.007044 -0.026408
v -0.000162 0.006741 -0.027023
v 0.022903 0.003608 -0.027643
v 0.023231 0.004428 -0.027239
v -0.015205 0.002654 -0.027377
v 0.020988 0.001998 -0.027676
v -0.015085 0.000883 -0.027479
v -0.015600 0.000310 -0.026230
v -0.015669 -0.009164 0.029719
v 0.022355 -0.010424 -0.026224
v -0.014358 0.009518 -0.026696
v 0.009133 0.006449 -0.026283
v 0.022121 0.001328 -0.025103
v -0.019139 0.000396 -0.027357
v -0.019596 0.011557 -0.026592
v -0.020259 0.002066 -0.025714
v -0.015696 0.002756 -0.027195
v 0.020793 0.003034 -0.026199
v -0.020321 0.011874 -0.024005
v 0.023370 0.008649 -0.025748
v -0.007830 0.007364 -0.025466
v -0.020283 0.011063 -0.025695
v 0.015709 0.006745 -0.024882
v -0.016073 0.000947 -0.026439
v -0.020232 -0.008417 -0.025700
v 0.000084 0.006293 -0.024642
v 0.021810 0.002077 -0.025027
v 0.021859 0.000299 -0.024609
v 0.023259 -0.010092 -0.026301
v 0.023583 0.008346 -0.025831
v 0.023646 0.003621 -0.025171
v 0.023560 0.002471 -0.026097
v -0.016678 0.003196 -0.023858
v -0.017796 -0.008820 -0.025583
v -0.020598 -0.008828 -0.024037
v 0.023087 0.008708 -0.024430
v -0.000830 0.006495 -0.025264
v -0.017111 0.003648 -0.025838
v -0.016595 0.002857 -0.025687
v -0.016526 0.001205 -0.025916
v -0.017164 0.000239 -0.024603
v -0.019364 0.011565 -0.024291
v -0.016654 0.010176 -0.024675
v -0.009873 0.007690 -0.024374
v 0.020393 0.007665 -0.023650
v -0.016886 0.003478 -0.023579
v 0.023954 -0.008950 -0.023955
v -0.020785 -0.008694 -0.024316
v -0.011958 -0.009155 0.030022
v 0.024025 0.004884 -0.023419
v 0.021238 0.003007 -0.023656
v 0.020790 0.002602 -0.025162
v -0.020680 -0.003317 -0.024891
v 0.023770 -0.009895 -0.024186
v 0.014294 -0.010377 -0.010752
v -0.014860 0.009242 -0.022912
v -0.004842 0.006642 -0.023402
v 0.012982 0.006323 -0.023658
v -0.017226 0.002696 -0.024895
v -0.017173 0.000869 -0.024903
v 0.018237 0.007046 -0.021660
v 0.010643 0.006254 -0.023494
v -0.018034 0.003658 -0.024286
v 0.022385 0.001523 -0.023057
v -0.017227 -0.008876 0.027247
v -0.022328 0.002741 -0.021570
v 0.022014 0.000523 -0.023618
v -0.017054 0.000232 -0.023966
v 0.023325 -0.010148 -0.022005
v -0.021164 0.011538 -0.023845
v -0.021621 0.009637 -0.023051
v 0.024070 0.007721 -0.023102
v -0.008800 0.007354 -0.023307
v 0.007353 0.006036 -0.023906
v 0.002259 0.006254 -0.024343
v 0.024006 0.002740 -0.023424
v -0.018057 0.000593 -0.024071
v -0.017413 0.000771 -0.024224
v -0.021809 -0.008146 -0.022623
v 0.016337 0.006672 -0.022074
v 0.013943 0.006344 -0.021841
v -0.003645 0.006553 -0.021796
v -0.017850 0.002696 -0.023933
v 0.016618 -0.000031 -0.022270
v 0.017914 -0.000201 -0.022472
v 0.019919 -0.000039 -0.024866
v -0.017257 0.010247 -0.022072
v 0.023908 0.008500 -0.022917
v 0.023811 0.003607 -0.023022
v 0.020960 -0.000029 -0.022542
v 0.019241 0.000140 -0.021785
v 0.024023 -0.005909 -0.023408
v 0.005319 -0.010397 0.033407
v 0.009072 0.005964 -0.021568
v -0.019232 0.003650 -0.021826
v -0.018761 0.003077 -0.022169
v -0.018278 0.002999 -0.023192
v -0.022152 0.011879 -0.020341
v 0.023535 0.008759 -0.018396
v 0.023292 0.008720 -0.020358
v -0.018782 0.002548 -0.022267
v -0.020147 0.001792 -0.022092
v -0.019266 0.000960 -0.020518
v -0.012363 0.008306 -0.021373
v -0.001745 0.006292 -0.021252
v 0.004757 0.005998 -0.020651
v 0.022074 0.000263 -0.022839
v 0.022440 0.000905 -0.022091
v 0.023544 -0.010367 -0.020035
v -0.019342 0.011508 -0.020561
v -0.022753 0.011309 -0.020431
v -0.022877 0.004065 -0.019758
v 0.001488 0.006042 -0.021976
v 0.022113 0.002132 -0.020952
v -0.009679 0.007559 -0.021010
v -0.004717 0.006743 -0.019764
v 0.010300 0.006245 -0.020952
v -0.019123 0.002552 -0.021613
v -0.020172 0.000340 -0.021806
v 0.022110 0.000269 -0.017574
v -0.018946 0.000344 -0.020326
v 0.018814 -0.000046 -0.020710
v -0.022448 0.000773 -0.021108
v -0.018918 0.011681 -0.017637
v 0.020238 0.007698 -0.019666
v -0.023634 0.010460 -0.018218
v 0.013375 0.006379 -0.020351
v -0.019431 0.003204 -0.020911
v -0.020646 0.001082 -0.021388
v -0.021188 0.000064 -0.017531
v 0.024014 0.002745 -0.020022
v -0.023445 -0.007956 -0.018704
v 0.023803 0.003739 -0.019818
v 0.021241 0.003002 -0.016849
v 0.021111 0.002595 -0.014342
v -0.015692 0.009862 -0.018659
v -0.020143 0.003709 -0.019921
v -0.019582 0.002558 -0.020080
v -0.021783 0.002022 -0.018377
v -0.023246 -0.008290 -0.018917
v 0.023858 -0.010118 -0.016899
v -0.011542 0.008284 -0.018844
v 0.024006 0.008290 -0.013594
v -0.023602 0.006715 -0.017636
v -0.019535 0.003572 -0.020157
v -0.023346 0.002852 -0.019099
v 0.024036 -0.007434 -0.012293
v 0.017807 0.007370 -0.017779
v 0.001859 0.006449 -0.018065
v -0.020361 0.002443 -0.019017
v -0.018639 0.000689 -0.019954
v -0.019061 0.000095 -0.019382
v -0.022950 0.011744 -0.017705
v 0.021140 0.002867 -0.013355
v -0.017200 0.003425 -0.019139
v -0.021210 0.002080 -0.019149
v 0.022307 0.001914 -0.014720
v 0.006690 0.006384 -0.017943
v -0.018231 0.004039 -0.019024
v -0.020513 0.003365 -0.018809
v -0.020753 0.003679 -0.018460
v -0.017330 0.000521 -0.019328
v -0.008294 0.007499 -0.018667
v 0.011603 0.006759 -0.017159
v -0.017493 0.003947 -0.018255
v -0.022436 0.000440 -0.016301
v -0.024796 -0.008305 -0.014284
v -0.015524 0.010139 -0.016983
v -0.002754 0.006801 -0.017993
v -0.017151 0.003550 -0.018675
v -0.019159 0.003388 -0.018525
v -0.024379 0.002555 -0.016200
v -0.019723 0.000386 -0.018612
v -0.019118 0.000664 -0.018347
v -0.018376 0.000043 -0.018847
v -0.006145 0.007704 -0.015940
v -0.017151 0.002956 -0.018370
v -0.017201 0.000375 -0.018482
v -0.020251 0.000254 -0.018184
v -0.024793 0.010863 -0.013948
v -0.009212 0.008131 -0.016550
v -0.020611 0.002690 -0.017936
v -0.019076 0.002995 -0.017971
v 0.022403 0.001067 -0.016733
v -0.019068 0.000771 -0.017973
v -0.022736 -0.008512 -0.013544
v 0.021010 0.008612 -0.016424
v -0.018785 0.004124 -0.015907
v 0.022053 0.002063 -0.013592
v -0.022670 0.002064 -0.014871
v -0.017841 0.000382 -0.016915
v -0.020266 0.000045 -0.012318
v -0.024911 0.001702 -0.014302
v 0.022959 -0.010401 -0.012638
v 0.003990 0.006758 -0.016464
v -0.021380 0.003665 -0.016456
v -0.021766 0.000915 -0.015547
v -0.021871 -0.008572 -0.015931
v -0.017810 0.011846 -0.014131
v -0.020334 0.003457 -0.014301
v 0.023582 -0.010097 -0.013650
v -0.024907 0.010547 -0.014070
v -0.011308 0.009066 -0.015351
v 0.005988 0.007217 -0.014756
v -0.024868 -0.007532 -0.014539
v -0.024631 -0.008551 -0.012908
v -0.017043 0.011620 -0.014777
v -0.024318 0.003094 -0.016174
v -0.022979 0.002082 -0.014502
v 0.022255 0.001045 -0.014761
v -0.024282 0.011218 -0.013929
v -0.002580 0.007240 -0.016064
v -0.024785 0.006061 -0.013015
v -0.024195 0.003782 -0.014771
v 0.022437 0.001399 -0.014266
v 0.019246 0.008725 -0.014152
v 0.001945 0.007471 -0.014387
v -0.020156 0.000325 -0.014593
v -0.020608 -0.008860 0.023228
v 0.014566 0.007667 -0.014846
v -0.020308 0.001039 -0.014609
v -0.007378 0.008321 -0.014687
v 0.012558 0.008012 -0.013471
v -0.020294 0.004135 -0.011322
v -0.020849 -0.008786 0.016387
v -0.003880 0.008142 -0.013828
v 0.021506 0.003058 -0.014838
v 0.021356 0.003203 -0.013802
v -0.025557 0.003012 -0.011866
v -0.014915 0.011062 -0.013592
v -0.019424 0.003501 -0.011982
v 0.021737 0.002152 -0.013781
v -0.019076 0.000378 -0.013211
v -0.024319 0.000731 -0.009709
v -0.021950 0.000263 -0.012958
v 0.023975 0.003874 -0.012323
v 0.023786 0.003909 -0.013769
v -0.009784 0.010542 -0.010941
v -0.006505 0.009840 -0.010885
v 0.008637 0.007699 -0.013714
v -0.024672 0.004136 -0.012979
v 0.021889 0.000285 -0.014085
v -0.022994 0.000112 -0.012613
v -0.025529 -0.007914 -0.011821
v 0.022984 0.008818 -0.011974
v 0.021226 0.003599 -0.013413
v 0.022542 0.003412 -0.014364
v 0.021300 0.002165 -0.013646
v 0.021998 0.000418 -0.013197
v -0.000133 0.009147 -0.010840
v 0.023779 0.003567 -0.013143
v 0.013371 0.008763 -0.011365
v -0.025510 0.004530 -0.009254
v 0.023623 0.003724 -0.012866
v 0.020790 0.002781 -0.012971
v -0.023890 0.002079 -0.010887
v 0.020343 0.000230 -0.012657
v -0.013373 0.011688 -0.011101
v -0.025853 0.010155 -0.009752
v 0.018308 0.003857 -0.010450
v 0.019732 0.003509 -0.011792
v -0.024184 0.002069 -0.008388
v 0.021077 0.000248 -0.012184
v 0.013405 -0.000079 -0.013487
v 0.012733 0.000200 -0.011372
v 0.013747 -0.000043 -0.012015
v 0.023745 -0.010226 -0.011328
v 0.020089 0.002960 -0.011804
v 0.021221 0.002046 -0.012082
v 0.020132 0.001948 -0.012117
v -0.024301 0.000353 -0.008589
v 0.017369 -0.000039 -0.013272
v 0.017675 -0.000048 -0.012167
v 0.016341 -0.000029 -0.012424
v 0.023794 0.008393 -0.011953
v 0.008312 0.009221 -0.010285
v -0.021168 0.003748 -0.010792
v 0.023939 0.002690 -0.011451
v -0.023011 0.000912 -0.010910
v 0.023387 0.008546 -0.011089
v 0.003076 0.008932 -0.010914
v -0.025861 0.009480 -0.009919
v -0.020173 0.003937 -0.009787
v 0.022316 0.003745 -0.009963
v -0.021836 0.003605 -0.007809
v 0.018990 0.000255 -0.011542
v -0.022158 0.000292 -0.006344
v -0.011932 0.011854 -0.008594
v 0.019095 0.002493 -0.011374
v 0.019568 0.002675 -0.011560
v 0.019777 0.000387 -0.011398
v -0.020008 0.000370 -0.009524
v -0.021083 0.000195 -0.010467
v 0.018476 0.003505 -0.011201
v 0.023809 -0.001137 -0.010973
v 0.023540 0.003560 -0.010615
v -0.021391 0.004003 -0.008652
v 0.011796 0.003693 -0.010798
v 0.011927 0.003143 -0.011022
v 0.015159 0.003602 -0.010965
v 0.016779 0.002975 -0.011124
v -0.022343 0.011824 0.020286
v 0.007844 0.009701 -0.008596
v 0.021094 0.008658 -0.008973
v 0.023096 0.004957 -0.010464
v 0.010267 0.003717 -0.010181
v 0.010901 0.003176 -0.010637
v 0.019525 0.003459 -0.009144
v -0.001876 0.010161 -0.008471
v -0.020052 0.003541 -0.009256
v 0.016972 0.003685 -0.008735
v -0.026259 0.002209 -0.008229
v -0.026160 0.003281 -0.008248
v 0.023148 -0.002702 -0.009771
v -0.022880 0.000258 -0.008647
v -0.026265 -0.007397 -0.007888
v 0.022486 -0.009250 -0.008880
v 0.022894 -0.010003 -0.009585
v 0.012461 0.008789 -0.008633
v 0.022526 0.003951 -0.009935
v 0.020337 0.003830 -0.008567
v -0.020344 0.000926 -0.007008
v -0.009232 0.011715 -0.007249
v -0.026059 0.010214 -0.005677
v 0.021876 0.008116 -0.009188
v 0.022648 0.003285 -0.009064
v 0.009636 0.002834 -0.010117
v 0.008334 0.003611 -0.008797
v 0.009784 0.000238 -0.010354
v 0.008301 0.000271 -0.008968
v 0.016805 -0.010392 -0.007672
v 0.003910 0.010400 -0.006487
v 0.021902 0.004402 -0.009191
v -0.021249 0.004143 -0.005731
v 0.019466 0.003794 -0.008512
v 0.008180 0.002450 -0.008635
v -0.026130 -0.008508 -0.005812
v 0.008198 0.003760 -0.007971
v -0.024582 0.002013 -0.007589
v 0.019856 -0.010094 -0.007696
v 0.018895 0.008467 -0.008252
v 0.020874 0.007780 -0.008626
v -0.025889 0.005636 -0.007901
v 0.021589 0.002912 -0.008220
v 0.021624 -0.010103 -0.008469
v 0.008373 0.009484 -0.007867
v 0.020759 0.003512 -0.007970
v 0.008009 0.003308 -0.008232
v -0.023360 0.000103 -0.006449
v -0.026326 -0.005295 -0.006760
v 0.012752 0.008278 -0.008143
v 0.007272 0.003607 -0.006344
v -0.026537 0.004037 -0.004275
v -0.021144 0.000042 -0.006827
v 0.021207 -0.007068 -0.008006
v 0.020087 -0.009443 -0.007582
v -0.005346 0.011254 -0.005860
v -0.026419 0.009821 -0.005728
v 0.018009 0.007734 -0.008079
v 0.013357 0.004849 -0.008181
v 0.011724 0.007617 -0.007867
v 0.011768 0.004446 -0.007913
v 0.018431 0.003821 -0.008250
v 0.017744 0.004346 -0.008062
v 0.012926 0.003923 -0.007865
v 0.015790 0.003819 -0.007375
v -0.024840 0.002101 -0.004902
v -0.024054 0.000891 -0.004037
v 0.018158 -0.009895 -0.007483
v 0.010132 0.007949 -0.007013
v 0.010687 0.004052 -0.006880
v -0.023376 0.003597 -0.008562
v -0.023716 0.003651 -0.006769
v -0.023335 0.002526 -0.007244
v 0.007612 0.003708 -0.006529
v 0.020075 0.002333 -0.007588
v 0.020552 -0.000330 -0.007751
v 0.010337 0.007286 -0.006567
v 0.016613 0.003509 -0.006979
v 0.011162 0.003767 -0.006764
v 0.017370 0.002466 -0.006845
v 0.018771 -0.001149 -0.007357
v 0.018085 -0.008681 -0.007169
v 0.017484 -0.010137 -0.007060
v 0.016271 -0.010154 -0.006708
v 0.004451 0.010362 -0.006207
v -0.022108 0.003772 -0.005233
v -0.022250 0.000928 -0.005457
v -0.024951 0.000742 -0.005423
v -0.020750 0.000609 -0.004517
v -0.021236 0.000100 -0.003355
v 0.016700 -0.004030 -0.006407
v 0.014626 -0.010418 -0.005812
v 0.014737 0.003590 -0.005783
v -0.024728 0.002089 -0.003355
v -0.022746 -0.000021 -0.006512
v -0.001614 0.010693 -0.006478
v 0.009855 0.007696 -0.006108
v 0.010392 0.003923 -0.005516
v 0.016479 0.001757 -0.006264
v 0.007195 0.002387 -0.006033
v -0.022297 0.002803 -0.005161
v -0.026632 -0.007461 -0.005494
v 0.016580 -0.009763 -0.006415
v 0.010895 -0.010384 -0.002119
v -0.004453 0.011593 -0.003102
v 0.010140 0.006781 -0.005513
v 0.011809 0.003815 -0.003658
v 0.007272 0.003484 -0.004816
v -0.026634 0.002426 -0.005202
v -0.023370 0.000208 -0.004531
v 0.014912 -0.008147 -0.004736
v 0.012618 0.003694 -0.003712
v -0.023966 0.003658 -0.004015
v -0.024095 0.003703 -0.005118
v 0.014388 0.001507 -0.004032
v -0.022646 -0.000067 -0.004994
v -0.004839 0.011853 0.000068
v -0.023632 0.011501 0.015709
v 0.010171 0.004249 0.005581
v -0.020822 0.003632 -0.004405
v -0.023637 0.002522 -0.004471
v 0.014370 -0.010158 -0.004806
v 0.002438 0.011181 -0.001964
v 0.007932 0.003688 -0.004105
v -0.025214 0.001917 -0.000136
v -0.024914 0.000389 -0.003624
v -0.024596 0.000168 -0.003674
v -0.026606 -0.008054 -0.003047
v 0.000103 0.011233 -0.002104
v -0.022349 0.003777 0.001109
v -0.026624 -0.001296 -0.003074
v 0.014021 -0.002264 -0.003464
v 0.012981 0.003076 -0.003072
v 0.013781 0.001218 -0.002831
v -0.020867 0.000381 -0.001307
v -0.022727 -0.000045 -0.003253
v -0.023272 0.000074 -0.003297
v 0.013977 -0.007872 -0.003199
v -0.025857 -0.008556 0.005298
v -0.026901 0.002144 -0.002100
v -0.022260 0.000328 -0.002983
v 0.013937 -0.010084 -0.003357
v 0.003253 0.010991 -0.001201
v -0.026769 0.009550 -0.001712
v -0.026499 0.003486 -0.003161
v -0.021353 0.004048 0.001125
v -0.026775 0.003173 -0.001567
v -0.023756 0.000397 0.000473
v 0.013390 -0.010076 -0.002168
v -0.020895 0.003520 -0.001085
v -0.022473 0.003349 -0.001662
v 0.010197 0.006955 0.005825
v -0.021941 0.004039 0.002708
v 0.013368 -0.002336 -0.001622
v -0.026899 -0.007406 -0.001750
v 0.011395 0.003749 0.000473
v -0.023543 0.000226 0.001246
v -0.019042 0.011864 0.015794
v -0.022320 0.000086 0.000934
v 0.002534 0.011209 0.001036
v -0.025296 0.010692 0.009030
v 0.009710 0.007804 0.006057
v -0.024874 0.002110 0.003686
v 0.011936 0.003563 0.000550
v 0.013217 0.000599 -0.000235
v -0.026958 0.008622 -0.000549
v -0.022547 0.000552 0.000962
v -0.025266 0.000941 0.001494
v -0.026908 0.002104 0.001903
v -0.024365 0.000043 0.003261
v -0.026922 -0.007747 0.001327
v -0.026792 -0.008095 0.002155
v -0.003917 0.011557 0.002529
v 0.010395 0.003931 0.005305
v -0.021520 0.000098 0.000352
v 0.013182 -0.009274 0.000725
v 0.012988 -0.009702 -0.000016
v -0.020924 0.000843 0.000013
v -0.026799 0.003833 0.001467
v -0.023291 -0.008496 0.017616
v 0.013103 0.001711 0.001024
v 0.012844 -0.010192 0.001316
v -0.024461 0.000257 0.006817
v -0.026882 0.009185 0.001893
v -0.020866 0.003285 0.000999
v 0.013266 0.000521 0.000938
v -0.021108 0.004132 0.007995
v 0.007345 0.003367 0.002924
v 0.007320 0.003644 0.002978
v -0.005764 0.011865 0.002211
v -0.002087 0.011484 0.001905
v 0.012603 0.003622 0.003367
v -0.022270 0.003365 0.003443
v -0.022911 -0.000173 0.001739
v 0.013614 -0.009412 0.002468
v 0.015129 -0.010286 0.006293
v 0.003363 0.010775 0.004574
v 0.013779 0.001783 0.003115
v -0.020701 0.000821 0.004648
v -0.022243 0.000326 0.003150
v -0.020723 0.004019 0.007294
v -0.021240 0.000106 0.002819
v -0.024244 0.001172 0.003823
v 0.006872 0.000194 0.002807
v 0.006225 0.000007 0.001887
v 0.006992 0.000339 0.001280
v -0.026623 0.003689 0.003466
v 0.003229 -0.000030 0.002156
v -0.022808 0.000072 0.002799
v -0.003935 0.011240 0.005002
v -0.026662 0.008947 0.003188
v -0.023111 0.000034 0.004843
v 0.013895 -0.009919 0.003169
v 0.012440 0.003848 0.005292
v -0.024987 0.000854 0.005485
v 0.005777 -0.000060 0.003667
v 0.004721 0.010250 0.006385
v -0.026608 0.009218 0.005317
v 0.014626 -0.001408 0.004431
v 0.014937 0.001592 0.004832
v -0.022103 0.000318 0.005230
v -0.026596 -0.007245 0.005871
v -0.026457 -0.008281 0.005584
v 0.008226 0.003681 0.004436
v 0.014035 0.003459 0.004950
v 0.007179 0.002854 0.004281
v -0.022315 0.001124 0.004983
v -0.024680 0.002106 0.004690
v -0.026200 0.004513 0.006501
v -0.020551 0.003581 0.005881
v 0.015148 -0.009756 0.005263
v 0.015277 0.003871 0.007727
v 0.007322 0.003650 0.005795
v 0.007239 0.003086 0.006222
v -0.026555 0.001985 0.006408
v 0.013999 -0.010392 0.006839
v -0.002054 0.010807 0.006154
v -0.023880 0.003532 0.004413
v -0.023651 0.002510 0.005056
v -0.023819 0.003611 0.006122
v -0.021827 0.003552 0.007675
v -0.019856 0.000307 0.010632
v -0.021185 0.003910 0.010217
v -0.024552 0.001872 0.008172
v -0.023195 0.000229 0.006925
v 0.016148 -0.000886 0.006066
v 0.016437 -0.009720 0.006372
v 0.008991 0.008306 0.006669
v 0.010347 0.007324 0.006483
v 0.017742 0.001910 0.006947
v -0.020049 0.000785 0.008940
v -0.026323 -0.002183 0.006864
v 0.005127 0.010150 0.007318
v -0.026155 0.009738 0.008245
v -0.026100 -0.008305 0.008251
v 0.017444 -0.009962 0.006896
v 0.011066 0.004247 0.007413
v 0.017694 0.003399 0.007266
v -0.021542 0.000492 0.009511
v -0.024677 0.000957 0.008005
v -0.023218 0.000125 0.011378
v -0.008662 0.011715 0.006777
v -0.020874 0.000079 0.009575
v -0.025371 -0.008421 0.011140
v 0.011427 0.007382 0.007684
v 0.007523 0.003063 0.007169
v 0.008106 0.003705 0.007720
v 0.012335 0.004036 0.007956
v -0.023744 0.002004 0.010242
v 0.017980 -0.009278 0.007070
v 0.018094 -0.010164 0.007568
v 0.008114 0.009427 0.007654
v 0.007068 0.009865 0.008234
v 0.017996 0.003670 0.007624
v 0.020844 0.002880 0.007837
v -0.025905 0.002330 0.010154
v 0.020077 -0.005924 0.007652
v 0.012488 0.004673 0.008186
v 0.020487 0.003428 0.007783
v 0.019473 0.003835 0.008314
v -0.019654 0.003566 0.010938
v -0.023181 0.000159 0.008433
v -0.026253 -0.006605 0.008024
v 0.020471 -0.010092 0.007804
v -0.002866 0.009543 0.010434
v 0.012798 0.008816 0.009589
v 0.012777 0.008747 0.008715
v 0.012880 0.008498 0.008354
v 0.013000 0.008286 0.008254
v 0.020330 0.003641 0.008727
v 0.018751 0.003797 0.008338
v 0.018143 0.003721 0.008243
v 0.007992 0.000790 0.008344
v 0.007979 0.002702 0.008298
v -0.023305 0.001174 0.010289
v 0.021835 -0.005706 0.008409
v 0.019258 -0.010429 0.008649
v -0.009906 0.010775 0.010461
v 0.004653 0.009487 0.009438
v 0.020202 0.008386 0.008457
v 0.019252 0.008748 0.008721
v 0.020755 0.004283 0.008594
v 0.008761 0.003745 0.008747
v 0.022001 0.003117 0.008534
v 0.009859 0.009233 0.010190
v 0.022180 0.007907 0.009298
v -0.020047 0.004134 0.012201
v 0.008539 0.003444 0.009141
v 0.018467 0.003033 0.010694
v -0.023945 0.001894 0.011283
v -0.025578 -0.007665 0.011644
v 0.022178 -0.009968 0.008736
v 0.023092 -0.008133 0.009618
v 0.021051 -0.010169 0.008653
v -0.007067 0.010060 0.010581
v 0.022718 0.008466 0.009937
v -0.025530 0.010063 0.011575
v 0.021971 0.004337 0.009172
v 0.016621 0.003663 0.008785
v -0.021545 0.002913 0.009789
v -0.022286 -0.000000 0.009891
v -0.024614 0.010997 0.013882
v -0.023184 0.003620 0.009757
v -0.023034 0.002502 0.009353
v -0.023497 0.003619 0.008250
v 0.023337 -0.010116 0.010372
v 0.022329 -0.010381 0.016394
v 0.022827 0.007978 0.009892
v -0.025167 0.005215 0.011251
v -0.025605 0.004116 0.009602
v 0.022996 0.004011 0.009987
v 0.015551 0.003786 0.010532
v 0.009166 0.003608 0.009693
v 0.015622 0.003380 0.010661
v 0.011080 0.003651 0.010489
v 0.009303 0.002117 0.009855
v 0.010005 0.002786 0.010207
v 0.008337 0.000225 0.009052
v -0.023652 0.002113 0.011789
v 0.009316 0.000292 0.009950
v 0.023252 0.002561 0.009795
v 0.009782 0.008949 0.011064
v 0.022173 0.003484 0.010659
v -0.019074 0.002962 0.012923
v -0.024028 0.000662 0.011049
v -0.025796 -0.001811 0.010381
v 0.023524 0.008736 0.012464
v 0.023784 0.008216 0.011693
v 0.022970 0.003789 0.010446
v 0.010346 0.002877 0.010574
v 0.010362 0.000313 0.010579
v 0.009921 0.000670 0.010308
v 0.023103 -0.010312 0.010628
v -0.015768 0.011725 0.012967
v 0.012468 0.008723 0.011713
v 0.018615 0.003806 0.010843
v 0.012100 0.003653 0.010884
v 0.023895 0.002856 0.011321
v -0.020556 0.000891 0.013726
v -0.019905 0.000311 0.015027
v -0.022539 0.000384 0.010918
v 0.006707 -0.000032 0.009779
v 0.006581 -0.000031 0.010701
v 0.007190 -0.000206 0.011467
v 0.023915 -0.009221 0.011279
v -0.001566 0.008014 0.013578
v 0.017060 0.008765 0.012404
v 0.021788 0.003799 0.013191
v -0.022721 0.002556 0.010698
v -0.022876 0.003611 0.011305
v 0.017954 0.002699 0.010966
v 0.018560 0.003076 0.011331
v 0.012794 0.003418 0.011201
v 0.014289 0.001490 0.011014
v 0.019899 0.002713 0.011741
v 0.012126 0.000523 0.011119
v 0.017074 0.002550 0.011178
v 0.018908 0.001708 0.011234
v 0.019200 0.001002 0.011123
v 0.017703 0.000236 0.011387
v 0.016115 0.000320 0.011386
v 0.014335 0.000907 0.011275
v 0.013928 0.000238 0.011411
v 0.008631 -0.000038 0.011425
v 0.007904 0.000103 0.011818
v -0.012818 0.010159 0.013781
v 0.004318 0.008191 0.012444
v 0.018303 0.003558 0.011224
v 0.023400 0.003581 0.012472
v 0.019325 0.002396 0.011436
v 0.021093 0.001589 0.011822
v 0.020164 0.000415 0.011508
v -0.022366 0.001132 0.013993
v 0.019345 0.000293 0.011709
v 0.014691 -0.000029 0.011889
v 0.023722 0.003928 0.013095
v 0.019727 0.003483 0.011783
v 0.020642 0.002640 0.012664
v 0.021232 0.000497 0.012140
v -0.025159 0.001575 0.013430
v 0.024031 0.003030 0.012055
v 0.024043 -0.009013 0.012382
v -0.007587 0.008606 0.014049
v -0.004962 0.008635 0.012959
v -0.024904 0.003208 0.014185
v 0.021963 0.001974 0.013043
v 0.020024 0.000002 0.012319
v -0.022876 0.002060 0.014024
v -0.023089 0.000652 0.014759
v -0.018801 0.000429 0.014177
v 0.003471 -0.000036 0.012645
v 0.007146 -0.000048 0.012917
v 0.015899 0.008624 0.012926
v 0.024036 0.004587 0.012701
v -0.020250 0.003884 0.013907
v 0.021357 0.003501 0.013640
v -0.018143 0.000083 0.017662
v -0.024595 -0.008147 0.014929
v -0.015728 0.010800 0.015130
v 0.024004 0.008280 0.012632
v 0.009875 0.007610 0.014085
v -0.022487 0.003068 0.012160
v -0.022428 0.003613 0.012982
v 0.016885 -0.000032 0.012399
v 0.017571 -0.000029 0.013882
v -0.024247 0.010928 0.016176
v 0.023815 0.003627 0.014032
v 0.021048 0.002883 0.013660
v -0.018857 0.003996 0.014997
v 0.022043 0.000637 0.013186
v 0.021726 0.000313 0.013923
v 0.023526 -0.010074 0.013680
v 0.016324 0.007977 0.014635
v 0.023891 0.003672 0.014865
v 0.021376 0.002125 0.013547
v -0.021052 0.000127 0.018473
v 0.015426 -0.000029 0.013971
v 0.016894 -0.000035 0.015405
v -0.024548 -0.007170 0.015497
v 0.024021 -0.006824 0.014246
v 0.023953 -0.007764 0.013994
v 0.021421 0.003080 0.013962
v 0.022586 0.003477 0.014270
v 0.021080 0.002538 0.013636
v -0.022691 0.002092 0.015439
v 0.022347 0.001696 0.014009
v 0.013490 -0.000038 0.012539
v 0.013767 -0.000032 0.013779
v 0.011042 -0.000045 0.014006
v 0.011252 -0.000035 0.012613
v -0.021021 0.000140 0.016774
v 0.018995 0.008627 0.014467
v -0.018680 0.004112 0.017036
v -0.021644 0.003504 0.015212
v -0.021880 0.003036 0.014362
v 0.023943 0.003013 0.015434
v 0.022280 0.000838 0.014903
v 0.022042 0.000542 0.014372
v -0.018745 0.000157 0.018208
v -0.018446 0.011594 0.017054
v 0.003613 0.007068 0.015348
v -0.023765 0.003885 0.017028
v -0.018113 0.003567 0.016177
v -0.024450 0.000237 0.015795
v -0.001713 0.007050 0.016493
v 0.021251 0.002999 0.015567
v 0.022127 0.002130 0.015424
v -0.020269 0.000427 0.018350
v 0.023891 0.008511 0.023708
v 0.021466 0.008624 0.016913
v -0.006810 0.007991 0.015388
v -0.017252 0.000496 0.018265
v 0.023189 -0.009944 0.015206
v -0.011002 0.008557 0.016754
v 0.010641 0.007082 0.015714
v -0.021669 0.003572 0.015646
v -0.023687 0.009259 0.017568
v -0.023585 0.004935 0.017398
v 0.022185 0.000894 0.019788
v 0.003389 0.006392 0.018059
v -0.021223 0.002096 0.018916
v 0.022351 0.001045 0.016510
v -0.020811 0.001044 0.018533
v 0.024017 0.002441 0.021057
v 0.022867 -0.010227 0.016588
v 0.023562 0.008715 0.020754
v 0.015597 0.007190 0.016942
v 0.018966 0.007700 0.017524
v -0.007247 0.007367 0.018092
v -0.017405 0.003880 0.018672
v 0.023686 0.003668 0.018509
v -0.019120 0.002982 0.017855
v -0.023527 0.002709 0.018581
v 0.022446 0.001193 0.022904
v -0.023623 -0.008310 0.017814
v -0.003320 0.006638 0.019205
v -0.019136 0.001049 0.017890
v 0.023864 -0.009376 0.017292
v 0.010065 0.006450 0.018177
v -0.020696 0.003552 0.018306
v -0.021235 0.003086 0.016465
v -0.021433 0.002046 0.019098
v -0.021273 0.001398 0.020058
v -0.022099 0.000488 0.017402
v -0.022753 -0.007283 0.020502
v -0.000849 0.006613 0.018271
v 0.024007 0.004592 0.021993
v -0.017988 0.004125 0.018806
v -0.016520 0.010131 0.019307
v -0.022369 0.010807 0.021434
v -0.013577 0.008933 0.019155
v 0.016369 0.006736 0.020490
v 0.022089 0.000273 0.017608
v -0.019137 0.003482 0.018515
v 0.021178 -0.000040 0.017385
v 0.021266 -0.000026 0.019663
v 0.018782 -0.000038 0.017427
v -0.022433 -0.008503 0.018879
v 0.023905 -0.009207 0.020593
v -0.018514 0.011111 0.019468
v 0.021465 0.008012 0.020605
v -0.008952 0.007376 0.021010
v 0.012614 0.006346 0.019948
v 0.022108 0.000263 0.019469
v -0.017233 0.000399 0.018910
v 0.001627 0.006243 0.020429
v -0.017220 0.003516 0.018968
v 0.022098 0.002092 0.023516
v -0.019222 0.000362 0.018534
v -0.019349 0.000067 0.020135
v -0.020943 0.000625 0.020630
v -0.022704 -0.008145 0.020150
v 0.023306 -0.009563 0.020025
v -0.019811 0.011705 0.020627
v -0.022700 0.011541 0.020506
v -0.022213 0.008480 0.021577
v -0.017852 0.003963 0.019240
v -0.020446 0.003614 0.018996
v -0.020360 0.002447 0.019053
v 0.009623 0.005992 0.022002
v 0.019891 -0.010318 0.022322
v -0.017633 0.002853 0.019503
v -0.017489 0.000517 0.019320
v 0.014062 -0.000049 0.018972
v 0.016936 -0.000026 0.019320
v 0.013298 0.000100 0.020068
v -0.005020 0.006656 0.022778
v 0.002832 0.005987 0.021063
v -0.019665 0.003726 0.020041
v 0.021240 0.003005 0.024034
v 0.012553 -0.000029 0.020506
v 0.019020 -0.000201 0.020656
v -0.016822 0.010049 0.022272
v -0.019749 0.003656 0.020807
v -0.019746 0.002126 0.022249
v -0.022114 0.002535 0.022099
v -0.018895 0.000444 0.020800
v -0.019475 0.000124 0.021875
v 0.020048 -0.000036 0.020303
v 0.013607 -0.000212 0.020419
v 0.019541 -0.010372 0.021655
v -0.012872 0.008453 0.022005
v 0.024063 0.007741 0.023219
v 0.018374 0.007074 0.022311
v -0.019560 0.002495 0.020281
v 0.021125 0.002609 0.023980
v -0.019408 0.001943 0.020491
v 0.022328 0.000993 0.021155
v -0.018917 0.000153 0.021127
v 0.022237 0.008234 0.022003
v -0.020045 0.011821 0.024770
v -0.021246 0.003877 0.023736
v -0.020361 0.001420 0.021922
v 0.019451 -0.000027 0.022736
v 0.024053 -0.009354 0.023767
v -0.022056 -0.007518 0.021954
v -0.021042 -0.008730 0.023498
v 0.023621 -0.010192 0.022427
v 0.000065 0.006280 0.022923
v -0.018649 0.002202 0.022579
v 0.017711 0.000112 0.023563
v 0.016130 0.006698 0.023824
v -0.002562 0.006349 0.022168
v 0.022097 0.000406 0.021536
v 0.022087 0.000294 0.023189
v 0.003330 0.006038 0.023693
v -0.017814 0.000327 0.022997
v 0.017023 -0.000210 0.023558
v -0.021019 -0.008172 0.024380
v 0.013663 0.006362 0.023500
v -0.018083 0.003391 0.024009
v -0.018781 0.003626 0.022303
v -0.018733 0.002774 0.022324
v -0.019045 0.000451 0.023181
v -0.008941 0.007385 0.023331
v 0.023941 0.002378 0.024361
v -0.017393 0.003209 0.023021
v -0.018437 0.002707 0.022880
v -0.017846 0.001823 0.024098
v 0.023745 -0.010221 0.024425
v 0.020165 -0.010376 0.024425
v -0.021176 0.011470 0.023983
v -0.017624 0.003777 0.023338
v 0.023758 0.003694 0.023193
v 0.016418 -0.000042 0.024916
v -0.016996 0.000217 0.024521
v 0.022974 0.008762 0.025680
v -0.013089 0.008902 0.025921
v 0.019791 0.007666 0.025261
v 0.008107 0.006248 0.024766
v 0.002784 0.006448 0.026390
v 0.023994 0.004589 0.023821
v -0.018237 0.002750 0.023390
v 0.022044 0.000713 0.025390
v -0.021197 -0.004605 0.023955
v 0.022992 -0.010431 0.023789
v -0.017501 0.003689 0.025481
v -0.004370 0.006663 0.024003
v -0.000069 0.006349 0.024907
v -0.020984 0.002626 0.024383
v -0.017378 0.002678 0.024490
v 0.021867 0.002118 0.025175
v 0.021878 0.000240 0.024887
v -0.017976 0.000798 0.024140
v 0.023518 0.007846 0.026376
v -0.015693 0.003826 0.026362
v -0.017289 0.001033 0.024674
v -0.019822 0.001143 0.026295
v -0.019375 -0.008470 0.026832
v 0.023541 0.003622 0.025653
v -0.015333 0.002978 0.026587
v 0.018446 -0.000050 0.024614
v 0.023179 -0.010045 0.025492
v -0.015863 0.010132 0.026539
v 0.023511 0.002258 0.026409
v 0.023582 -0.008822 0.026134
v -0.009946 0.007988 0.026215
v -0.019953 0.011186 0.026124
v -0.006163 0.007183 0.026081
v 0.014243 0.007049 0.027436
v -0.014583 0.003338 0.026613
v -0.017186 0.002674 0.025058
v -0.007486 -0.000043 0.024843
v -0.006572 -0.000037 0.025325
v -0.007847 0.000127 0.025571
v -0.013959 -0.000059 0.025245
v -0.015786 0.000163 0.025347
v -0.016255 0.000062 0.025429
v 0.018202 -0.000032 0.027057
v -0.007513 -0.000203 0.025920
v -0.019972 -0.008311 0.026126
v 0.022050 -0.010421 0.026884
v -0.018410 0.011690 0.027753
v 0.018716 0.007686 0.026981
v 0.008179 0.006346 0.025934
v -0.012389 -0.000016 0.025570
v -0.015364 0.000319 0.026598
v -0.016396 0.001507 0.026151
v 0.023400 0.008554 0.026270
v -0.000597 0.006770 0.026984
v -0.016753 0.003528 0.026515
v -0.016202 0.002662 0.026340
v -0.011102 0.000124 0.027927
v 0.023213 -0.010051 0.026644
v -0.018077 0.011620 0.028447
v 0.022737 0.004839 0.028674
v 0.023246 0.003736 0.026477
v -0.013846 0.003826 0.028505
v -0.015626 0.000432 0.027118
v -0.008200 -0.000033 0.028030
v -0.010741 -0.000039 0.028909
v -0.018710 0.003369 0.027905
v 0.020827 0.002032 0.027829
v 0.020798 0.000281 0.027407
v -0.011750 -0.000031 0.028475
v 0.021737 0.008821 0.028450
v -0.016184 0.003567 0.026991
v -0.015159 0.002701 0.027790
v -0.014677 0.000407 0.027405
v -0.015168 0.001174 0.027479
v 0.020381 0.000313 0.029300
v -0.018167 -0.007009 0.028648
v 0.022621 -0.004474 0.028908
v -0.009971 0.008605 0.028652
v 0.004599 0.007057 0.028929
v 0.022636 0.008199 0.028885
v 0.022889 0.003642 0.027659
v 0.022185 -0.010198 0.028084
v -0.004262 0.007523 0.028541
v 0.007688 0.007069 0.028897
v -0.015286 0.002230 0.027624
v 0.020460 0.001925 0.029403
v -0.014116 0.000037 0.027196
v 0.022534 -0.000302 0.029072
v -0.018225 -0.008517 0.027730
v 0.016868 0.007701 0.028489
v -0.013645 0.003363 0.027873
v -0.015802 0.003645 0.027966
v -0.013260 0.001746 0.029647
v 0.020781 0.001143 0.029060
v 0.019434 0.000291 0.028020
v 0.020146 0.000073 0.028097
v -0.017370 0.010417 0.029706
v -0.016036 0.011463 0.030381
v 0.022189 0.008619 0.029453
v -0.007232 0.008452 0.029957
v 0.022335 0.003857 0.028436
v 0.022215 0.003573 0.028242
v 0.021381 0.003398 0.027778
v 0.020366 0.003340 0.028095
v 0.019573 0.002445 0.028555
v -0.013743 0.000409 0.029126
v 0.019236 0.000827 0.028616
v -0.012656 0.000701 0.029670
v -0.013233 0.000342 0.028820
v 0.021949 0.003653 0.029814
v -0.014749 0.003362 0.028639
v 0.020180 0.003171 0.029032
v -0.017193 -0.000882 0.029838
v -0.017349 0.003874 0.029634
v 0.019270 0.002555 0.029253
v -0.012791 0.000284 0.029641
v 0.012249 0.007701 0.030055
v 0.019076 0.003673 0.029293
v -0.011216 0.003511 0.029999
v 0.019817 0.002936 0.028120
v -0.013091 0.002767 0.029198
v -0.013083 0.003705 0.030385
v -0.017689 -0.007874 0.029396
v 0.021934 -0.010029 0.030054
v -0.016867 0.011589 0.029992
v -0.012001 0.009858 0.030410
v 0.022135 0.004884 0.029932
v -0.010942 0.003226 0.030190
v 0.018368 0.002423 0.030230
v 0.018473 0.000269 0.028989
v 0.018083 -0.010369 0.033659
v 0.015528 -0.010373 0.033070
v -0.003567 0.008451 0.031244
v 0.021991 0.002947 0.030101
v -0.012957 0.000770 0.029820
v -0.015656 -0.008910 0.031120
v 0.021866 0.008346 0.030277
v 0.016634 0.008620 0.031038
v 0.017380 0.003811 0.031820
v -0.010755 0.003822 0.030976
v 0.018151 0.002870 0.030321
v 0.019482 0.000625 0.031033
v -0.010687 0.000254 0.030863
v 0.020612 -0.007695 0.032150
v 0.019874 0.008818 0.031864
v 0.007097 0.008003 0.031373
v 0.000179 0.008216 0.031451
v 0.021484 -0.000658 0.030857
v 0.014302 0.000068 0.034323
v -0.015201 0.010419 0.031862
v 0.021098 0.003806 0.030989
v -0.011818 0.002706 0.030718
v 0.017077 0.001270 0.031581
v -0.011551 0.000456 0.030889
v -0.015517 -0.008492 0.031528
v -0.012510 0.011578 0.033676
v -0.009633 0.010447 0.033022
v 0.020770 0.004774 0.031982
v 0.021070 0.003612 0.031274
v 0.017900 0.002501 0.030949
v 0.019245 0.002084 0.031119
v 0.020482 0.002674 0.032325
v -0.011881 0.001555 0.030695
v 0.016725 0.000270 0.033554
v -0.012273 -0.009170 0.032491
v 0.021269 -0.010125 0.031004
v -0.014675 0.011588 0.032130
v 0.010617 0.009066 0.033378
v 0.003595 0.008497 0.032422
v -0.008850 0.003244 0.031427
v -0.011118 0.003555 0.031604
v -0.014986 0.004009 0.031969
v 0.017438 0.002218 0.031413
v -0.015187 -0.003514 0.031847
v -0.001822 -0.009836 0.036877
v -0.003616 -0.009779 0.036800
v 0.017045 0.003360 0.031405
v -0.010662 0.002670 0.031452
v 0.015749 0.000303 0.031973
v -0.007343 0.010174 0.033486
v 0.020568 0.008513 0.032086
v 0.015841 0.002800 0.032697
v -0.010114 0.002675 0.031885
v -0.010363 0.000860 0.031606
v -0.013788 0.011557 0.032748
v 0.012497 0.008821 0.033040
v -0.007484 0.003365 0.032482
v -0.010613 0.003677 0.032271
v 0.019474 0.003648 0.033102
v 0.016519 0.002599 0.032067
v 0.015136 0.003294 0.031876
v -0.009242 0.002745 0.032396
v -0.009900 0.000526 0.031866
v 0.016538 0.000949 0.034010
v -0.008345 0.000367 0.032293
v -0.014083 -0.008830 0.032535
v -0.004746 0.010053 0.033971
v 0.020523 0.003780 0.032090
v 0.013008 0.003322 0.033173
v -0.008621 0.002716 0.032699
v 0.016747 0.001710 0.033826
v -0.009212 0.001143 0.032425
v -0.013974 -0.008475 0.032763
v -0.010973 0.011278 0.033692
v 0.013695 0.003673 0.033037
v -0.006839 0.003694 0.033881
v -0.008567 0.003723 0.033456
v 0.016112 0.002473 0.032630
v -0.006976 0.003028 0.033443
v -0.008007 0.002756 0.033034
v -0.013425 0.001945 0.033177
v 0.020007 -0.010146 0.032613
v -0.013612 0.010444 0.033065
v 0.018362 0.003810 0.034079
v 0.015224 0.002626 0.033040
v 0.015540 0.002093 0.034450
v -0.007824 0.001133 0.033119
v -0.006623 0.000216 0.033028
v -0.012188 -0.001763 0.034097
v 0.000215 -0.010050 0.037628
v 0.017998 0.004815 0.034791
v 0.014370 0.002608 0.033636
v 0.013422 0.001098 0.033920
v 0.013124 0.000240 0.033516
v -0.007220 0.001163 0.033339
v -0.009952 -0.009409 0.034844
v 0.017165 0.003800 0.035181
v -0.006826 0.000542 0.033434
v -0.004984 0.000246 0.033757
v -0.011979 -0.008339 0.034191
v 0.018136 -0.009548 0.034602
v 0.013084 -0.010354 0.033999
v -0.011533 0.011634 0.034265
v 0.018000 0.007955 0.034785
v -0.005856 0.003641 0.034187
v 0.018025 0.003709 0.034559
v 0.009359 0.003517 0.034326
v 0.009998 0.003184 0.034131
v 0.013809 0.002607 0.033938
v 0.017811 -0.003063 0.034902
v -0.005654 0.001084 0.034004
v 0.005913 0.009882 0.034757
v 0.000073 0.010491 0.035304
v -0.011978 0.003054 0.034203
v -0.010443 0.005529 0.035137
v 0.016487 0.003646 0.035593
v 0.011942 0.002822 0.034610
v 0.013101 0.002392 0.034318
v 0.014902 0.000290 0.034774
v -0.004639 0.001440 0.034347
v -0.006606 0.011708 0.035883
v 0.006281 0.010025 0.035190
v 0.012494 0.008849 0.036784
v 0.006881 0.003879 0.036196
v 0.012389 0.003148 0.035290
v 0.010480 0.001262 0.034901
v 0.010861 0.000269 0.034345
v -0.002061 0.000325 0.034401
v -0.003517 0.000946 0.034593
v 0.009997 0.000066 0.035180
v 0.017404 -0.010081 0.034632
v 0.016881 0.008518 0.035439
v -0.004309 0.003590 0.034541
v -0.003451 0.003071 0.034684
v -0.003871 0.003696 0.035004
v -0.009295 0.003707 0.035681
v 0.013604 0.002067 0.035465
v 0.008837 0.000378 0.034709
v 0.000093 0.000324 0.034736
v -0.001983 0.000876 0.034788
v 0.004381 0.000157 0.034930
v -0.009824 -0.002499 0.035443
v -0.009679 -0.008815 0.035593
v 0.004104 -0.010066 0.036146
v 0.016671 -0.010159 0.035546
v -0.010610 0.011483 0.035000
v 0.008033 0.003243 0.034996
v -0.001975 0.002859 0.034936
v -0.001102 0.003573 0.035279
v 0.010992 0.002426 0.034878
v 0.010601 0.002857 0.035190
v 0.012936 0.001697 0.035900
v 0.005348 0.001238 0.035018
v 0.000788 0.001298 0.035293
v 0.007603 0.000233 0.035036
v 0.016902 -0.009279 0.035546
v -0.007228 0.011244 0.036566
v 0.001841 0.011775 0.037318
v 0.015319 0.007787 0.036456
v 0.012206 0.003821 0.037395
v 0.004794 0.003780 0.035467
v 0.002838 0.003346 0.035183
v 0.001271 0.002979 0.035252
v 0.006056 0.002870 0.035206
v 0.009374 0.002749 0.035195
v 0.008880 0.002109 0.035208
v 0.006881 0.001706 0.035267
v 0.002897 0.002868 0.035231
v 0.006862 0.002511 0.035196
v 0.009095 0.002167 0.035529
v 0.002600 0.001369 0.035261
v 0.016504 0.001192 0.035751
v 0.013073 0.001090 0.035904
v 0.001690 0.000662 0.035276
v 0.009509 0.000286 0.035727
v -0.009810 -0.005904 0.035443
v 0.014142 -0.010326 0.036379
v 0.012515 -0.010146 0.036067
v 0.008511 -0.010238 0.036917
v 0.001916 0.003637 0.035425
v 0.004911 0.002990 0.035463
v 0.004539 0.003506 0.035649
v 0.007444 0.003133 0.035901
v 0.015369 0.002847 0.036472
v 0.008159 0.002124 0.035461
v 0.006876 0.000891 0.035335
v 0.003504 0.010961 0.036441
v 0.012380 0.000372 0.035857
v -0.007012 0.001545 0.036636
v 0.015296 -0.010085 0.036412
v -0.007438 -0.009223 0.036092
v -0.007161 0.011653 0.036426
v 0.013810 0.008535 0.036982
v 0.010729 0.003807 0.037651
v 0.010694 0.001700 0.036214
v 0.015333 -0.002451 0.036433
v -0.007040 -0.008347 0.036671
v -0.006219 -0.009624 0.036342
v 0.012837 -0.009722 0.037084
v -0.003395 0.011847 0.036931
v 0.013794 0.004378 0.037099
v 0.012377 0.003298 0.037554
v 0.006096 0.003692 0.037554
v 0.010987 -0.010376 0.037377
v 0.006078 0.010111 0.037838
v 0.011605 0.008799 0.037611
v 0.009028 0.003664 0.038046
v 0.010995 0.003574 0.037443
v -0.005072 -0.009094 0.036836
v 0.011648 -0.009528 0.037766
v -0.005190 0.003764 0.037188
v 0.008466 0.003692 0.038062
v 0.007577 0.003848 0.037851
v -0.005384 -0.006393 0.037162
v 0.011975 -0.003923 0.037713
v -0.004090 -0.009181 0.037419
v 0.009013 -0.010066 0.037942
v 0.007960 -0.009671 0.037668
v -0.001238 -0.009672 0.037411
v -0.002617 0.011639 0.037690
v 0.001839 0.011670 0.037944
v -0.003142 0.011281 0.037739
v 0.011979 0.002572 0.037748
v -0.003134 -0.002338 0.037716
v -0.002353 -0.009529 0.037679
v 0.009769 0.009166 0.037972
v 0.011677 0.008157 0.037748
v -0.003054 0.003646 0.037683
v 0.011455 0.004252 0.037802
v -0.002872 -0.005169 0.037769
v -0.001075 -0.008243 0.037726
v 0.011435 -0.010154 0.037673
v 0.005234 -0.009473 0.037988
v 0.003489 -0.009885 0.037899
v -0.001507 0.011076 0.037958
v 0.001347 0.011372 0.038153
v -0.001514 0.004857 0.037920
v 0.009323 0.004863 0.038207
v 0.000394 0.002420 0.038192
v 0.009334 0.002417 0.038193
v 0.009617 -0.005660 0.038131
v 0.006266 -0.006830 0.038169
v 0.000088 0.009539 0.038187
v 0.007122 0.009434 0.038144
v 0.007182 0.004596 0.038199
v 0.007150 0.003021 0.038170
v 0.000405 -0.009275 0.038173

g grp1
usemtl mtl1
f 1 2 3 
f 4 1 3 
f 2 5 3 
f 3 5 6 
f 3 6 7 
f 4 3 8 
f 7 6 9 
f 4 8 10 
f 11 3 7 
f 11 7 12 
f 12 7 13 
f 11 12 14 
f 15 11 14 
f 15 16 11 
f 14 12 17 
f 3 11 18 
f 12 19 17 
f 16 14 17 
f 11 16 18 
f 17 19 20 
f 16 17 18 
f 3 18 21 
f 18 17 21 
f 22 3 21 
f 23 24 8 
f 3 22 25 
f 8 3 25 
f 17 20 26 
f 21 17 26 
f 23 8 25 
f 26 20 27 
f 28 21 29 
f 22 21 28 
f 30 21 26 
f 30 29 21 
f 26 27 31 
f 25 22 32 
f 25 32 33 
f 34 26 31 
f 2 35 36 
f 1 35 2 
f 6 37 9 
f 10 38 4 
f 7 9 13 
f 12 13 39 
f 12 39 13 
f 19 12 13 
f 39 20 19 
f 16 40 14 
f 39 41 42 
f 20 39 42 
f 10 8 24 
f 20 42 27 
f 43 24 23 
f 44 27 42 
f 23 25 43 
f 43 25 33 
f 27 45 31 
f 22 28 46 
f 32 22 46 
f 43 33 47 
f 32 46 33 
f 1 48 35 
f 48 1 4 
f 48 4 38 
f 49 6 5 
f 6 49 37 
f 9 50 13 
f 13 50 41 
f 51 41 50 
f 13 41 51 
f 19 13 40 
f 42 41 52 
f 27 44 45 
f 30 26 53 
f 29 54 28 
f 26 34 53 
f 46 28 54 
f 31 55 34 
f 9 37 56 
f 56 50 9 
f 40 13 15 
f 14 40 15 
f 16 15 57 
f 41 51 39 
f 41 39 51 
f 40 16 19 
f 52 41 58 
f 24 43 59 
f 29 30 54 
f 54 30 53 
f 43 47 60 
f 59 43 60 
f 33 46 61 
f 33 61 62 
f 62 47 33 
f 46 54 63 
f 63 61 46 
f 48 36 35 
f 48 64 36 
f 65 48 38 
f 37 49 66 
f 67 38 10 
f 68 67 10 
f 69 58 50 
f 50 58 51 
f 15 13 70 
f 58 41 71 
f 41 39 71 
f 58 72 52 
f 68 10 73 
f 73 10 24 
f 52 44 42 
f 74 59 60 
f 31 45 55 
f 53 34 75 
f 34 55 75 
f 64 76 36 
f 67 65 38 
f 77 2 36 
f 5 2 78 
f 49 5 79 
f 56 37 80 
f 81 50 56 
f 69 50 81 
f 57 15 70 
f 57 82 16 
f 71 72 58 
f 19 71 39 
f 83 71 19 
f 16 83 19 
f 52 72 44 
f 24 59 84 
f 73 24 84 
f 59 74 84 
f 44 85 45 
f 60 47 86 
f 45 85 55 
f 54 53 75 
f 54 75 63 
f 67 87 65 
f 2 77 78 
f 5 78 79 
f 37 66 80 
f 81 56 80 
f 58 69 51 
f 13 51 70 
f 88 72 71 
f 16 82 83 
f 89 90 91 
f 91 92 89 
f 93 68 73 
f 93 73 94 
f 92 95 89 
f 96 97 89 
f 96 89 95 
f 44 72 98 
f 85 44 98 
f 74 99 84 
f 74 60 100 
f 64 48 101 
f 101 48 65 
f 77 36 102 
f 103 66 49 
f 69 81 88 
f 57 70 104 
f 57 104 82 
f 89 105 90 
f 106 92 91 
f 95 92 106 
f 97 107 89 
f 96 107 97 
f 108 84 99 
f 60 86 100 
f 99 74 100 
f 61 109 62 
f 87 110 65 
f 102 36 111 
f 78 77 102 
f 76 111 36 
f 80 112 81 
f 88 81 113 
f 88 113 114 
f 69 88 51 
f 70 115 104 
f 88 113 72 
f 116 72 113 
f 117 71 83 
f 91 117 83 
f 82 115 83 
f 104 115 82 
f 90 117 91 
f 89 107 105 
f 96 118 107 
f 95 119 96 
f 73 84 94 
f 98 120 85 
f 120 121 85 
f 110 101 65 
f 66 122 80 
f 87 67 68 
f 112 123 81 
f 81 123 114 
f 81 114 113 
f 88 114 51 
f 115 70 124 
f 125 126 127 
f 128 129 71 
f 128 71 130 
f 130 71 117 
f 131 91 83 
f 83 115 131 
f 90 132 130 
f 130 117 90 
f 133 134 125 
f 127 133 125 
f 106 91 135 
f 106 135 119 
f 135 136 119 
f 119 136 133 
f 136 134 133 
f 106 119 95 
f 96 137 118 
f 133 138 119 
f 72 116 98 
f 116 139 98 
f 94 84 108 
f 98 139 120 
f 61 63 109 
f 55 85 121 
f 87 68 140 
f 68 93 140 
f 126 125 127 
f 141 126 142 
f 117 131 143 
f 127 125 134 
f 105 144 90 
f 144 145 90 
f 90 146 132 
f 147 117 130 
f 131 117 135 
f 131 135 91 
f 93 94 140 
f 135 117 147 
f 133 127 134 
f 105 107 148 
f 135 147 137 
f 136 135 149 
f 150 134 136 
f 133 134 150 
f 133 150 138 
f 107 118 151 
f 119 137 96 
f 119 152 137 
f 119 153 152 
f 119 138 153 
f 154 155 138 
f 156 108 99 
f 99 100 156 
f 157 120 158 
f 120 157 121 
f 102 111 159 
f 49 79 103 
f 112 80 160 
f 160 80 122 
f 122 66 161 
f 142 162 163 
f 142 126 141 
f 128 130 132 
f 117 143 130 
f 131 115 143 
f 90 145 164 
f 90 164 146 
f 130 132 147 
f 137 149 135 
f 138 150 154 
f 165 154 166 
f 148 107 151 
f 136 149 153 
f 150 136 153 
f 165 155 154 
f 137 167 118 
f 138 150 153 
f 155 150 138 
f 168 94 108 
f 139 158 120 
f 169 101 110 
f 101 170 64 
f 171 123 112 
f 87 140 172 
f 123 173 114 
f 51 114 70 
f 70 174 175 
f 142 163 162 
f 113 176 177 
f 143 115 124 
f 116 113 177 
f 71 129 88 
f 129 146 164 
f 129 128 146 
f 128 132 143 
f 130 143 132 
f 132 146 147 
f 148 144 105 
f 178 137 147 
f 165 166 155 
f 137 178 167 
f 137 152 149 
f 152 179 149 
f 149 179 153 
f 166 154 150 
f 155 166 150 
f 153 179 152 
f 94 168 180 
f 76 64 170 
f 159 78 102 
f 160 171 112 
f 70 114 174 
f 70 175 124 
f 88 176 113 
f 181 116 177 
f 164 182 129 
f 128 164 146 
f 146 164 147 
f 166 183 184 
f 183 185 184 
f 186 116 181 
f 184 155 166 
f 185 155 184 
f 167 178 118 
f 116 186 139 
f 187 139 186 
f 187 158 139 
f 108 156 188 
f 55 121 189 
f 169 190 101 
f 190 170 101 
f 110 87 191 
f 111 76 170 
f 79 78 192 
f 159 111 193 
f 79 192 103 
f 171 160 123 
f 194 162 195 
f 124 175 143 
f 129 196 88 
f 197 162 194 
f 145 144 182 
f 164 145 182 
f 164 198 147 
f 140 94 180 
f 178 147 198 
f 155 199 166 
f 158 200 157 
f 75 55 189 
f 110 191 169 
f 191 87 201 
f 173 202 114 
f 197 195 162 
f 203 204 194 
f 143 175 205 
f 197 194 204 
f 129 182 206 
f 128 205 164 
f 205 128 143 
f 144 206 182 
f 182 198 164 
f 207 144 148 
f 183 199 185 
f 208 178 209 
f 199 183 166 
f 181 210 186 
f 185 199 155 
f 151 118 211 
f 178 208 118 
f 186 210 187 
f 212 187 210 
f 212 158 187 
f 86 47 213 
f 109 63 214 
f 109 215 62 
f 216 78 159 
f 122 161 160 
f 161 66 217 
f 66 103 217 
f 87 172 201 
f 123 160 218 
f 140 219 172 
f 175 220 205 
f 88 196 221 
f 206 196 129 
f 164 205 182 
f 207 222 144 
f 209 178 198 
f 151 223 148 
f 151 211 223 
f 224 180 168 
f 108 188 225 
f 226 47 62 
f 189 227 75 
f 228 193 111 
f 170 228 111 
f 103 192 217 
f 192 78 216 
f 175 174 220 
f 195 229 230 
f 194 195 230 
f 182 205 206 
f 204 231 197 
f 206 144 232 
f 198 182 206 
f 211 208 209 
f 233 234 185 
f 234 199 185 
f 118 235 211 
f 118 208 235 
f 168 108 236 
f 236 108 225 
f 86 237 100 
f 121 157 189 
f 201 238 191 
f 239 170 190 
f 170 239 240 
f 170 240 228 
f 241 216 159 
f 193 241 159 
f 201 172 219 
f 173 123 218 
f 197 229 195 
f 177 176 242 
f 232 196 206 
f 222 243 144 
f 198 206 232 
f 244 207 148 
f 199 233 185 
f 148 223 244 
f 156 100 245 
f 212 246 158 
f 246 200 158 
f 200 247 189 
f 157 200 189 
f 248 214 63 
f 218 160 249 
f 249 160 161 
f 192 250 217 
f 202 173 242 
f 114 202 174 
f 251 252 203 
f 206 253 232 
f 253 206 205 
f 203 231 204 
f 203 252 231 
f 242 181 177 
f 232 144 254 
f 144 243 254 
f 219 140 180 
f 181 255 210 
f 198 256 209 
f 233 257 234 
f 257 258 234 
f 233 199 257 
f 224 219 180 
f 188 259 260 
f 200 246 247 
f 191 261 169 
f 261 191 238 
f 174 262 220 
f 263 230 229 
f 181 242 255 
f 232 254 196 
f 232 253 254 
f 197 231 229 
f 232 256 198 
f 264 234 258 
f 211 209 223 
f 235 208 211 
f 255 212 210 
f 168 265 224 
f 173 218 266 
f 242 173 266 
f 242 267 202 
f 251 203 268 
f 203 194 268 
f 176 267 242 
f 88 221 176 
f 205 220 253 
f 254 269 196 
f 269 254 253 
f 252 270 231 
f 231 270 229 
f 243 269 254 
f 254 256 232 
f 258 257 271 
f 265 168 272 
f 236 272 168 
f 225 188 260 
f 212 273 246 
f 169 261 190 
f 250 192 216 
f 266 267 242 
f 194 230 268 
f 242 267 255 
f 176 221 267 
f 262 253 220 
f 270 274 229 
f 251 270 252 
f 269 243 254 
f 254 243 256 
f 275 258 271 
f 275 264 258 
f 257 199 271 
f 264 271 234 
f 234 271 199 
f 224 265 219 
f 272 236 225 
f 267 276 255 
f 253 262 269 
f 274 263 229 
f 221 196 269 
f 222 277 278 
f 222 278 243 
f 278 279 243 
f 256 280 209 
f 244 223 281 
f 223 209 281 
f 255 273 212 
f 282 246 273 
f 283 190 261 
f 284 239 190 
f 285 218 249 
f 193 228 286 
f 240 286 228 
f 241 193 286 
f 218 285 266 
f 202 267 174 
f 287 267 221 
f 276 267 287 
f 221 269 262 
f 288 270 251 
f 269 243 279 
f 243 269 279 
f 256 243 279 
f 271 264 275 
f 276 289 255 
f 209 280 281 
f 265 290 219 
f 273 255 289 
f 201 291 238 
f 292 250 216 
f 241 293 216 
f 267 287 294 
f 295 221 262 
f 219 296 297 
f 298 256 279 
f 299 264 271 
f 207 244 300 
f 244 281 300 
f 289 301 273 
f 238 291 261 
f 249 302 303 
f 249 161 302 
f 285 249 303 
f 266 294 267 
f 294 287 267 
f 268 230 263 
f 287 221 304 
f 251 305 288 
f 221 295 279 
f 288 274 270 
f 306 288 307 
f 299 306 307 
f 207 277 222 
f 264 299 308 
f 296 219 290 
f 283 284 190 
f 309 240 239 
f 310 293 241 
f 286 310 241 
f 285 311 266 
f 267 294 174 
f 251 268 305 
f 305 307 288 
f 304 221 279 
f 307 288 299 
f 295 298 279 
f 288 306 299 
f 277 207 312 
f 313 299 271 
f 300 281 314 
f 272 225 315 
f 261 291 316 
f 297 201 219 
f 309 239 284 
f 262 174 317 
f 268 263 318 
f 262 304 295 
f 288 307 274 
f 304 279 295 
f 297 296 290 
f 279 278 295 
f 299 313 308 
f 300 312 207 
f 280 256 319 
f 264 320 271 
f 301 282 273 
f 316 283 261 
f 201 321 291 
f 297 321 201 
f 240 309 286 
f 292 322 250 
f 216 293 292 
f 287 323 276 
f 307 324 274 
f 305 324 307 
f 325 295 278 
f 325 298 295 
f 256 298 319 
f 281 319 314 
f 319 281 280 
f 272 326 265 
f 245 188 156 
f 282 327 246 
f 246 327 247 
f 217 328 161 
f 266 323 294 
f 329 262 317 
f 262 329 304 
f 325 330 304 
f 329 325 304 
f 277 325 278 
f 298 278 325 
f 278 298 325 
f 276 331 289 
f 331 301 289 
f 290 265 326 
f 332 272 315 
f 291 321 316 
f 303 311 285 
f 333 217 250 
f 250 322 333 
f 174 294 317 
f 334 268 318 
f 287 335 323 
f 287 304 335 
f 263 274 336 
f 323 331 276 
f 300 314 312 
f 301 337 282 
f 286 309 338 
f 286 339 310 
f 340 266 341 
f 340 323 266 
f 317 294 323 
f 304 330 317 
f 324 342 274 
f 325 277 343 
f 329 330 325 
f 325 343 298 
f 313 344 308 
f 313 271 344 
f 344 271 345 
f 308 320 264 
f 259 346 260 
f 247 347 189 
f 283 316 348 
f 348 284 283 
f 161 328 302 
f 310 349 293 
f 311 341 266 
f 305 268 334 
f 323 335 317 
f 323 340 331 
f 317 335 304 
f 305 342 324 
f 277 312 350 
f 314 298 343 
f 344 320 308 
f 314 319 298 
f 326 351 290 
f 331 337 301 
f 332 326 272 
f 247 327 347 
f 316 321 352 
f 338 339 286 
f 353 321 297 
f 305 354 342 
f 334 354 305 
f 330 355 317 
f 290 353 297 
f 351 353 290 
f 320 344 354 
f 282 337 327 
f 316 352 356 
f 303 302 357 
f 328 217 333 
f 309 284 358 
f 359 321 353 
f 309 358 338 
f 292 360 322 
f 292 293 349 
f 263 336 318 
f 355 329 317 
f 354 344 361 
f 361 344 345 
f 271 320 345 
f 326 332 362 
f 352 321 359 
f 310 363 349 
f 310 339 363 
f 329 355 330 
f 336 274 342 
f 364 365 343 
f 354 361 320 
f 343 365 314 
f 337 366 327 
f 357 367 303 
f 367 311 303 
f 360 292 349 
f 341 368 340 
f 331 340 368 
f 368 369 331 
f 336 342 370 
f 334 342 354 
f 365 312 314 
f 331 369 337 
f 315 371 372 
f 302 373 357 
f 302 328 373 
f 374 363 339 
f 339 338 374 
f 375 376 334 
f 376 342 334 
f 277 364 343 
f 361 377 320 
f 377 378 320 
f 351 326 362 
f 327 366 347 
f 316 356 379 
f 316 379 380 
f 316 380 348 
f 348 381 284 
f 333 382 328 
f 381 358 284 
f 383 336 370 
f 312 365 350 
f 369 384 337 
f 332 315 372 
f 362 332 385 
f 385 332 372 
f 259 188 386 
f 225 260 346 
f 328 382 373 
f 311 387 341 
f 383 318 336 
f 355 388 389 
f 350 364 277 
f 377 361 345 
f 390 353 351 
f 320 378 345 
f 390 351 362 
f 384 391 337 
f 337 391 366 
f 189 347 227 
f 227 392 75 
f 393 348 380 
f 358 394 338 
f 349 395 360 
f 375 396 376 
f 355 389 388 
f 377 345 397 
f 322 398 333 
f 395 349 399 
f 334 318 375 
f 375 400 396 
f 376 396 342 
f 350 401 364 
f 377 397 378 
f 225 402 315 
f 322 360 398 
f 375 318 400 
f 403 353 390 
f 350 365 404 
f 345 405 397 
f 366 406 347 
f 352 407 356 
f 407 352 359 
f 407 359 408 
f 393 381 348 
f 403 408 359 
f 359 353 403 
f 387 367 409 
f 381 410 358 
f 367 387 311 
f 338 394 374 
f 349 363 411 
f 363 412 411 
f 341 387 368 
f 369 368 413 
f 414 415 397 
f 415 397 405 
f 397 415 414 
f 345 378 405 
f 414 378 397 
f 362 385 416 
f 358 410 394 
f 398 360 417 
f 360 418 417 
f 374 394 419 
f 349 411 399 
f 400 420 396 
f 396 420 342 
f 397 415 420 
f 364 404 365 
f 350 404 401 
f 421 422 423 
f 366 391 406 
f 380 379 424 
f 367 425 409 
f 333 398 382 
f 387 426 368 
f 342 420 370 
f 423 427 428 
f 423 428 421 
f 423 422 427 
f 369 413 384 
f 413 429 384 
f 390 362 416 
f 63 430 248 
f 380 424 393 
f 367 357 425 
f 395 418 360 
f 411 431 399 
f 318 383 432 
f 400 318 432 
f 426 413 368 
f 383 370 433 
f 400 434 420 
f 434 420 415 
f 420 414 397 
f 401 404 364 
f 407 435 356 
f 357 436 425 
f 382 437 373 
f 433 434 400 
f 420 434 370 
f 434 438 420 
f 434 415 438 
f 414 420 439 
f 440 438 415 
f 416 403 390 
f 347 406 227 
f 436 357 373 
f 441 410 381 
f 363 442 412 
f 374 442 363 
f 411 443 431 
f 433 400 432 
f 383 433 432 
f 370 434 433 
f 438 434 433 
f 420 438 439 
f 444 445 401 
f 391 384 446 
f 391 446 406 
f 447 379 356 
f 408 448 407 
f 393 441 381 
f 449 408 403 
f 374 419 442 
f 412 450 411 
f 434 438 433 
f 364 401 451 
f 364 444 401 
f 435 407 448 
f 447 424 379 
f 437 436 373 
f 410 441 452 
f 394 410 453 
f 399 454 395 
f 438 455 439 
f 456 414 439 
f 444 457 445 
f 405 378 458 
f 414 456 378 
f 422 459 427 
f 460 403 416 
f 356 435 461 
f 382 398 462 
f 410 452 453 
f 454 399 431 
f 412 442 450 
f 450 443 411 
f 401 445 451 
f 364 451 444 
f 440 455 438 
f 415 405 440 
f 427 459 428 
f 449 463 408 
f 382 462 437 
f 394 453 419 
f 395 464 418 
f 432 433 465 
f 439 466 456 
f 456 467 378 
f 422 421 459 
f 406 446 227 
f 356 461 447 
f 448 408 463 
f 393 424 441 
f 426 468 413 
f 405 458 440 
f 421 428 459 
f 378 467 458 
f 413 468 429 
f 460 416 469 
f 418 464 417 
f 419 453 442 
f 426 470 468 
f 433 432 465 
f 471 388 472 
f 441 424 473 
f 432 474 465 
f 475 455 440 
f 476 466 439 
f 385 372 477 
f 477 416 385 
f 384 478 446 
f 473 479 441 
f 425 480 409 
f 481 463 449 
f 395 454 464 
f 432 465 482 
f 432 482 474 
f 403 460 483 
f 439 455 475 
f 477 469 416 
f 384 484 478 
f 441 479 452 
f 398 417 485 
f 450 486 443 
f 465 474 487 
f 465 487 482 
f 449 403 483 
f 475 482 487 
f 482 475 440 
f 440 488 482 
f 458 488 440 
f 458 489 488 
f 448 490 435 
f 447 473 424 
f 431 443 486 
f 442 486 450 
f 387 409 426 
f 426 409 470 
f 388 491 472 
f 488 492 482 
f 439 475 493 
f 445 494 451 
f 476 439 493 
f 458 467 489 
f 384 429 484 
f 454 495 464 
f 496 474 492 
f 492 474 482 
f 497 474 498 
f 475 487 493 
f 499 492 488 
f 488 489 499 
f 452 479 500 
f 398 485 462 
f 452 500 453 
f 417 501 485 
f 464 501 417 
f 492 502 496 
f 474 496 498 
f 470 409 468 
f 497 487 474 
f 466 503 456 
f 483 460 469 
f 477 372 504 
f 447 461 473 
f 473 505 479 
f 453 506 442 
f 431 495 454 
f 442 506 486 
f 492 507 502 
f 496 497 498 
f 497 496 508 
f 471 491 388 
f 483 509 449 
f 510 493 487 
f 510 487 511 
f 489 512 499 
f 437 462 436 
f 506 453 513 
f 431 486 495 
f 507 492 514 
f 497 508 487 
f 492 499 514 
f 487 508 511 
f 514 499 515 
f 489 510 511 
f 499 512 515 
f 510 489 516 
f 489 467 516 
f 448 517 490 
f 500 479 518 
f 453 500 513 
f 498 497 519 
f 497 498 519 
f 511 508 520 
f 476 503 466 
f 445 457 521 
f 516 493 510 
f 489 511 522 
f 504 372 523 
f 463 517 448 
f 473 461 505 
f 462 485 524 
f 495 501 464 
f 496 502 525 
f 508 496 520 
f 451 494 526 
f 527 476 493 
f 520 522 511 
f 494 445 521 
f 444 521 457 
f 514 515 528 
f 522 512 489 
f 512 529 515 
f 469 530 483 
f 446 531 227 
f 462 524 436 
f 486 532 495 
f 533 498 519 
f 493 516 534 
f 515 529 528 
f 456 503 467 
f 372 535 523 
f 461 435 536 
f 496 537 520 
f 451 526 444 
f 509 483 530 
f 446 478 538 
f 539 517 463 
f 479 505 540 
f 518 479 540 
f 495 532 541 
f 519 498 533 
f 469 477 542 
f 523 543 504 
f 461 544 505 
f 500 518 513 
f 449 509 545 
f 546 476 527 
f 444 547 521 
f 461 536 544 
f 517 548 490 
f 463 481 539 
f 495 541 501 
f 506 549 486 
f 481 449 539 
f 409 480 468 
f 550 449 551 
f 494 521 552 
f 507 514 528 
f 542 477 504 
f 524 553 436 
f 485 553 524 
f 513 549 506 
f 486 549 532 
f 532 549 554 
f 550 539 449 
f 552 521 547 
f 522 555 512 
f 512 555 529 
f 372 371 556 
f 501 541 557 
f 551 449 545 
f 520 558 522 
f 503 476 546 
f 559 513 518 
f 501 557 485 
f 541 560 557 
f 496 525 561 
f 496 561 537 
f 526 547 444 
f 493 534 527 
f 558 555 522 
f 530 469 542 
f 535 372 562 
f 484 538 478 
f 446 538 531 
f 505 544 540 
f 485 557 553 
f 549 513 563 
f 471 564 565 
f 565 491 471 
f 545 509 566 
f 540 544 567 
f 540 559 518 
f 563 513 559 
f 568 525 502 
f 502 507 568 
f 566 509 530 
f 526 569 547 
f 507 528 570 
f 503 546 571 
f 516 467 572 
f 554 541 532 
f 573 574 468 
f 564 471 472 
f 520 537 558 
f 540 575 559 
f 425 436 480 
f 559 576 563 
f 549 563 554 
f 541 577 560 
f 550 551 578 
f 568 507 570 
f 579 552 547 
f 467 503 580 
f 542 504 581 
f 575 540 567 
f 436 582 480 
f 553 582 436 
f 557 560 553 
f 480 573 468 
f 568 561 525 
f 545 578 551 
f 583 491 584 
f 565 564 472 
f 494 552 526 
f 585 579 547 
f 569 585 547 
f 552 579 586 
f 529 570 528 
f 468 484 429 
f 563 587 554 
f 554 577 541 
f 584 574 583 
f 574 584 588 
f 565 491 583 
f 588 573 574 
f 574 573 468 
f 491 565 472 
f 472 585 491 
f 491 585 472 
f 516 572 534 
f 553 589 582 
f 576 559 575 
f 578 590 550 
f 573 591 574 
f 565 583 491 
f 584 491 588 
f 569 526 592 
f 569 592 585 
f 546 593 571 
f 585 594 579 
f 595 544 536 
f 596 517 539 
f 560 589 553 
f 574 591 597 
f 574 597 583 
f 566 578 545 
f 588 591 573 
f 583 598 491 
f 598 592 491 
f 599 546 527 
f 599 527 534 
f 552 586 526 
f 579 600 586 
f 579 594 600 
f 467 580 572 
f 601 602 603 
f 530 542 566 
f 566 542 581 
f 581 504 543 
f 538 604 531 
f 595 567 544 
f 605 491 592 
f 606 592 526 
f 592 594 585 
f 607 592 605 
f 594 592 607 
f 600 526 586 
f 571 608 503 
f 609 610 611 
f 608 580 503 
f 517 596 548 
f 480 582 612 
f 560 577 613 
f 480 612 573 
f 561 614 537 
f 491 605 588 
f 573 615 468 
f 598 605 592 
f 592 607 605 
f 606 526 600 
f 599 534 616 
f 615 484 468 
f 617 612 582 
f 589 560 613 
f 577 554 618 
f 539 550 619 
f 568 620 561 
f 591 588 621 
f 614 622 537 
f 622 558 537 
f 594 607 623 
f 558 624 555 
f 610 609 611 
f 484 604 538 
f 536 625 595 
f 596 539 619 
f 618 554 587 
f 583 597 598 
f 626 605 598 
f 605 626 627 
f 607 592 627 
f 593 546 599 
f 622 624 558 
f 607 627 623 
f 534 572 616 
f 594 628 600 
f 594 623 628 
f 601 603 602 
f 570 529 629 
f 555 630 529 
f 618 613 577 
f 631 626 598 
f 606 626 592 
f 626 627 592 
f 626 623 627 
f 606 600 628 
f 628 626 606 
f 624 630 555 
f 615 632 484 
f 484 632 604 
f 392 227 531 
f 575 567 595 
f 619 550 590 
f 612 633 573 
f 614 561 634 
f 591 621 597 
f 635 636 637 
f 615 573 633 
f 638 627 626 
f 631 638 626 
f 637 638 631 
f 623 626 628 
f 632 615 633 
f 639 435 490 
f 613 640 589 
f 582 641 617 
f 617 642 612 
f 612 642 633 
f 631 598 597 
f 631 597 637 
f 635 643 644 
f 588 605 621 
f 637 636 635 
f 644 635 636 
f 644 636 635 
f 605 627 645 
f 646 587 576 
f 563 576 587 
f 620 568 647 
f 648 638 637 
f 627 638 645 
f 649 650 566 
f 633 651 632 
f 572 580 652 
f 566 581 653 
f 632 654 604 
f 604 655 531 
f 640 656 589 
f 642 657 633 
f 597 621 658 
f 637 597 648 
f 650 578 566 
f 643 635 644 
f 568 570 659 
f 654 632 651 
f 576 575 660 
f 596 661 548 
f 617 662 642 
f 663 633 657 
f 578 650 590 
f 664 643 665 
f 651 633 663 
f 666 664 667 
f 667 664 666 
f 531 668 392 
f 618 587 669 
f 618 640 613 
f 662 617 641 
f 589 656 582 
f 670 642 662 
f 657 642 670 
f 634 561 671 
f 657 670 663 
f 597 658 672 
f 605 645 621 
f 643 664 673 
f 572 652 616 
f 543 674 581 
f 654 655 604 
f 595 625 660 
f 640 618 669 
f 646 669 587 
f 582 656 641 
f 561 620 671 
f 648 597 672 
f 643 675 665 
f 645 638 672 
f 672 638 648 
f 643 673 675 
f 665 667 664 
f 659 647 568 
f 664 667 673 
f 593 676 571 
f 570 629 659 
f 531 655 677 
f 576 660 646 
f 656 678 641 
f 670 662 679 
f 619 590 680 
f 645 658 621 
f 681 651 663 
f 654 651 681 
f 682 655 654 
f 682 677 655 
f 575 595 660 
f 656 640 683 
f 662 641 679 
f 658 670 679 
f 670 684 663 
f 658 645 672 
f 685 675 673 
f 673 665 685 
f 667 665 673 
f 580 686 652 
f 649 566 687 
f 668 531 677 
f 656 688 678 
f 678 679 641 
f 665 675 689 
f 690 590 650 
f 684 681 663 
f 630 691 529 
f 653 687 566 
f 681 692 654 
f 692 682 654 
f 692 693 682 
f 660 694 646 
f 596 619 695 
f 683 688 656 
f 696 679 678 
f 688 696 678 
f 688 697 696 
f 698 699 688 
f 696 700 679 
f 688 699 697 
f 679 700 658 
f 696 701 700 
f 697 701 696 
f 658 700 672 
f 702 701 697 
f 699 702 697 
f 670 658 684 
f 684 658 672 
f 700 684 672 
f 702 703 701 
f 634 622 614 
f 665 689 685 
f 704 593 599 
f 676 593 704 
f 616 705 599 
f 608 571 676 
f 705 616 652 
f 529 691 629 
f 668 677 706 
f 640 669 683 
f 707 688 683 
f 698 688 707 
f 699 698 708 
f 590 690 680 
f 702 699 708 
f 701 684 700 
f 701 703 684 
f 709 710 711 
f 685 712 675 
f 713 681 684 
f 713 714 681 
f 705 652 686 
f 630 624 691 
f 693 714 713 
f 681 714 692 
f 714 693 692 
f 581 674 653 
f 677 682 693 
f 707 715 698 
f 708 698 715 
f 703 716 684 
f 708 717 702 
f 712 689 675 
f 716 713 684 
f 712 685 689 
f 716 718 713 
f 718 719 713 
f 719 720 713 
f 720 693 713 
f 677 693 706 
f 720 706 693 
f 668 706 721 
f 668 721 722 
f 722 392 668 
f 723 683 669 
f 723 707 683 
f 724 622 634 
f 702 717 703 
f 710 709 711 
f 622 725 624 
f 676 726 608 
f 659 629 727 
f 629 728 727 
f 691 728 629 
f 580 608 686 
f 729 720 719 
f 720 721 706 
f 392 722 730 
f 731 716 703 
f 704 599 732 
f 686 733 705 
f 718 729 719 
f 646 694 734 
f 596 695 661 
f 707 723 735 
f 735 715 707 
f 715 736 708 
f 708 736 717 
f 690 650 649 
f 716 737 718 
f 738 712 689 
f 739 725 622 
f 686 705 733 
f 733 691 624 
f 740 687 653 
f 741 720 729 
f 741 721 720 
f 722 721 741 
f 75 392 742 
f 694 660 743 
f 619 680 695 
f 695 680 690 
f 736 715 744 
f 717 745 703 
f 724 739 622 
f 737 729 718 
f 649 687 740 
f 674 740 653 
f 735 744 715 
f 712 738 689 
f 746 738 689 
f 690 649 747 
f 747 649 740 
f 705 686 748 
f 737 749 729 
f 624 725 733 
f 634 671 724 
f 750 731 703 
f 710 751 752 
f 716 731 753 
f 746 689 738 
f 753 737 716 
f 599 705 732 
f 733 725 754 
f 733 754 691 
f 625 536 755 
f 548 756 490 
f 734 669 646 
f 744 757 736 
f 620 758 671 
f 717 736 745 
f 620 647 758 
f 647 659 758 
f 710 752 759 
f 758 659 727 
f 691 754 728 
f 729 749 741 
f 741 760 722 
f 722 760 730 
f 761 734 694 
f 745 750 703 
f 689 746 762 
f 763 676 704 
f 726 764 608 
f 686 765 748 
f 686 608 765 
f 740 674 766 
f 749 760 741 
f 392 730 742 
f 743 660 755 
f 625 755 660 
f 694 767 761 
f 724 768 739 
f 749 737 753 
f 676 763 726 
f 669 761 723 
f 734 761 669 
f 689 762 746 
f 710 759 751 
f 752 751 759 
f 765 608 764 
f 748 765 754 
f 769 747 766 
f 753 770 749 
f 747 740 766 
f 694 743 767 
f 731 750 771 
f 772 770 753 
f 727 728 773 
f 725 774 754 
f 754 774 775 
f 754 775 748 
f 749 776 760 
f 543 777 674 
f 771 753 731 
f 747 769 778 
f 725 779 774 
f 770 776 749 
f 543 523 777 
f 760 780 730 
f 761 781 723 
f 695 690 782 
f 747 783 690 
f 739 779 725 
f 748 775 705 
f 775 774 765 
f 754 774 728 
f 765 774 754 
f 782 690 783 
f 784 671 758 
f 783 747 785 
f 785 747 778 
f 758 727 773 
f 705 775 786 
f 779 728 774 
f 760 776 780 
f 730 780 787 
f 788 784 758 
f 789 779 739 
f 742 730 787 
f 782 661 695 
f 744 790 757 
f 724 671 791 
f 724 791 768 
f 768 789 739 
f 753 771 772 
f 763 764 726 
f 772 792 770 
f 792 776 770 
f 793 769 766 
f 745 794 750 
f 745 736 794 
f 775 795 786 
f 775 765 795 
f 796 755 536 
f 779 797 728 
f 761 767 798 
f 798 781 761 
f 661 799 548 
f 723 800 735 
f 704 732 801 
f 772 802 803 
f 802 772 771 
f 776 792 780 
f 372 556 562 
f 780 792 787 
f 782 783 804 
f 758 773 788 
f 750 802 771 
f 789 805 779 
f 732 705 801 
f 763 806 764 
f 807 778 793 
f 803 792 772 
f 765 808 795 
f 778 769 793 
f 793 766 809 
f 809 766 810 
f 810 766 674 
f 743 755 811 
f 812 736 757 
f 805 797 779 
f 728 813 773 
f 728 797 813 
f 792 814 787 
f 814 815 787 
f 804 783 785 
f 773 816 788 
f 817 778 807 
f 523 535 818 
f 750 794 802 
f 817 785 778 
f 801 763 704 
f 802 819 803 
f 816 773 813 
f 787 820 742 
f 743 811 767 
f 661 782 799 
f 765 821 808 
f 821 765 764 
f 792 803 814 
f 815 820 787 
f 804 785 822 
f 784 788 823 
f 788 816 823 
f 819 824 803 
f 824 814 803 
f 807 793 809 
f 671 784 825 
f 671 825 791 
f 826 827 746 
f 746 827 826 
f 801 705 786 
f 806 821 764 
f 755 828 811 
f 811 829 767 
f 782 804 822 
f 822 785 817 
f 802 830 819 
f 789 831 805 
f 832 813 797 
f 795 832 797 
f 824 833 814 
f 814 820 815 
f 820 834 742 
f 835 781 798 
f 831 789 768 
f 824 819 836 
f 823 816 837 
f 805 838 797 
f 808 832 795 
f 833 820 814 
f 839 784 823 
f 813 840 816 
f 674 777 810 
f 801 786 841 
f 842 843 844 
f 807 809 845 
f 844 843 842 
f 846 843 842 
f 832 840 813 
f 838 847 797 
f 767 848 798 
f 829 848 767 
f 735 790 744 
f 822 817 849 
f 794 736 812 
f 817 807 845 
f 795 850 786 
f 795 797 847 
f 850 795 847 
f 820 833 851 
f 782 822 799 
f 735 800 790 
f 849 817 845 
f 794 852 802 
f 801 853 763 
f 763 853 806 
f 842 854 846 
f 843 854 842 
f 843 846 854 
f 832 847 840 
f 824 836 833 
f 810 845 809 
f 781 835 855 
f 723 781 800 
f 802 852 830 
f 831 838 805 
f 840 847 838 
f 523 818 777 
f 820 851 834 
f 856 849 845 
f 819 830 836 
f 857 836 858 
f 786 850 841 
f 840 838 859 
f 845 810 860 
f 851 836 857 
f 836 851 833 
f 860 810 861 
f 822 849 856 
f 784 839 825 
f 794 812 852 
f 826 862 827 
f 858 830 863 
f 826 827 864 
f 830 858 836 
f 831 865 838 
f 850 847 832 
f 850 832 808 
f 826 864 862 
f 801 841 866 
f 853 821 806 
f 816 840 837 
f 742 430 75 
f 829 811 848 
f 848 835 798 
f 856 845 867 
f 868 823 837 
f 838 865 859 
f 857 869 851 
f 830 870 863 
f 827 862 871 
f 871 872 827 
f 827 872 864 
f 845 860 873 
f 742 834 874 
f 755 796 828 
f 848 875 835 
f 830 852 870 
f 876 877 878 
f 768 879 831 
f 871 862 872 
f 862 864 872 
f 831 879 865 
f 837 840 880 
f 777 861 810 
f 851 869 834 
f 800 781 855 
f 791 881 879 
f 768 791 879 
f 876 878 877 
f 882 801 866 
f 882 853 801 
f 850 883 841 
f 857 858 884 
f 885 857 884 
f 869 857 885 
f 800 855 886 
f 800 887 790 
f 812 870 852 
f 839 823 868 
f 867 845 873 
f 888 858 863 
f 889 868 837 
f 889 837 880 
f 850 808 883 
f 890 873 860 
f 835 891 855 
f 892 856 867 
f 791 825 881 
f 860 861 893 
f 834 885 894 
f 869 885 834 
f 835 875 891 
f 790 887 757 
f 895 757 887 
f 896 863 870 
f 863 896 888 
f 884 858 888 
f 865 897 859 
f 898 821 853 
f 808 899 883 
f 808 821 899 
f 900 811 828 
f 811 900 848 
f 822 856 799 
f 859 901 840 
f 859 897 901 
f 893 890 860 
f 861 777 893 
f 777 902 893 
f 490 756 639 
f 887 800 903 
f 903 800 886 
f 757 895 812 
f 904 905 871 
f 871 904 872 
f 872 904 871 
f 885 884 888 
f 799 856 892 
f 870 812 906 
f 907 866 841 
f 888 908 885 
f 885 908 894 
f 894 909 834 
f 910 855 911 
f 855 910 886 
f 886 910 903 
f 895 887 903 
f 912 896 870 
f 906 812 895 
f 904 871 905 
f 896 913 888 
f 867 873 914 
f 888 913 908 
f 908 913 915 
f 894 908 909 
f 834 909 874 
f 855 891 911 
f 895 903 916 
f 917 912 918 
f 839 868 919 
f 912 917 896 
f 917 913 896 
f 907 882 866 
f 882 898 853 
f 880 840 901 
f 883 899 920 
f 890 893 921 
f 922 908 915 
f 908 922 909 
f 875 923 891 
f 924 910 911 
f 925 910 924 
f 925 926 903 
f 910 925 903 
f 926 927 903 
f 916 903 927 
f 916 906 895 
f 917 918 928 
f 912 929 918 
f 912 930 929 
f 931 932 905 
f 914 873 890 
f 841 883 933 
f 915 913 934 
f 915 934 922 
f 874 909 935 
f 742 874 430 
f 900 936 848 
f 875 848 936 
f 937 911 891 
f 938 926 939 
f 918 926 938 
f 927 926 918 
f 918 938 940 
f 916 918 930 
f 927 918 916 
f 930 918 929 
f 916 930 912 
f 906 916 912 
f 917 928 940 
f 906 912 870 
f 905 932 941 
f 913 917 942 
f 905 932 931 
f 907 841 933 
f 942 934 913 
f 914 890 921 
f 909 922 935 
f 911 943 924 
f 926 925 939 
f 940 938 944 
f 919 945 839 
f 928 929 940 
f 918 940 929 
f 905 941 946 
f 930 947 929 
f 932 905 946 
f 941 932 946 
f 948 882 907 
f 921 893 949 
f 950 934 951 
f 934 950 922 
f 922 950 952 
f 922 952 935 
f 936 953 875 
f 923 937 891 
f 944 938 954 
f 867 955 892 
f 956 940 944 
f 942 917 956 
f 940 956 917 
f 929 947 918 
f 918 947 928 
f 957 947 930 
f 879 958 865 
f 883 920 959 
f 435 796 536 
f 960 799 892 
f 953 923 875 
f 937 943 911 
f 925 924 939 
f 825 839 945 
f 961 962 963 
f 865 958 897 
f 883 959 933 
f 951 934 942 
f 949 893 902 
f 950 951 964 
f 950 964 952 
f 874 935 965 
f 874 965 430 
f 548 799 756 
f 938 939 954 
f 956 944 966 
f 967 867 968 
f 969 956 966 
f 969 942 956 
f 930 929 970 
f 941 971 946 
f 947 957 972 
f 971 941 973 
f 946 973 941 
f 974 946 971 
f 974 975 976 
f 946 976 975 
f 946 974 976 
f 948 907 977 
f 978 974 976 
f 978 976 974 
f 951 942 979 
f 828 796 900 
f 937 980 943 
f 954 966 944 
f 825 945 881 
f 957 930 970 
f 962 961 963 
f 928 947 981 
f 970 972 957 
f 973 946 975 
f 881 958 879 
f 968 867 914 
f 969 979 942 
f 868 889 982 
f 948 898 882 
f 898 983 821 
f 920 899 959 
f 899 821 983 
f 914 921 984 
f 984 921 949 
f 939 985 954 
f 939 924 985 
f 867 967 955 
f 969 966 986 
f 981 987 928 
f 975 971 988 
f 919 868 982 
f 971 975 974 
f 978 989 990 
f 952 964 991 
f 952 991 965 
f 992 900 796 
f 992 936 900 
f 924 943 993 
f 928 987 929 
f 970 929 994 
f 995 972 970 
f 969 996 979 
f 975 988 973 
f 975 990 988 
f 990 989 988 
f 975 989 990 
f 958 997 897 
f 997 998 897 
f 978 990 989 
f 999 933 959 
f 1000 1001 1002 
f 996 1003 979 
f 979 1003 951 
f 777 818 902 
f 951 1003 964 
f 923 1004 937 
f 924 1005 985 
f 986 966 954 
f 929 987 1006 
f 994 929 1006 
f 970 994 995 
f 961 1007 1008 
f 961 1008 1007 
f 947 972 1009 
f 971 973 988 
f 1009 1010 947 
f 988 989 975 
f 952 965 935 
f 435 639 796 
f 943 980 993 
f 995 994 1011 
f 972 995 1009 
f 995 1012 1009 
f 1010 1013 947 
f 1014 1012 995 
f 1009 1015 1010 
f 1015 1016 1010 
f 1015 1017 1016 
f 1009 1012 1015 
f 1012 1017 1015 
f 1012 1018 1017 
f 1019 1018 1012 
f 1020 1019 1012 
f 1014 1020 1012 
f 1018 1016 1017 
f 1014 1021 1020 
f 1021 1019 1020 
f 1000 1022 1023 
f 1000 1023 1001 
f 1000 1002 1022 
f 992 1024 936 
f 892 955 960 
f 954 985 986 
f 937 1025 980 
f 1026 1011 994 
f 987 981 1027 
f 947 1013 981 
f 1028 1013 1026 
f 1010 1026 1013 
f 1011 1026 1010 
f 995 1011 1014 
f 1019 1010 1015 
f 1029 1013 1028 
f 1015 1010 1019 
f 1011 1010 1020 
f 1016 1017 1028 
f 1020 1010 1019 
f 1028 1017 1029 
f 1030 1029 1017 
f 1010 1016 1018 
f 1011 1020 1021 
f 1014 1011 1021 
f 907 933 1031 
f 1019 1010 1018 
f 1031 933 999 
f 1032 1030 1017 
f 1020 1019 1021 
f 1021 1033 1019 
f 959 899 999 
f 924 993 1005 
f 969 986 996 
f 987 1034 1006 
f 994 1006 1035 
f 994 1035 1026 
f 1013 1036 981 
f 1026 1035 1028 
f 1017 1028 1032 
f 1016 1028 1017 
f 1037 1029 1030 
f 1019 1033 1021 
f 984 1038 914 
f 949 1038 984 
f 996 1039 1003 
f 1039 1040 1003 
f 371 315 402 
f 953 936 1041 
f 1041 923 953 
f 1042 1004 923 
f 987 1027 1034 
f 881 997 958 
f 1043 968 914 
f 1044 1013 1029 
f 1044 1036 1013 
f 1045 1032 1028 
f 1046 907 1031 
f 948 1047 898 
f 982 889 1048 
f 898 1047 983 
f 880 1048 889 
f 1030 1045 1037 
f 1032 1045 1030 
f 1001 1023 1049 
f 897 998 901 
f 1002 1050 1022 
f 993 1051 1005 
f 986 1052 996 
f 1053 881 945 
f 1035 1006 1054 
f 996 1034 1039 
f 1036 1028 1035 
f 1036 1045 1028 
f 1023 1022 1050 
f 880 901 1055 
f 1001 1049 1002 
f 949 902 1056 
f 1003 1040 964 
f 1057 1024 992 
f 986 985 1058 
f 1041 1042 923 
f 980 1059 993 
f 1025 1059 980 
f 1004 1025 937 
f 986 1058 1052 
f 1052 1034 996 
f 1008 1060 1061 
f 907 1046 977 
f 1029 1037 1044 
f 1062 1063 1033 
f 1023 1050 1049 
f 1002 1049 1050 
f 955 967 1064 
f 1034 1027 1065 
f 1054 1066 1035 
f 919 982 1067 
f 1053 997 881 
f 1034 1065 1039 
f 1027 981 1065 
f 1066 1036 1035 
f 1008 1061 1060 
f 1044 1037 1068 
f 1037 1045 1069 
f 1047 899 983 
f 1062 1033 1063 
f 964 1040 1070 
f 1071 1051 993 
f 1052 1072 1034 
f 1072 1065 1034 
f 919 1067 945 
f 1036 1066 981 
f 1043 914 1038 
f 1036 1044 1073 
f 999 899 1074 
f 1033 1075 1076 
f 1038 949 1077 
f 1078 1079 1040 
f 535 562 818 
f 991 964 1070 
f 799 960 756 
f 1034 1065 1006 
f 981 1080 1065 
f 1065 1080 1081 
f 981 1066 1080 
f 1073 1082 1036 
f 977 1046 1083 
f 1036 1073 1045 
f 1082 1073 1036 
f 1084 1044 1068 
f 1073 1069 1045 
f 1037 1069 1068 
f 1033 1063 1075 
f 1085 1086 1087 
f 1088 1085 1087 
f 880 1055 1048 
f 999 1074 1089 
f 1033 1076 1063 
f 1039 1078 1040 
f 1079 1070 1040 
f 1005 1051 1090 
f 993 1059 1071 
f 1053 945 1091 
f 1006 1065 1081 
f 1081 1054 1006 
f 1054 1081 1080 
f 1092 1061 1093 
f 1054 1080 1066 
f 1065 1094 1039 
f 1066 1082 1080 
f 1095 1084 1068 
f 1069 1073 1096 
f 901 1097 1055 
f 901 998 1097 
f 1085 1087 1086 
f 1088 1087 1085 
f 818 1056 902 
f 992 1098 1057 
f 936 1024 1041 
f 1051 1071 1090 
f 1004 1099 1025 
f 1067 1091 945 
f 968 1043 1100 
f 982 1101 1067 
f 1065 1072 1094 
f 1043 1038 1102 
f 1044 1096 1073 
f 1095 1068 1096 
f 1077 949 1056 
f 991 1070 965 
f 1042 1103 1004 
f 1066 1080 1104 
f 1105 1044 1084 
f 1096 1044 1105 
f 1031 999 1106 
f 1106 999 1089 
f 1069 1096 1068 
f 1063 1076 1075 
f 992 796 1098 
f 1058 985 1107 
f 1005 1108 985 
f 1041 1109 1042 
f 1004 1103 1099 
f 1092 1093 1061 
f 982 1110 1101 
f 1105 1095 1096 
f 1102 1038 1077 
f 1079 1111 1070 
f 1070 1111 965 
f 1057 1112 1024 
f 1005 1090 1108 
f 1059 1113 1071 
f 1025 1099 1059 
f 1092 1114 1061 
f 1061 1114 1092 
f 982 1048 1110 
f 1074 899 1047 
f 960 955 1064 
f 1024 1112 1041 
f 1103 1042 1109 
f 967 1115 1064 
f 1113 1059 1099 
f 967 1116 1115 
f 1105 1117 1095 
f 960 1064 756 
f 1103 1118 1099 
f 1116 967 1100 
f 967 968 1100 
f 1046 1119 1083 
f 948 977 1083 
f 1117 1120 1095 
f 1031 1121 1046 
f 1031 1106 1121 
f 1039 1122 1078 
f 965 1111 1123 
f 985 1124 1107 
f 1041 1112 1109 
f 1071 1113 1125 
f 1099 1118 1113 
f 1104 1080 1082 
f 1046 1121 1119 
f 948 1083 1047 
f 1084 1095 1120 
f 1126 1090 1071 
f 1071 1125 1126 
f 1109 1127 1103 
f 1067 1128 1091 
f 1072 1052 1129 
f 1101 1128 1067 
f 1072 1129 1094 
f 1053 1130 997 
f 1100 1043 1131 
f 1084 1120 1132 
f 1048 1055 1110 
f 1077 1131 1102 
f 1133 1056 818 
f 985 1108 1124 
f 1127 1134 1103 
f 1130 1135 997 
f 1136 1111 1079 
f 1113 1137 1125 
f 1114 1138 1139 
f 1043 1102 1131 
f 1119 1140 1083 
f 1083 1141 1047 
f 1047 1141 1142 
f 1142 1074 1047 
f 1077 1056 1143 
f 1090 1126 1108 
f 1112 1127 1109 
f 1103 1144 1118 
f 1052 1145 1129 
f 1091 1128 1146 
f 1114 1139 1138 
f 997 1135 998 
f 1143 1056 1133 
f 1057 1098 1147 
f 1148 1064 1115 
f 1057 1149 1112 
f 1057 1147 1149 
f 1126 1125 1150 
f 1141 1083 1140 
f 1117 1151 1120 
f 1135 1097 998 
f 1078 1136 1079 
f 100 237 245 
f 756 1064 639 
f 1113 1118 1137 
f 1152 1053 1091 
f 1130 1053 1152 
f 1153 1154 1155 
f 818 562 1156 
f 1136 1157 1111 
f 1111 1157 1123 
f 1158 1147 1098 
f 1108 1126 1159 
f 1112 1160 1127 
f 1161 1125 1137 
f 1134 1144 1103 
f 1058 1145 1052 
f 1131 1116 1100 
f 1120 1151 1162 
f 1055 1163 1110 
f 1153 1155 1154 
f 818 1156 1133 
f 1108 1159 1124 
f 1118 1144 1164 
f 1091 1146 1152 
f 1165 1128 1101 
f 1094 1122 1039 
f 1101 1110 1165 
f 1130 1152 1135 
f 1117 1105 1166 
f 1152 1167 1135 
f 1167 1097 1135 
f 1055 1168 1163 
f 1168 1055 1097 
f 1167 1168 1097 
f 1169 1074 1142 
f 1131 1077 1143 
f 1170 1133 1156 
f 1157 1171 1123 
f 1172 1158 1098 
f 1172 1098 796 
f 1064 1148 1173 
f 1161 1150 1125 
f 1174 1115 1116 
f 1128 1175 1146 
f 1165 1175 1128 
f 1152 1146 1176 
f 1176 1177 1152 
f 1084 1166 1105 
f 1177 1167 1152 
f 1121 1106 1167 
f 1141 1169 1142 
f 1165 1110 1163 
f 1106 1089 1167 
f 1089 1074 1167 
f 371 402 556 
f 1173 639 1064 
f 1160 1112 1149 
f 1137 1178 1161 
f 1119 1167 1177 
f 1084 1132 1166 
f 1121 1167 1119 
f 1132 1120 1117 
f 1120 1162 1117 
f 1151 1117 1162 
f 1167 1074 1168 
f 556 1156 562 
f 1123 1179 965 
f 1126 1150 1159 
f 1137 1118 1178 
f 1175 1165 1180 
f 1119 1177 1140 
f 1180 1165 1181 
f 1165 1163 1181 
f 1182 1183 1184 
f 1181 1163 1168 
f 1123 1171 1179 
f 1134 1185 1144 
f 1118 1186 1178 
f 1118 1164 1186 
f 1187 1146 1175 
f 1176 1146 1187 
f 1188 1066 1104 
f 1187 1175 1180 
f 1182 1184 1189 
f 1183 1182 1190 
f 1078 1157 1136 
f 796 639 1172 
f 1147 1191 1149 
f 1115 1174 1148 
f 1192 1176 1187 
f 1192 1177 1176 
f 1140 1177 1193 
f 1131 1143 1194 
f 1181 1168 1195 
f 1074 1196 1168 
f 1183 1190 1197 
f 1189 1198 1182 
f 965 1179 1199 
f 1149 1191 1200 
f 1058 1107 1201 
f 1150 1202 1159 
f 1127 1160 1134 
f 1129 1145 1094 
f 1203 1192 1187 
f 1203 1177 1192 
f 1082 1204 1104 
f 1187 1180 1203 
f 1203 1180 1205 
f 1203 1193 1177 
f 1180 1181 1205 
f 1132 1117 1206 
f 1195 1205 1181 
f 1183 1197 1184 
f 1195 1168 1207 
f 1074 1169 1196 
f 1198 1190 1182 
f 1143 1133 1170 
f 1124 1159 1208 
f 1160 1185 1134 
f 1145 1122 1094 
f 1203 1205 1193 
f 188 245 386 
f 1172 639 1209 
f 1149 1200 1160 
f 1131 1210 1116 
f 1211 1140 1193 
f 1140 1211 1141 
f 1141 1211 1169 
f 1184 1197 1212 
f 1122 1213 1078 
f 1143 1170 1214 
f 1170 1156 1215 
f 1157 1216 1171 
f 1147 1158 1191 
f 1164 1217 1186 
f 1194 1210 1131 
f 1193 1205 1218 
f 1205 1195 1218 
f 1184 1212 1219 
f 1197 1190 1212 
f 1194 1143 1214 
f 1171 1216 1179 
f 1150 1220 1202 
f 1144 1221 1164 
f 1185 1221 1144 
f 1166 1206 1117 
f 1222 1223 1206 
f 1156 556 1215 
f 1159 1202 1208 
f 1186 1217 1224 
f 1174 1116 1210 
f 1218 1195 1225 
f 1195 1207 1225 
f 1198 1226 1190 
f 1214 1170 1227 
f 1078 1213 1157 
f 1158 1172 1191 
f 1150 1161 1228 
f 1201 1145 1058 
f 1229 1192 1230 
f 1231 1230 1192 
f 1132 1206 1223 
f 1169 1211 1232 
f 1168 1196 1207 
f 1232 1196 1169 
f 1160 1200 1233 
f 1150 1228 1220 
f 1145 1234 1122 
f 1235 1230 1231 
f 1231 1192 1229 
f 1231 1218 1236 
f 1231 1236 1218 
f 1218 1236 1193 
f 1218 1225 1237 
f 1206 1166 1222 
f 1166 1223 1222 
f 1190 1226 1212 
f 1170 1215 1227 
f 1216 1157 1238 
f 1199 1179 1239 
f 1173 1148 1240 
f 1148 1174 1240 
f 1233 1185 1160 
f 1230 1235 1241 
f 1242 1234 1145 
f 1231 1229 1236 
f 1231 1236 1235 
f 1066 1204 1082 
f 1193 1232 1211 
f 1184 1243 1189 
f 1232 1244 1196 
f 1191 1172 1209 
f 1245 1124 1208 
f 1200 1191 1246 
f 1202 1247 1208 
f 1178 1248 1161 
f 1217 1249 1224 
f 1250 1242 1145 
f 1230 1241 1229 
f 1236 1251 1235 
f 1193 1236 1251 
f 1236 1218 1251 
f 1251 1218 1237 
f 1166 1132 1252 
f 1251 1232 1193 
f 1207 1196 1225 
f 1226 1219 1212 
f 1227 1253 1214 
f 346 402 225 
f 1216 1254 1179 
f 1124 1245 1107 
f 1174 1210 1240 
f 1202 1220 1247 
f 1164 1221 1217 
f 1186 1224 1178 
f 1201 1250 1145 
f 1229 1241 1255 
f 1188 1204 1066 
f 1104 1204 1188 
f 1184 1219 1243 
f 1122 1234 1213 
f 1253 1194 1214 
f 1213 1238 1157 
f 1216 1238 1254 
f 1208 1247 1245 
f 1256 1185 1233 
f 1185 1256 1221 
f 1221 1257 1217 
f 1224 1248 1178 
f 1251 1236 1229 
f 1210 1194 1258 
f 1251 1259 1235 
f 1259 1251 1229 
f 1260 1166 1252 
f 1223 1166 1261 
f 1251 1237 1232 
f 1252 1132 1223 
f 1262 1244 1232 
f 1196 1244 1225 
f 1179 1254 1239 
f 1173 1240 639 
f 1107 1263 1201 
f 1161 1248 1228 
f 1201 1263 1250 
f 1235 1264 1241 
f 1166 1260 1261 
f 1237 1262 1232 
f 1265 1237 1225 
f 1243 1198 1189 
f 1194 1253 1258 
f 1266 1258 1253 
f 1267 1227 1215 
f 1217 1257 1249 
f 1250 1268 1242 
f 1242 1268 1234 
f 1235 1259 1269 
f 1237 1265 1262 
f 1265 1225 1244 
f 1219 1226 1270 
f 1267 1215 556 
f 1254 1238 1271 
f 1239 1254 1271 
f 965 1199 430 
f 639 1240 1209 
f 1272 1191 1209 
f 1191 1272 1246 
f 1221 1256 1257 
f 1224 1249 1248 
f 1229 1255 1259 
f 1213 1234 1273 
f 1213 1274 1238 
f 1200 1246 1275 
f 1276 1240 1210 
f 1200 1275 1233 
f 1233 1277 1256 
f 1228 1278 1220 
f 1279 1264 1235 
f 1259 1255 1280 
f 1259 1280 1269 
f 1268 1273 1234 
f 1223 1261 1252 
f 1281 1282 1283 
f 1284 1285 1286 
f 1286 1244 1262 
f 1198 1287 1226 
f 1281 1288 1282 
f 1266 1253 1289 
f 1253 1227 1289 
f 1273 1274 1213 
f 1239 1271 1290 
f 1209 1291 1272 
f 1233 1275 1277 
f 1220 1292 1247 
f 1248 1293 1228 
f 1266 1210 1258 
f 1235 1269 1279 
f 1286 1285 1244 
f 1284 1281 1283 
f 1284 1283 1294 
f 1226 1287 1270 
f 1287 1198 1243 
f 1284 1288 1281 
f 1220 1278 1292 
f 1228 1293 1278 
f 1295 1296 1265 
f 1296 1262 1265 
f 1295 1244 1285 
f 1265 1244 1295 
f 1270 1287 1219 
f 1284 1294 1288 
f 1267 1289 1227 
f 1297 1263 1107 
f 1298 1256 1277 
f 1256 1298 1257 
f 1276 1210 1266 
f 1299 1280 1255 
f 1269 1299 1300 
f 1299 1269 1280 
f 1219 1287 1243 
f 1283 1301 1294 
f 1285 1284 1295 
f 556 402 1267 
f 1238 1302 1271 
f 1303 1209 1240 
f 1276 1303 1240 
f 1107 1245 1297 
f 1257 1298 1249 
f 1248 1249 1293 
f 1304 1250 1263 
f 1268 1250 1304 
f 1305 1268 1304 
f 1279 1306 1264 
f 1241 1264 1255 
f 1296 1307 1262 
f 1307 1286 1262 
f 1288 1308 1282 
f 1294 1309 1288 
f 1284 1286 1295 
f 1266 1289 1310 
f 1302 1238 1274 
f 1247 1292 1245 
f 1260 1311 1261 
f 1312 1261 1311 
f 1295 1307 1296 
f 1295 1286 1307 
f 1294 1313 1309 
f 259 386 346 
f 1271 1302 1290 
f 1209 1303 1291 
f 1245 1292 1314 
f 1255 1264 1315 
f 1300 1299 1315 
f 1269 1316 1279 
f 1300 1315 1269 
f 1295 1317 1318 
f 1295 1318 1307 
f 1252 1261 1319 
f 1312 1319 1261 
f 1295 1307 1317 
f 1310 1289 1320 
f 1267 1320 1289 
f 1274 1321 1302 
f 1199 1239 430 
f 1246 1322 1275 
f 1249 1323 1293 
f 1304 1263 1324 
f 1305 1304 1325 
f 1255 1315 1299 
f 1315 1316 1269 
f 1294 1301 1313 
f 1288 1309 1308 
f 1321 1274 1273 
f 1302 1326 1290 
f 1246 1272 1322 
f 1245 1314 1297 
f 1298 1277 1327 
f 1293 1328 1278 
f 1293 1323 1328 
f 1249 1298 1323 
f 1305 1325 1268 
f 1279 1316 1329 
f 1330 1311 1260 
f 1318 1329 1316 
f 1316 1307 1318 
f 1308 1283 1282 
f 1317 1307 1331 
f 1273 1332 1321 
f 1267 1333 1320 
f 1333 1267 402 
f 1297 1324 1263 
f 1322 1277 1275 
f 1292 1278 1334 
f 1279 1335 1306 
f 1264 1306 1336 
f 1315 1264 1336 
f 1315 1336 1316 
f 1279 1329 1335 
f 1318 1337 1329 
f 1338 1260 1252 
f 1319 1338 1252 
f 1312 1339 1340 
f 1276 1341 1303 
f 1291 1342 1272 
f 1297 1314 1343 
f 1277 1322 1344 
f 1341 1276 1310 
f 1276 1266 1310 
f 1325 1345 1346 
f 1346 1345 1347 
f 1347 1345 1348 
f 1268 1325 1273 
f 1311 1330 1349 
f 1330 1260 1338 
f 1337 1350 1316 
f 1312 1311 1351 
f 1316 1350 1307 
f 1352 1318 1317 
f 1312 1340 1319 
f 1283 1308 1309 
f 1283 1309 1301 
f 1317 1331 1353 
f 1331 1350 1353 
f 1307 1350 1331 
f 402 346 1333 
f 1291 1303 1342 
f 1327 1277 1344 
f 1298 1327 1323 
f 1304 1354 1325 
f 1345 1325 1354 
f 1336 1355 1316 
f 1347 1356 1346 
f 1348 1356 1347 
f 1357 1358 1310 
f 1349 1330 1359 
f 1351 1311 1349 
f 1312 1351 1339 
f 1301 1309 1313 
f 1353 1350 1360 
f 63 75 430 
f 1342 1322 1272 
f 1297 1343 1324 
f 1292 1334 1314 
f 1278 1361 1334 
f 1278 1328 1361 
f 1348 1345 1362 
f 1363 1306 1335 
f 1306 1355 1336 
f 1362 1364 1348 
f 1364 1356 1348 
f 1329 1365 1335 
f 1316 1355 1366 
f 1325 1332 1273 
f 1366 1337 1316 
f 1320 1357 1310 
f 1333 1367 1320 
f 1321 1368 1302 
f 1302 1368 1326 
f 1303 1341 1369 
f 1370 1322 1342 
f 1354 1304 1371 
f 1354 1325 1346 
f 1364 1359 1356 
f 1335 1365 1372 
f 1337 1365 1329 
f 1373 1351 1349 
f 1352 1337 1318 
f 1339 1351 1374 
f 1353 1352 1317 
f 1339 1374 1340 
f 1290 1326 1375 
f 1239 1290 1376 
f 1327 1377 1323 
f 1358 1341 1310 
f 1346 1356 1354 
f 1362 1359 1364 
f 1325 1378 1332 
f 1373 1349 1359 
f 1379 1350 1337 
f 1380 1333 346 
f 1342 1303 1369 
f 1343 1381 1324 
f 1334 1382 1314 
f 1381 1371 1324 
f 1324 1371 1304 
f 1362 1345 1383 
f 1363 1384 1306 
f 1355 1306 1366 
f 1354 1378 1325 
f 1363 1335 1372 
f 1356 1359 1385 
f 1379 1337 1352 
f 1338 1319 1386 
f 1352 1353 1387 
f 1379 1360 1350 
f 1353 1360 1387 
f 1320 1367 1357 
f 1368 1321 1388 
f 1314 1382 1389 
f 1328 1390 1361 
f 1323 1377 1391 
f 1306 1384 1366 
f 1362 1385 1359 
f 1337 1366 1365 
f 1378 1392 1332 
f 1374 1393 1340 
f 1367 1333 1380 
f 1290 1375 1376 
f 430 1239 1376 
f 1394 1342 1369 
f 1369 1341 1394 
f 1314 1389 1343 
f 1345 1354 1395 
f 1366 1396 1365 
f 1396 1372 1365 
f 1359 1330 1373 
f 1373 1397 1351 
f 1352 1360 1379 
f 1398 1387 1360 
f 1332 1392 1321 
f 1399 1357 1367 
f 1380 1399 1367 
f 1370 1342 1400 
f 1322 1401 1344 
f 1401 1322 1370 
f 1327 1344 1377 
f 1402 1371 1381 
f 1395 1354 1371 
f 1378 1354 1403 
f 1383 1385 1362 
f 1404 1385 1383 
f 1373 1330 1404 
f 1404 1385 1373 
f 1397 1373 1385 
f 1404 1397 1385 
f 1330 1338 1405 
f 1338 1386 1405 
f 1392 1378 1406 
f 1351 1397 1374 
f 1352 1387 1407 
f 1340 1408 1319 
f 346 386 1409 
f 1410 1368 1388 
f 1342 1394 1411 
f 1334 1361 1382 
f 1341 1358 1394 
f 1361 1390 1412 
f 1328 1323 1390 
f 1323 1391 1413 
f 1363 1414 1384 
f 1372 1414 1363 
f 1366 1415 1396 
f 1404 1383 1385 
f 1396 1415 1372 
f 1358 1357 1416 
f 1404 1417 1397 
f 1398 1407 1387 
f 1398 1352 1407 
f 1418 1416 1357 
f 1352 1398 1360 
f 1386 1319 1408 
f 1399 1418 1357 
f 47 1419 1420 
f 1326 1368 1375 
f 1368 1410 1375 
f 1366 1384 1415 
f 1356 1385 1354 
f 1383 1421 1385 
f 1372 1415 1422 
f 1406 1378 1403 
f 1404 1330 1405 
f 1374 1397 1423 
f 1388 1321 1392 
f 86 213 237 
f 1409 386 245 
f 1424 1344 1401 
f 1425 1381 1343 
f 1413 1390 1323 
f 1416 1394 1358 
f 1402 1395 1371 
f 1345 1395 1383 
f 1385 1421 1426 
f 1372 1422 1427 
f 1428 1398 1387 
f 1392 1406 1388 
f 1400 1342 1429 
f 1429 1342 1411 
f 1377 1344 1424 
f 1343 1389 1425 
f 1361 1430 1382 
f 1425 1402 1381 
f 1414 1431 1384 
f 1415 1384 1432 
f 1354 1433 1403 
f 1385 1433 1354 
f 1422 1415 1432 
f 1421 1434 1426 
f 1435 1434 1421 
f 1414 1427 1436 
f 1372 1427 1414 
f 1437 1428 1387 
f 1408 1438 1386 
f 1439 1387 1398 
f 1399 1380 1440 
f 1440 1380 346 
f 109 214 215 
f 1377 1424 1441 
f 1361 1412 1430 
f 1377 1441 1391 
f 1402 1442 1395 
f 1383 1395 1442 
f 1427 1422 1432 
f 1406 1403 1442 
f 1443 1434 1435 
f 1414 1436 1444 
f 1404 1405 1417 
f 1405 1386 1445 
f 1434 1397 1417 
f 1446 1387 1439 
f 1446 1437 1387 
f 1428 1437 1398 
f 1340 1393 1408 
f 1423 1393 1374 
f 1398 1437 1439 
f 1447 1418 1399 
f 1440 1447 1399 
f 346 1409 1440 
f 47 226 1419 
f 1448 1370 1400 
f 1411 1394 1429 
f 1448 1401 1370 
f 1382 1430 1389 
f 1413 1412 1390 
f 1435 1421 1449 
f 1421 1383 1449 
f 1431 1450 1384 
f 1384 1451 1432 
f 1442 1403 1433 
f 1385 1426 1433 
f 1452 1426 1434 
f 1431 1414 1453 
f 1414 1454 1453 
f 1414 1444 1454 
f 1452 1417 1405 
f 1434 1417 1452 
f 1426 1397 1434 
f 1452 1397 1426 
f 1445 1386 1438 
f 1416 1418 1455 
f 1388 1456 1410 
f 47 1420 213 
f 1394 1457 1429 
f 1416 1457 1394 
f 1383 1442 1458 
f 1443 1435 1449 
f 1451 1436 1427 
f 1432 1451 1427 
f 1442 1433 1406 
f 1434 1459 1426 
f 1434 1443 1459 
f 1436 1451 1444 
f 1452 1405 1460 
f 1461 1446 1439 
f 1437 1462 1439 
f 1418 1463 1455 
f 1447 1463 1418 
f 62 1464 226 
f 1410 1456 1375 
f 1402 1433 1442 
f 1433 1402 1465 
f 1442 1433 1458 
f 1451 1454 1444 
f 1443 1466 1459 
f 1405 1445 1460 
f 1467 1452 1459 
f 1467 1397 1452 
f 1423 1397 1468 
f 1461 1439 1469 
f 1446 1461 1437 
f 1439 1462 1469 
f 1468 1393 1423 
f 1409 1470 1440 
f 1429 1457 1400 
f 1424 1401 1448 
f 1457 1416 1455 
f 1433 1426 1471 
f 1459 1452 1460 
f 1467 1459 1466 
f 1468 1397 1467 
f 1461 1469 1437 
f 1437 1469 1472 
f 1469 1462 1472 
f 1462 1472 1473 
f 1437 1472 1462 
f 1463 1447 1474 
f 1456 1388 1475 
f 62 215 1464 
f 430 1376 1476 
f 1448 1400 1477 
f 1425 1478 1402 
f 1383 1458 1471 
f 1479 1450 1431 
f 1384 1450 1451 
f 1433 1471 1480 
f 1481 1443 1449 
f 1482 1443 1481 
f 1431 1453 1479 
f 1451 1479 1453 
f 1459 1466 1426 
f 1443 1483 1466 
f 1454 1451 1453 
f 1484 1406 1433 
f 1467 1466 1483 
f 1472 1462 1485 
f 1475 1406 1484 
f 1406 1475 1388 
f 1409 245 1470 
f 1457 1477 1400 
f 1412 1413 1486 
f 1487 1413 1391 
f 1441 1487 1391 
f 1478 1465 1402 
f 1465 1458 1433 
f 1488 1489 1455 
f 1426 1490 1471 
f 1443 1491 1483 
f 1443 1482 1491 
f 1459 1460 1466 
f 1467 1483 1492 
f 1438 1408 1493 
f 1494 1485 1473 
f 1462 1473 1485 
f 1455 1463 1488 
f 1393 1493 1408 
f 1447 1440 1470 
f 1441 1424 1495 
f 1412 1496 1430 
f 1497 1425 1389 
f 1430 1497 1389 
f 1489 1457 1455 
f 1458 1465 1480 
f 1458 1480 1471 
f 1449 1383 1498 
f 1481 1449 1498 
f 1451 1450 1479 
f 1426 1499 1490 
f 1466 1483 1426 
f 1468 1500 1501 
f 1494 1473 1502 
f 1494 1473 1485 
f 1494 1502 1503 
f 1472 1485 1473 
f 1501 1504 1468 
f 1468 1504 1393 
f 1456 1475 1375 
f 1375 1505 1376 
f 430 1476 248 
f 1486 1496 1412 
f 1478 1425 1506 
f 1507 1508 1509 
f 1509 1479 1507 
f 1489 1488 1510 
f 1483 1499 1426 
f 1480 1484 1433 
f 1466 1460 1511 
f 1500 1467 1492 
f 1467 1500 1468 
f 1501 1500 1512 
f 1502 1513 1514 
f 1494 1503 1473 
f 1501 1512 1504 
f 1513 1515 1512 
f 1463 1516 1488 
f 1463 1474 1516 
f 1474 1470 1517 
f 1474 1447 1470 
f 1505 1375 1475 
f 215 214 1518 
f 1376 1519 1476 
f 1495 1448 1520 
f 1477 1520 1448 
f 1457 1520 1477 
f 1425 1497 1506 
f 1471 1490 1383 
f 1481 1498 1521 
f 1483 1491 1499 
f 1522 1523 1509 
f 1507 1509 1508 
f 1479 1509 1507 
f 1491 1482 1524 
f 1525 1524 1482 
f 1521 1482 1481 
f 1483 1466 1511 
f 1492 1483 1511 
f 1460 1445 1526 
f 1500 1492 1524 
f 1526 1445 1438 
f 1527 1528 1513 
f 1503 1502 1473 
f 1512 1529 1504 
f 1512 1515 1529 
f 1530 1475 1484 
f 248 1518 214 
f 1376 1505 1519 
f 1424 1448 1495 
f 1489 1531 1520 
f 1457 1489 1520 
f 1532 1486 1413 
f 1413 1487 1532 
f 1533 1465 1478 
f 1465 1471 1480 
f 1471 1465 1490 
f 1383 1490 1534 
f 1521 1535 1536 
f 1523 1537 1536 
f 1536 1538 1521 
f 1509 1523 1522 
f 1525 1482 1539 
f 1482 1521 1540 
f 1539 1482 1540 
f 1540 1521 1541 
f 1537 1542 1536 
f 1524 1525 1491 
f 1543 1521 1538 
f 1536 1527 1538 
f 1524 1544 1500 
f 1500 1544 1540 
f 1541 1521 1543 
f 1542 1527 1536 
f 1538 1527 1541 
f 1542 1545 1527 
f 1484 1480 1546 
f 1526 1438 1547 
f 1512 1500 1540 
f 1541 1512 1540 
f 1528 1527 1545 
f 1547 1438 1493 
f 1527 1512 1541 
f 1513 1512 1527 
f 1515 1513 1548 
f 1393 1504 1493 
f 1529 1549 1504 
f 1502 1514 1513 
f 1550 1516 1474 
f 1530 1484 1546 
f 1474 1517 1550 
f 245 237 1470 
f 1505 1475 1519 
f 1476 1551 1552 
f 248 1476 1553 
f 1441 1495 1487 
f 1506 1533 1478 
f 1521 1498 1535 
f 1536 1535 1554 
f 1523 1536 1554 
f 1555 1556 1538 
f 1555 1542 1554 
f 1556 1555 1554 
f 1537 1523 1554 
f 1491 1525 1499 
f 1499 1525 1539 
f 1543 1538 1557 
f 1554 1542 1537 
f 1480 1471 1558 
f 1559 1539 1540 
f 1543 1539 1559 
f 1480 1558 1546 
f 1492 1511 1524 
f 1559 1540 1544 
f 1543 1559 1541 
f 1526 1511 1460 
f 1555 1538 1545 
f 1541 1559 1560 
f 1545 1541 1560 
f 1538 1541 1545 
f 1542 1555 1545 
f 1488 1516 1510 
f 1548 1545 1560 
f 1528 1545 1548 
f 1548 1560 1515 
f 1515 1560 1529 
f 1528 1548 1513 
f 1530 1519 1475 
f 215 1518 1464 
f 1476 1519 1551 
f 1486 1561 1496 
f 1497 1430 1496 
f 1531 1489 1510 
f 1535 1556 1554 
f 1490 1558 1471 
f 1543 1557 1539 
f 1524 1511 1544 
f 1562 1547 1493 
f 1493 1504 1562 
f 1549 1562 1504 
f 1550 1563 1510 
f 1516 1550 1510 
f 1564 1519 1530 
f 1517 1470 1565 
f 1565 1470 237 
f 1566 1495 1520 
f 1520 1531 1566 
f 1486 1532 1561 
f 1506 1497 1567 
f 1567 1533 1506 
f 1531 1510 1563 
f 1498 1383 1568 
f 1539 1557 1499 
f 1556 1557 1538 
f 1526 1569 1511 
f 1544 1511 1569 
f 1559 1544 1569 
f 1560 1569 1549 
f 1559 1569 1560 
f 1529 1560 1549 
f 1564 1546 1570 
f 1564 1530 1546 
f 1550 1517 1571 
f 1517 1565 1571 
f 237 1572 1565 
f 213 1420 1572 
f 1572 237 213 
f 226 1464 1419 
f 1519 1564 1551 
f 1552 1551 1573 
f 1495 1566 1574 
f 1495 1574 1487 
f 1575 1465 1533 
f 1490 1465 1575 
f 1383 1534 1568 
f 1576 1558 1490 
f 1499 1576 1490 
f 1556 1577 1557 
f 1569 1547 1562 
f 1526 1547 1569 
f 1549 1569 1562 
f 1571 1563 1550 
f 248 1553 1518 
f 1476 1578 1553 
f 1574 1532 1487 
f 1496 1561 1579 
f 1579 1580 1496 
f 1580 1497 1496 
f 1498 1577 1535 
f 1499 1581 1582 
f 1581 1499 1557 
f 1546 1558 1570 
f 1565 1572 1583 
f 1571 1565 1583 
f 1583 1572 1420 
f 1584 1573 1564 
f 1564 1573 1551 
f 1497 1580 1567 
f 1531 1563 1585 
f 1567 1575 1533 
f 1575 1534 1490 
f 1498 1568 1586 
f 1498 1586 1587 
f 1535 1577 1556 
f 1582 1576 1499 
f 1557 1577 1581 
f 1570 1558 1576 
f 1571 1588 1563 
f 1570 1589 1564 
f 1588 1571 1583 
f 1583 1590 1588 
f 1589 1584 1564 
f 1590 1583 1420 
f 1553 1591 1592 
f 1419 1464 1593 
f 1476 1552 1578 
f 1566 1594 1574 
f 1561 1532 1595 
f 1566 1596 1594 
f 1566 1531 1596 
f 1531 1585 1596 
f 1561 1595 1579 
f 1586 1568 1581 
f 1498 1587 1577 
f 1597 1570 1576 
f 1597 1589 1570 
f 1585 1588 1598 
f 1585 1563 1588 
f 1419 1593 1599 
f 1420 1419 1599 
f 1420 1599 1590 
f 1552 1573 1578 
f 1574 1594 1532 
f 1532 1594 1595 
f 1580 1579 1600 
f 1580 1601 1567 
f 1585 1602 1596 
f 1567 1601 1575 
f 1601 1603 1575 
f 1603 1576 1575 
f 1575 1576 1534 
f 1534 1576 1603 
f 1534 1603 1582 
f 1568 1534 1582 
f 1581 1587 1586 
f 1577 1587 1581 
f 1585 1598 1602 
f 1604 1598 1588 
f 1588 1599 1604 
f 1590 1599 1588 
f 1593 1605 1599 
f 1573 1584 1606 
f 1553 1592 1607 
f 1518 1553 1607 
f 1464 1518 1608 
f 1573 1606 1578 
f 1553 1578 1591 
f 1596 1609 1594 
f 1595 1610 1579 
f 1596 1602 1609 
f 1600 1601 1580 
f 1602 1611 1609 
f 1600 1612 1601 
f 1612 1603 1601 
f 1568 1582 1603 
f 1581 1568 1603 
f 1611 1602 1613 
f 1582 1581 1576 
f 1598 1613 1602 
f 1597 1576 1614 
f 1615 1597 1614 
f 1598 1604 1613 
f 1615 1589 1597 
f 1615 1584 1589 
f 1599 1605 1604 
f 1591 1616 1592 
f 1607 1592 1616 
f 1591 1606 1584 
f 1518 1607 1608 
f 1591 1578 1606 
f 1594 1610 1595 
f 1594 1609 1610 
f 1609 1617 1610 
f 1618 1579 1610 
f 1600 1579 1618 
f 1610 1612 1618 
f 1610 1617 1612 
f 1609 1611 1617 
f 1618 1612 1600 
f 1617 1619 1612 
f 1612 1581 1603 
f 1611 1613 1617 
f 1586 1581 1612 
f 1619 1586 1612 
f 1613 1620 1617 
f 1587 1586 1619 
f 1617 1620 1619 
f 1586 1587 1620 
f 1619 1620 1587 
f 1576 1581 1614 
f 1620 1614 1581 
f 1586 1620 1581 
f 1613 1621 1620 
f 1620 1616 1614 
f 1620 1621 1616 
f 1616 1615 1614 
f 1613 1604 1621 
f 1591 1615 1616 
f 1604 1605 1621 
f 1605 1593 1621 
f 1591 1584 1615 
f 1621 1607 1616 
f 1621 1608 1607 
f 1464 1608 1621 
f 1621 1593 1464 
